user_id,signup_date,country,device,is_subscriber
U_00001,2025-07-01 00:00:00.000000,Saudi Arabia,iOS,0
U_00002,2025-07-01 00:52:33.915391,Qatar,iOS,0
U_00003,2025-07-01 01:45:07.830783,Kuwait,iOS,0
U_00004,2025-07-01 02:37:41.746174,Saudi Arabia,Andriod,0
U_00005,2025-07-01 03:30:15.661566,Saudi Arabia,Andriod,0
U_00006,2025-07-01 04:22:49.576957,Saudi Arabia,Andriod,0
U_00007,2025-07-01 05:15:23.492349,Saudi Arabia,iOS,1
U_00008,2025-07-01 06:07:57.407740,UAE,Andriod,0
U_00009,2025-07-01 07:00:31.323132,Saudi Arabia,Andriod,0
U_00010,2025-07-01 07:53:05.238523,Kuwait,Andriod,0
U_00011,2025-07-01 08:45:39.153915,Saudi Arabia,Andriod,0
U_00012,2025-07-01 09:38:13.069306,Qatar,Andriod,0
U_00013,2025-07-01 10:30:46.984698,UAE,Web,0
U_00014,2025-07-01 11:23:20.900090,Saudi Arabia,iOS,0
U_00015,2025-07-01 12:15:54.815481,Saudi Arabia,Andriod,0
U_00016,2025-07-01 13:08:28.730873,Saudi Arabia,iOS,1
U_00017,2025-07-01 14:01:02.646264,Saudi Arabia,iOS,0
U_00018,2025-07-01 14:53:36.561656,Saudi Arabia,iOS,1
U_00019,2025-07-01 15:46:10.477047,Saudi Arabia,iOS,0
U_00020,2025-07-01 16:38:44.392439,Saudi Arabia,iOS,0
U_00021,2025-07-01 17:31:18.307830,Saudi Arabia,iOS,0
U_00022,2025-07-01 18:23:52.223222,Saudi Arabia,iOS,0
U_00023,2025-07-01 19:16:26.138613,Saudi Arabia,Web,0
U_00024,2025-07-01 20:09:00.054005,Saudi Arabia,iOS,0
U_00025,2025-07-01 21:01:33.969396,Saudi Arabia,Andriod,0
U_00026,2025-07-01 21:54:07.884788,Kuwait,iOS,0
U_00027,2025-07-01 22:46:41.800180,Saudi Arabia,Web,0
U_00028,2025-07-01 23:39:15.715571,Saudi Arabia,Andriod,0
U_00029,2025-07-02 00:31:49.630963,Saudi Arabia,Andriod,0
U_00030,2025-07-02 01:24:23.546354,Saudi Arabia,Andriod,0
U_00031,2025-07-02 02:16:57.461746,Saudi Arabia,iOS,0
U_00032,2025-07-02 03:09:31.377137,Saudi Arabia,Web,0
U_00033,2025-07-02 04:02:05.292529,Saudi Arabia,Andriod,0
U_00034,2025-07-02 04:54:39.207920,Qatar,Andriod,0
U_00035,2025-07-02 05:47:13.123312,Qatar,Andriod,0
U_00036,2025-07-02 06:39:47.038703,UAE,iOS,0
U_00037,2025-07-02 07:32:20.954095,Saudi Arabia,Andriod,0
U_00038,2025-07-02 08:24:54.869486,Saudi Arabia,iOS,0
U_00039,2025-07-02 09:17:28.784878,Saudi Arabia,Andriod,1
U_00040,2025-07-02 10:10:02.700270,Saudi Arabia,iOS,0
U_00041,2025-07-02 11:02:36.615661,Saudi Arabia,Web,0
U_00042,2025-07-02 11:55:10.531053,Saudi Arabia,iOS,0
U_00043,2025-07-02 12:47:44.446444,Saudi Arabia,iOS,0
U_00044,2025-07-02 13:40:18.361836,Bahrain,Andriod,0
U_00045,2025-07-02 14:32:52.277227,Saudi Arabia,Andriod,0
U_00046,2025-07-02 15:25:26.192619,Saudi Arabia,Andriod,0
U_00047,2025-07-02 16:18:00.108010,Saudi Arabia,iOS,0
U_00048,2025-07-02 17:10:34.023402,Saudi Arabia,iOS,0
U_00049,2025-07-02 18:03:07.938793,Saudi Arabia,Andriod,0
U_00050,2025-07-02 18:55:41.854185,Saudi Arabia,Web,1
U_00051,2025-07-02 19:48:15.769576,Qatar,Andriod,0
U_00052,2025-07-02 20:40:49.684968,Kuwait,Andriod,0
U_00053,2025-07-02 21:33:23.600360,Qatar,Web,0
U_00054,2025-07-02 22:25:57.515751,Bahrain,Andriod,0
U_00055,2025-07-02 23:18:31.431143,Saudi Arabia,Andriod,0
U_00056,2025-07-03 00:11:05.346534,Bahrain,Andriod,1
U_00057,2025-07-03 01:03:39.261926,Saudi Arabia,Andriod,0
U_00058,2025-07-03 01:56:13.177317,Saudi Arabia,Andriod,0
U_00059,2025-07-03 02:48:47.092709,Saudi Arabia,Andriod,1
U_00060,2025-07-03 03:41:21.008100,Saudi Arabia,iOS,0
U_00061,2025-07-03 04:33:54.923492,Saudi Arabia,iOS,0
U_00062,2025-07-03 05:26:28.838883,Saudi Arabia,iOS,0
U_00063,2025-07-03 06:19:02.754275,UAE,Andriod,0
U_00064,2025-07-03 07:11:36.669666,Saudi Arabia,iOS,0
U_00065,2025-07-03 08:04:10.585058,Saudi Arabia,iOS,1
U_00066,2025-07-03 08:56:44.500450,Saudi Arabia,Andriod,0
U_00067,2025-07-03 09:49:18.415841,Saudi Arabia,Andriod,0
U_00068,2025-07-03 10:41:52.331233,UAE,Andriod,0
U_00069,2025-07-03 11:34:26.246624,Saudi Arabia,Andriod,0
U_00070,2025-07-03 12:27:00.162016,Other,Andriod,0
U_00071,2025-07-03 13:19:34.077407,Kuwait,Web,0
U_00072,2025-07-03 14:12:07.992799,Saudi Arabia,Andriod,0
U_00073,2025-07-03 15:04:41.908190,Saudi Arabia,Andriod,0
U_00074,2025-07-03 15:57:15.823582,UAE,iOS,0
U_00075,2025-07-03 16:49:49.738973,Kuwait,Web,0
U_00076,2025-07-03 17:42:23.654365,Kuwait,iOS,0
U_00077,2025-07-03 18:34:57.569756,Kuwait,iOS,0
U_00078,2025-07-03 19:27:31.485148,Saudi Arabia,Andriod,0
U_00079,2025-07-03 20:20:05.400540,Saudi Arabia,iOS,0
U_00080,2025-07-03 21:12:39.315931,Saudi Arabia,Web,0
U_00081,2025-07-03 22:05:13.231323,UAE,Andriod,0
U_00082,2025-07-03 22:57:47.146714,Saudi Arabia,Andriod,0
U_00083,2025-07-03 23:50:21.062106,Saudi Arabia,Andriod,0
U_00084,2025-07-04 00:42:54.977497,Saudi Arabia,Andriod,0
U_00085,2025-07-04 01:35:28.892889,Saudi Arabia,iOS,0
U_00086,2025-07-04 02:28:02.808280,Saudi Arabia,Andriod,0
U_00087,2025-07-04 03:20:36.723672,Kuwait,Andriod,0
U_00088,2025-07-04 04:13:10.639063,Saudi Arabia,Andriod,0
U_00089,2025-07-04 05:05:44.554455,Bahrain,Andriod,0
U_00090,2025-07-04 05:58:18.469846,Saudi Arabia,iOS,0
U_00091,2025-07-04 06:50:52.385238,Saudi Arabia,iOS,0
U_00092,2025-07-04 07:43:26.300630,Kuwait,iOS,0
U_00093,2025-07-04 08:36:00.216021,Kuwait,iOS,0
U_00094,2025-07-04 09:28:34.131413,Saudi Arabia,Andriod,0
U_00095,2025-07-04 10:21:08.046804,Kuwait,Andriod,0
U_00096,2025-07-04 11:13:41.962196,Saudi Arabia,iOS,0
U_00097,2025-07-04 12:06:15.877587,Saudi Arabia,Andriod,0
U_00098,2025-07-04 12:58:49.792979,Saudi Arabia,Andriod,0
U_00099,2025-07-04 13:51:23.708370,Saudi Arabia,iOS,1
U_00100,2025-07-04 14:43:57.623762,Saudi Arabia,iOS,0
U_00101,2025-07-04 15:36:31.539153,Saudi Arabia,Web,1
U_00102,2025-07-04 16:29:05.454545,Saudi Arabia,Andriod,0
U_00103,2025-07-04 17:21:39.369936,Saudi Arabia,Web,0
U_00104,2025-07-04 18:14:13.285328,Saudi Arabia,iOS,0
U_00105,2025-07-04 19:06:47.200720,Bahrain,Andriod,0
U_00106,2025-07-04 19:59:21.116111,Saudi Arabia,iOS,0
U_00107,2025-07-04 20:51:55.031503,Saudi Arabia,iOS,1
U_00108,2025-07-04 21:44:28.946894,Kuwait,Andriod,0
U_00109,2025-07-04 22:37:02.862286,Saudi Arabia,iOS,0
U_00110,2025-07-04 23:29:36.777677,Saudi Arabia,iOS,0
U_00111,2025-07-05 00:22:10.693069,Saudi Arabia,iOS,1
U_00112,2025-07-05 01:14:44.608460,Saudi Arabia,iOS,0
U_00113,2025-07-05 02:07:18.523852,Bahrain,Andriod,0
U_00114,2025-07-05 02:59:52.439243,UAE,Andriod,0
U_00115,2025-07-05 03:52:26.354635,Saudi Arabia,iOS,0
U_00116,2025-07-05 04:45:00.270027,UAE,iOS,0
U_00117,2025-07-05 05:37:34.185418,UAE,iOS,0
U_00118,2025-07-05 06:30:08.100810,Saudi Arabia,Andriod,0
U_00119,2025-07-05 07:22:42.016201,Bahrain,iOS,0
U_00120,2025-07-05 08:15:15.931593,Saudi Arabia,Andriod,0
U_00121,2025-07-05 09:07:49.846984,UAE,iOS,0
U_00122,2025-07-05 10:00:23.762376,Bahrain,iOS,1
U_00123,2025-07-05 10:52:57.677767,Saudi Arabia,Andriod,1
U_00124,2025-07-05 11:45:31.593159,Saudi Arabia,Andriod,0
U_00125,2025-07-05 12:38:05.508550,Saudi Arabia,iOS,0
U_00126,2025-07-05 13:30:39.423942,Saudi Arabia,Andriod,0
U_00127,2025-07-05 14:23:13.339333,UAE,Andriod,0
U_00128,2025-07-05 15:15:47.254725,UAE,Andriod,0
U_00129,2025-07-05 16:08:21.170117,Saudi Arabia,Andriod,0
U_00130,2025-07-05 17:00:55.085508,Saudi Arabia,Andriod,0
U_00131,2025-07-05 17:53:29.000900,Saudi Arabia,Web,0
U_00132,2025-07-05 18:46:02.916291,Saudi Arabia,iOS,0
U_00133,2025-07-05 19:38:36.831683,Saudi Arabia,Andriod,0
U_00134,2025-07-05 20:31:10.747074,Saudi Arabia,Andriod,0
U_00135,2025-07-05 21:23:44.662466,Qatar,iOS,0
U_00136,2025-07-05 22:16:18.577857,Saudi Arabia,iOS,0
U_00137,2025-07-05 23:08:52.493249,Saudi Arabia,iOS,0
U_00138,2025-07-06 00:01:26.408640,Kuwait,Andriod,0
U_00139,2025-07-06 00:54:00.324032,Saudi Arabia,Andriod,0
U_00140,2025-07-06 01:46:34.239423,Qatar,Andriod,0
U_00141,2025-07-06 02:39:08.154815,Qatar,iOS,0
U_00142,2025-07-06 03:31:42.070207,Saudi Arabia,Andriod,0
U_00143,2025-07-06 04:24:15.985598,Saudi Arabia,Web,0
U_00144,2025-07-06 05:16:49.900990,Saudi Arabia,iOS,0
U_00145,2025-07-06 06:09:23.816381,Saudi Arabia,Andriod,0
U_00146,2025-07-06 07:01:57.731773,Saudi Arabia,Andriod,0
U_00147,2025-07-06 07:54:31.647164,Saudi Arabia,Andriod,1
U_00148,2025-07-06 08:47:05.562556,Saudi Arabia,Andriod,0
U_00149,2025-07-06 09:39:39.477947,Saudi Arabia,Andriod,0
U_00150,2025-07-06 10:32:13.393339,Saudi Arabia,iOS,1
U_00151,2025-07-06 11:24:47.308730,Bahrain,Andriod,0
U_00152,2025-07-06 12:17:21.224122,Saudi Arabia,iOS,0
U_00153,2025-07-06 13:09:55.139513,Saudi Arabia,iOS,0
U_00154,2025-07-06 14:02:29.054905,Saudi Arabia,iOS,0
U_00155,2025-07-06 14:55:02.970297,Other,Andriod,0
U_00156,2025-07-06 15:47:36.885688,Saudi Arabia,Andriod,0
U_00157,2025-07-06 16:40:10.801080,Saudi Arabia,iOS,0
U_00158,2025-07-06 17:32:44.716471,Kuwait,iOS,0
U_00159,2025-07-06 18:25:18.631863,Saudi Arabia,Web,0
U_00160,2025-07-06 19:17:52.547254,Kuwait,Andriod,0
U_00161,2025-07-06 20:10:26.462646,Saudi Arabia,Andriod,0
U_00162,2025-07-06 21:03:00.378037,Saudi Arabia,Andriod,1
U_00163,2025-07-06 21:55:34.293429,Saudi Arabia,Andriod,0
U_00164,2025-07-06 22:48:08.208820,Saudi Arabia,iOS,0
U_00165,2025-07-06 23:40:42.124212,Saudi Arabia,Web,0
U_00166,2025-07-07 00:33:16.039603,UAE,iOS,0
U_00167,2025-07-07 01:25:49.954995,Saudi Arabia,Andriod,0
U_00168,2025-07-07 02:18:23.870387,Saudi Arabia,iOS,0
U_00169,2025-07-07 03:10:57.785778,Saudi Arabia,Andriod,0
U_00170,2025-07-07 04:03:31.701170,Saudi Arabia,Andriod,0
U_00171,2025-07-07 04:56:05.616561,Saudi Arabia,Andriod,1
U_00172,2025-07-07 05:48:39.531953,Saudi Arabia,iOS,0
U_00173,2025-07-07 06:41:13.447344,Saudi Arabia,Andriod,0
U_00174,2025-07-07 07:33:47.362736,Saudi Arabia,iOS,0
U_00175,2025-07-07 08:26:21.278127,Saudi Arabia,iOS,0
U_00176,2025-07-07 09:18:55.193519,Saudi Arabia,iOS,0
U_00177,2025-07-07 10:11:29.108910,Saudi Arabia,Andriod,0
U_00178,2025-07-07 11:04:03.024302,Saudi Arabia,Andriod,0
U_00179,2025-07-07 11:56:36.939693,Qatar,Andriod,0
U_00180,2025-07-07 12:49:10.855085,Saudi Arabia,Andriod,0
U_00181,2025-07-07 13:41:44.770477,Saudi Arabia,Andriod,1
U_00182,2025-07-07 14:34:18.685868,Saudi Arabia,Andriod,0
U_00183,2025-07-07 15:26:52.601260,Bahrain,iOS,1
U_00184,2025-07-07 16:19:26.516651,UAE,iOS,1
U_00185,2025-07-07 17:12:00.432043,Saudi Arabia,Andriod,0
U_00186,2025-07-07 18:04:34.347434,Saudi Arabia,Andriod,0
U_00187,2025-07-07 18:57:08.262826,UAE,Andriod,0
U_00188,2025-07-07 19:49:42.178217,Saudi Arabia,Andriod,0
U_00189,2025-07-07 20:42:16.093609,Saudi Arabia,iOS,0
U_00190,2025-07-07 21:34:50.009000,Saudi Arabia,iOS,0
U_00191,2025-07-07 22:27:23.924392,Saudi Arabia,Andriod,0
U_00192,2025-07-07 23:19:57.839783,Bahrain,iOS,0
U_00193,2025-07-08 00:12:31.755175,Bahrain,iOS,0
U_00194,2025-07-08 01:05:05.670567,Saudi Arabia,Andriod,0
U_00195,2025-07-08 01:57:39.585958,Saudi Arabia,iOS,0
U_00196,2025-07-08 02:50:13.501350,Saudi Arabia,Web,0
U_00197,2025-07-08 03:42:47.416741,Kuwait,Andriod,0
U_00198,2025-07-08 04:35:21.332133,Bahrain,Andriod,0
U_00199,2025-07-08 05:27:55.247524,Bahrain,iOS,0
U_00200,2025-07-08 06:20:29.162916,Kuwait,iOS,1
U_00201,2025-07-08 07:13:03.078307,Saudi Arabia,Andriod,0
U_00202,2025-07-08 08:05:36.993699,Saudi Arabia,iOS,0
U_00203,2025-07-08 08:58:10.909090,Saudi Arabia,iOS,0
U_00204,2025-07-08 09:50:44.824482,Bahrain,iOS,0
U_00205,2025-07-08 10:43:18.739873,Saudi Arabia,iOS,0
U_00206,2025-07-08 11:35:52.655265,Saudi Arabia,iOS,0
U_00207,2025-07-08 12:28:26.570657,Saudi Arabia,Andriod,0
U_00208,2025-07-08 13:21:00.486048,Saudi Arabia,iOS,0
U_00209,2025-07-08 14:13:34.401440,Saudi Arabia,iOS,0
U_00210,2025-07-08 15:06:08.316831,Saudi Arabia,Andriod,0
U_00211,2025-07-08 15:58:42.232223,Saudi Arabia,Web,0
U_00212,2025-07-08 16:51:16.147614,Saudi Arabia,iOS,0
U_00213,2025-07-08 17:43:50.063006,Saudi Arabia,iOS,0
U_00214,2025-07-08 18:36:23.978397,Saudi Arabia,Andriod,0
U_00215,2025-07-08 19:28:57.893789,Kuwait,Web,0
U_00216,2025-07-08 20:21:31.809180,Saudi Arabia,Andriod,0
U_00217,2025-07-08 21:14:05.724572,Saudi Arabia,Andriod,0
U_00218,2025-07-08 22:06:39.639963,Kuwait,iOS,0
U_00219,2025-07-08 22:59:13.555355,Saudi Arabia,Andriod,0
U_00220,2025-07-08 23:51:47.470747,UAE,iOS,1
U_00221,2025-07-09 00:44:21.386138,Saudi Arabia,Andriod,0
U_00222,2025-07-09 01:36:55.301530,Saudi Arabia,Andriod,0
U_00223,2025-07-09 02:29:29.216921,Saudi Arabia,Web,0
U_00224,2025-07-09 03:22:03.132313,Saudi Arabia,iOS,0
U_00225,2025-07-09 04:14:37.047704,Saudi Arabia,iOS,0
U_00226,2025-07-09 05:07:10.963096,Saudi Arabia,Andriod,0
U_00227,2025-07-09 05:59:44.878487,Qatar,Andriod,0
U_00228,2025-07-09 06:52:18.793879,Saudi Arabia,Andriod,0
U_00229,2025-07-09 07:44:52.709270,Bahrain,iOS,0
U_00230,2025-07-09 08:37:26.624662,Saudi Arabia,iOS,1
U_00231,2025-07-09 09:30:00.540054,Kuwait,Andriod,0
U_00232,2025-07-09 10:22:34.455445,Saudi Arabia,iOS,0
U_00233,2025-07-09 11:15:08.370837,Saudi Arabia,Andriod,0
U_00234,2025-07-09 12:07:42.286228,Saudi Arabia,Andriod,0
U_00235,2025-07-09 13:00:16.201620,Saudi Arabia,Andriod,0
U_00236,2025-07-09 13:52:50.117011,Kuwait,Andriod,0
U_00237,2025-07-09 14:45:24.032403,Saudi Arabia,Andriod,0
U_00238,2025-07-09 15:37:57.947794,Saudi Arabia,iOS,0
U_00239,2025-07-09 16:30:31.863186,Saudi Arabia,Andriod,0
U_00240,2025-07-09 17:23:05.778577,Saudi Arabia,iOS,0
U_00241,2025-07-09 18:15:39.693969,Qatar,Andriod,0
U_00242,2025-07-09 19:08:13.609360,Qatar,iOS,0
U_00243,2025-07-09 20:00:47.524752,Bahrain,Andriod,1
U_00244,2025-07-09 20:53:21.440144,Saudi Arabia,iOS,0
U_00245,2025-07-09 21:45:55.355535,Saudi Arabia,iOS,0
U_00246,2025-07-09 22:38:29.270927,Bahrain,Web,0
U_00247,2025-07-09 23:31:03.186318,Saudi Arabia,iOS,0
U_00248,2025-07-10 00:23:37.101710,Qatar,Andriod,0
U_00249,2025-07-10 01:16:11.017101,Qatar,Web,0
U_00250,2025-07-10 02:08:44.932493,UAE,iOS,0
U_00251,2025-07-10 03:01:18.847884,Saudi Arabia,Andriod,0
U_00252,2025-07-10 03:53:52.763276,Saudi Arabia,iOS,0
U_00253,2025-07-10 04:46:26.678667,UAE,iOS,0
U_00254,2025-07-10 05:39:00.594059,Saudi Arabia,Andriod,0
U_00255,2025-07-10 06:31:34.509450,Saudi Arabia,Web,0
U_00256,2025-07-10 07:24:08.424842,Saudi Arabia,iOS,0
U_00257,2025-07-10 08:16:42.340234,Qatar,Andriod,0
U_00258,2025-07-10 09:09:16.255625,Saudi Arabia,Andriod,1
U_00259,2025-07-10 10:01:50.171017,Saudi Arabia,Andriod,0
U_00260,2025-07-10 10:54:24.086408,Saudi Arabia,iOS,0
U_00261,2025-07-10 11:46:58.001800,Saudi Arabia,Andriod,0
U_00262,2025-07-10 12:39:31.917191,Other,Andriod,0
U_00263,2025-07-10 13:32:05.832583,Saudi Arabia,Andriod,0
U_00264,2025-07-10 14:24:39.747974,Saudi Arabia,Web,1
U_00265,2025-07-10 15:17:13.663366,UAE,Andriod,0
U_00266,2025-07-10 16:09:47.578757,Kuwait,iOS,0
U_00267,2025-07-10 17:02:21.494149,Saudi Arabia,Andriod,0
U_00268,2025-07-10 17:54:55.409540,Kuwait,iOS,0
U_00269,2025-07-10 18:47:29.324932,Saudi Arabia,iOS,0
U_00270,2025-07-10 19:40:03.240324,Saudi Arabia,Andriod,0
U_00271,2025-07-10 20:32:37.155715,UAE,iOS,0
U_00272,2025-07-10 21:25:11.071107,UAE,Andriod,0
U_00273,2025-07-10 22:17:44.986498,UAE,Web,0
U_00274,2025-07-10 23:10:18.901890,Bahrain,iOS,1
U_00275,2025-07-11 00:02:52.817281,Saudi Arabia,Web,0
U_00276,2025-07-11 00:55:26.732673,Saudi Arabia,Andriod,0
U_00277,2025-07-11 01:48:00.648064,Kuwait,Andriod,0
U_00278,2025-07-11 02:40:34.563456,Saudi Arabia,Andriod,0
U_00279,2025-07-11 03:33:08.478847,Kuwait,iOS,0
U_00280,2025-07-11 04:25:42.394239,Kuwait,Andriod,0
U_00281,2025-07-11 05:18:16.309630,Bahrain,Andriod,0
U_00282,2025-07-11 06:10:50.225022,Saudi Arabia,iOS,1
U_00283,2025-07-11 07:03:24.140414,Saudi Arabia,Web,0
U_00284,2025-07-11 07:55:58.055805,Saudi Arabia,Andriod,0
U_00285,2025-07-11 08:48:31.971197,Saudi Arabia,iOS,0
U_00286,2025-07-11 09:41:05.886588,Saudi Arabia,iOS,0
U_00287,2025-07-11 10:33:39.801980,Saudi Arabia,Andriod,1
U_00288,2025-07-11 11:26:13.717371,Saudi Arabia,iOS,0
U_00289,2025-07-11 12:18:47.632763,Saudi Arabia,Andriod,0
U_00290,2025-07-11 13:11:21.548154,Saudi Arabia,iOS,0
U_00291,2025-07-11 14:03:55.463546,Saudi Arabia,Andriod,0
U_00292,2025-07-11 14:56:29.378937,Saudi Arabia,iOS,0
U_00293,2025-07-11 15:49:03.294329,UAE,iOS,0
U_00294,2025-07-11 16:41:37.209720,Saudi Arabia,Andriod,1
U_00295,2025-07-11 17:34:11.125112,Saudi Arabia,Andriod,0
U_00296,2025-07-11 18:26:45.040504,Saudi Arabia,Web,0
U_00297,2025-07-11 19:19:18.955895,Kuwait,Andriod,0
U_00298,2025-07-11 20:11:52.871287,Saudi Arabia,iOS,0
U_00299,2025-07-11 21:04:26.786678,Saudi Arabia,iOS,0
U_00300,2025-07-11 21:57:00.702070,Saudi Arabia,Andriod,0
U_00301,2025-07-11 22:49:34.617461,Saudi Arabia,Web,0
U_00302,2025-07-11 23:42:08.532853,Saudi Arabia,Andriod,0
U_00303,2025-07-12 00:34:42.448244,Saudi Arabia,iOS,0
U_00304,2025-07-12 01:27:16.363636,Saudi Arabia,Web,0
U_00305,2025-07-12 02:19:50.279027,Kuwait,iOS,0
U_00306,2025-07-12 03:12:24.194419,Qatar,Andriod,0
U_00307,2025-07-12 04:04:58.109810,Saudi Arabia,Web,0
U_00308,2025-07-12 04:57:32.025202,Saudi Arabia,iOS,0
U_00309,2025-07-12 05:50:05.940594,Kuwait,Web,0
U_00310,2025-07-12 06:42:39.855985,Saudi Arabia,iOS,0
U_00311,2025-07-12 07:35:13.771377,Saudi Arabia,Web,0
U_00312,2025-07-12 08:27:47.686768,Saudi Arabia,iOS,0
U_00313,2025-07-12 09:20:21.602160,Saudi Arabia,Web,0
U_00314,2025-07-12 10:12:55.517551,Qatar,iOS,1
U_00315,2025-07-12 11:05:29.432943,UAE,Andriod,0
U_00316,2025-07-12 11:58:03.348334,Saudi Arabia,Andriod,0
U_00317,2025-07-12 12:50:37.263726,Saudi Arabia,Andriod,0
U_00318,2025-07-12 13:43:11.179117,Saudi Arabia,iOS,0
U_00319,2025-07-12 14:35:45.094509,Saudi Arabia,Andriod,0
U_00320,2025-07-12 15:28:19.009900,Saudi Arabia,iOS,1
U_00321,2025-07-12 16:20:52.925292,Saudi Arabia,Andriod,0
U_00322,2025-07-12 17:13:26.840684,Kuwait,iOS,0
U_00323,2025-07-12 18:06:00.756075,Saudi Arabia,Web,0
U_00324,2025-07-12 18:58:34.671467,Saudi Arabia,iOS,1
U_00325,2025-07-12 19:51:08.586858,Qatar,iOS,0
U_00326,2025-07-12 20:43:42.502250,Kuwait,iOS,0
U_00327,2025-07-12 21:36:16.417641,Saudi Arabia,Andriod,0
U_00328,2025-07-12 22:28:50.333033,Saudi Arabia,iOS,0
U_00329,2025-07-12 23:21:24.248424,Saudi Arabia,Andriod,0
U_00330,2025-07-13 00:13:58.163816,Saudi Arabia,Andriod,0
U_00331,2025-07-13 01:06:32.079207,Saudi Arabia,Andriod,0
U_00332,2025-07-13 01:59:05.994599,Kuwait,Andriod,0
U_00333,2025-07-13 02:51:39.909990,Saudi Arabia,iOS,0
U_00334,2025-07-13 03:44:13.825382,Saudi Arabia,Andriod,0
U_00335,2025-07-13 04:36:47.740774,Saudi Arabia,iOS,0
U_00336,2025-07-13 05:29:21.656165,Saudi Arabia,Andriod,0
U_00337,2025-07-13 06:21:55.571557,UAE,iOS,0
U_00338,2025-07-13 07:14:29.486948,Kuwait,Andriod,0
U_00339,2025-07-13 08:07:03.402340,Saudi Arabia,iOS,0
U_00340,2025-07-13 08:59:37.317731,Saudi Arabia,Andriod,1
U_00341,2025-07-13 09:52:11.233123,Saudi Arabia,iOS,1
U_00342,2025-07-13 10:44:45.148514,Saudi Arabia,Andriod,0
U_00343,2025-07-13 11:37:19.063906,Saudi Arabia,iOS,0
U_00344,2025-07-13 12:29:52.979297,Saudi Arabia,Andriod,0
U_00345,2025-07-13 13:22:26.894689,Saudi Arabia,Web,0
U_00346,2025-07-13 14:15:00.810081,Saudi Arabia,Andriod,0
U_00347,2025-07-13 15:07:34.725472,Saudi Arabia,Andriod,0
U_00348,2025-07-13 16:00:08.640864,Saudi Arabia,Web,0
U_00349,2025-07-13 16:52:42.556255,Saudi Arabia,Andriod,1
U_00350,2025-07-13 17:45:16.471647,Saudi Arabia,Andriod,0
U_00351,2025-07-13 18:37:50.387038,Saudi Arabia,Andriod,0
U_00352,2025-07-13 19:30:24.302430,UAE,Andriod,0
U_00353,2025-07-13 20:22:58.217821,Saudi Arabia,iOS,0
U_00354,2025-07-13 21:15:32.133213,Saudi Arabia,Andriod,0
U_00355,2025-07-13 22:08:06.048604,Saudi Arabia,Andriod,1
U_00356,2025-07-13 23:00:39.963996,Saudi Arabia,iOS,0
U_00357,2025-07-13 23:53:13.879387,Saudi Arabia,Andriod,0
U_00358,2025-07-14 00:45:47.794779,Saudi Arabia,iOS,0
U_00359,2025-07-14 01:38:21.710171,Qatar,iOS,0
U_00360,2025-07-14 02:30:55.625562,Saudi Arabia,Andriod,0
U_00361,2025-07-14 03:23:29.540954,Saudi Arabia,Andriod,1
U_00362,2025-07-14 04:16:03.456345,Saudi Arabia,Andriod,0
U_00363,2025-07-14 05:08:37.371737,Saudi Arabia,Web,0
U_00364,2025-07-14 06:01:11.287128,Saudi Arabia,Andriod,1
U_00365,2025-07-14 06:53:45.202520,Qatar,iOS,0
U_00366,2025-07-14 07:46:19.117911,Saudi Arabia,iOS,0
U_00367,2025-07-14 08:38:53.033303,Qatar,Andriod,1
U_00368,2025-07-14 09:31:26.948694,Bahrain,iOS,0
U_00369,2025-07-14 10:24:00.864086,Saudi Arabia,Andriod,0
U_00370,2025-07-14 11:16:34.779477,Saudi Arabia,Andriod,0
U_00371,2025-07-14 12:09:08.694869,Saudi Arabia,iOS,0
U_00372,2025-07-14 13:01:42.610261,Saudi Arabia,Web,0
U_00373,2025-07-14 13:54:16.525652,Saudi Arabia,Andriod,0
U_00374,2025-07-14 14:46:50.441044,Saudi Arabia,Andriod,0
U_00375,2025-07-14 15:39:24.356435,Saudi Arabia,Web,0
U_00376,2025-07-14 16:31:58.271827,Saudi Arabia,Andriod,0
U_00377,2025-07-14 17:24:32.187218,UAE,iOS,0
U_00378,2025-07-14 18:17:06.102610,Saudi Arabia,Andriod,0
U_00379,2025-07-14 19:09:40.018001,UAE,Andriod,0
U_00380,2025-07-14 20:02:13.933393,Saudi Arabia,Andriod,0
U_00381,2025-07-14 20:54:47.848784,Saudi Arabia,Andriod,0
U_00382,2025-07-14 21:47:21.764176,Saudi Arabia,Andriod,0
U_00383,2025-07-14 22:39:55.679567,Saudi Arabia,iOS,0
U_00384,2025-07-14 23:32:29.594959,UAE,Andriod,0
U_00385,2025-07-15 00:25:03.510351,Kuwait,Andriod,0
U_00386,2025-07-15 01:17:37.425742,UAE,iOS,0
U_00387,2025-07-15 02:10:11.341134,Saudi Arabia,iOS,1
U_00388,2025-07-15 03:02:45.256525,Saudi Arabia,Web,0
U_00389,2025-07-15 03:55:19.171917,Kuwait,Andriod,1
U_00390,2025-07-15 04:47:53.087308,UAE,Andriod,0
U_00391,2025-07-15 05:40:27.002700,Other,Andriod,0
U_00392,2025-07-15 06:33:00.918091,Saudi Arabia,Andriod,0
U_00393,2025-07-15 07:25:34.833483,Saudi Arabia,Andriod,0
U_00394,2025-07-15 08:18:08.748874,Kuwait,Andriod,0
U_00395,2025-07-15 09:10:42.664266,Saudi Arabia,iOS,0
U_00396,2025-07-15 10:03:16.579657,Qatar,Andriod,0
U_00397,2025-07-15 10:55:50.495049,UAE,Andriod,0
U_00398,2025-07-15 11:48:24.410441,Saudi Arabia,Andriod,0
U_00399,2025-07-15 12:40:58.325832,Kuwait,Andriod,0
U_00400,2025-07-15 13:33:32.241224,Kuwait,Andriod,0
U_00401,2025-07-15 14:26:06.156615,Saudi Arabia,iOS,0
U_00402,2025-07-15 15:18:40.072007,Bahrain,iOS,0
U_00403,2025-07-15 16:11:13.987398,Saudi Arabia,iOS,1
U_00404,2025-07-15 17:03:47.902790,UAE,iOS,0
U_00405,2025-07-15 17:56:21.818181,Saudi Arabia,Web,0
U_00406,2025-07-15 18:48:55.733573,Bahrain,iOS,0
U_00407,2025-07-15 19:41:29.648964,Saudi Arabia,iOS,1
U_00408,2025-07-15 20:34:03.564356,Saudi Arabia,Andriod,0
U_00409,2025-07-15 21:26:37.479747,Bahrain,Andriod,0
U_00410,2025-07-15 22:19:11.395139,Saudi Arabia,iOS,0
U_00411,2025-07-15 23:11:45.310531,Saudi Arabia,Andriod,0
U_00412,2025-07-16 00:04:19.225922,Qatar,Andriod,0
U_00413,2025-07-16 00:56:53.141314,Qatar,iOS,0
U_00414,2025-07-16 01:49:27.056705,Saudi Arabia,iOS,0
U_00415,2025-07-16 02:42:00.972097,Saudi Arabia,Web,0
U_00416,2025-07-16 03:34:34.887488,Saudi Arabia,Andriod,0
U_00417,2025-07-16 04:27:08.802880,Saudi Arabia,Andriod,0
U_00418,2025-07-16 05:19:42.718271,Saudi Arabia,iOS,1
U_00419,2025-07-16 06:12:16.633663,Saudi Arabia,Andriod,1
U_00420,2025-07-16 07:04:50.549054,Kuwait,Andriod,0
U_00421,2025-07-16 07:57:24.464446,Kuwait,iOS,0
U_00422,2025-07-16 08:49:58.379837,Kuwait,Andriod,0
U_00423,2025-07-16 09:42:32.295229,Saudi Arabia,Andriod,0
U_00424,2025-07-16 10:35:06.210621,Saudi Arabia,iOS,0
U_00425,2025-07-16 11:27:40.126012,Saudi Arabia,Andriod,1
U_00426,2025-07-16 12:20:14.041404,Saudi Arabia,Andriod,0
U_00427,2025-07-16 13:12:47.956795,Saudi Arabia,iOS,0
U_00428,2025-07-16 14:05:21.872187,Bahrain,Andriod,0
U_00429,2025-07-16 14:57:55.787578,Saudi Arabia,iOS,0
U_00430,2025-07-16 15:50:29.702970,Saudi Arabia,Andriod,0
U_00431,2025-07-16 16:43:03.618361,Saudi Arabia,iOS,1
U_00432,2025-07-16 17:35:37.533753,Kuwait,iOS,0
U_00433,2025-07-16 18:28:11.449144,Saudi Arabia,Andriod,0
U_00434,2025-07-16 19:20:45.364536,Saudi Arabia,Andriod,0
U_00435,2025-07-16 20:13:19.279927,Saudi Arabia,Web,0
U_00436,2025-07-16 21:05:53.195319,Kuwait,iOS,0
U_00437,2025-07-16 21:58:27.110711,Saudi Arabia,iOS,0
U_00438,2025-07-16 22:51:01.026102,UAE,Andriod,0
U_00439,2025-07-16 23:43:34.941494,Kuwait,Andriod,0
U_00440,2025-07-17 00:36:08.856885,Saudi Arabia,iOS,0
U_00441,2025-07-17 01:28:42.772277,Saudi Arabia,Andriod,0
U_00442,2025-07-17 02:21:16.687668,Other,Andriod,0
U_00443,2025-07-17 03:13:50.603060,Saudi Arabia,Andriod,0
U_00444,2025-07-17 04:06:24.518451,Saudi Arabia,Web,0
U_00445,2025-07-17 04:58:58.433843,UAE,iOS,0
U_00446,2025-07-17 05:51:32.349234,Qatar,Andriod,0
U_00447,2025-07-17 06:44:06.264626,Other,iOS,0
U_00448,2025-07-17 07:36:40.180018,Kuwait,Andriod,0
U_00449,2025-07-17 08:29:14.095409,Saudi Arabia,Andriod,0
U_00450,2025-07-17 09:21:48.010801,Saudi Arabia,Web,1
U_00451,2025-07-17 10:14:21.926192,Kuwait,Andriod,0
U_00452,2025-07-17 11:06:55.841584,Saudi Arabia,Web,1
U_00453,2025-07-17 11:59:29.756975,Saudi Arabia,Andriod,0
U_00454,2025-07-17 12:52:03.672367,Bahrain,Web,0
U_00455,2025-07-17 13:44:37.587758,Saudi Arabia,Andriod,0
U_00456,2025-07-17 14:37:11.503150,Saudi Arabia,Andriod,0
U_00457,2025-07-17 15:29:45.418541,Saudi Arabia,iOS,0
U_00458,2025-07-17 16:22:19.333933,Saudi Arabia,iOS,0
U_00459,2025-07-17 17:14:53.249324,Saudi Arabia,iOS,0
U_00460,2025-07-17 18:07:27.164716,Saudi Arabia,Andriod,0
U_00461,2025-07-17 19:00:01.080108,Saudi Arabia,Andriod,0
U_00462,2025-07-17 19:52:34.995499,Saudi Arabia,Andriod,0
U_00463,2025-07-17 20:45:08.910891,Kuwait,Web,0
U_00464,2025-07-17 21:37:42.826282,Saudi Arabia,Web,0
U_00465,2025-07-17 22:30:16.741674,Qatar,iOS,1
U_00466,2025-07-17 23:22:50.657065,Saudi Arabia,iOS,0
U_00467,2025-07-18 00:15:24.572457,Saudi Arabia,Andriod,0
U_00468,2025-07-18 01:07:58.487848,UAE,iOS,1
U_00469,2025-07-18 02:00:32.403240,Saudi Arabia,Andriod,0
U_00470,2025-07-18 02:53:06.318631,Qatar,Andriod,0
U_00471,2025-07-18 03:45:40.234023,Saudi Arabia,Andriod,0
U_00472,2025-07-18 04:38:14.149414,Qatar,Andriod,0
U_00473,2025-07-18 05:30:48.064806,Saudi Arabia,Andriod,0
U_00474,2025-07-18 06:23:21.980198,Bahrain,iOS,0
U_00475,2025-07-18 07:15:55.895589,Saudi Arabia,Andriod,0
U_00476,2025-07-18 08:08:29.810981,Other,Andriod,0
U_00477,2025-07-18 09:01:03.726372,Saudi Arabia,iOS,0
U_00478,2025-07-18 09:53:37.641764,Saudi Arabia,iOS,0
U_00479,2025-07-18 10:46:11.557155,Qatar,Andriod,0
U_00480,2025-07-18 11:38:45.472547,Saudi Arabia,iOS,0
U_00481,2025-07-18 12:31:19.387938,Saudi Arabia,iOS,0
U_00482,2025-07-18 13:23:53.303330,Saudi Arabia,Andriod,0
U_00483,2025-07-18 14:16:27.218721,Saudi Arabia,Andriod,0
U_00484,2025-07-18 15:09:01.134113,Saudi Arabia,iOS,0
U_00485,2025-07-18 16:01:35.049504,Saudi Arabia,iOS,0
U_00486,2025-07-18 16:54:08.964896,Bahrain,Andriod,0
U_00487,2025-07-18 17:46:42.880288,Saudi Arabia,iOS,0
U_00488,2025-07-18 18:39:16.795679,Saudi Arabia,Web,0
U_00489,2025-07-18 19:31:50.711071,Qatar,Andriod,0
U_00490,2025-07-18 20:24:24.626462,Bahrain,iOS,0
U_00491,2025-07-18 21:16:58.541854,Saudi Arabia,iOS,1
U_00492,2025-07-18 22:09:32.457245,Saudi Arabia,iOS,0
U_00493,2025-07-18 23:02:06.372637,Saudi Arabia,iOS,0
U_00494,2025-07-18 23:54:40.288028,Saudi Arabia,iOS,0
U_00495,2025-07-19 00:47:14.203420,Saudi Arabia,Andriod,0
U_00496,2025-07-19 01:39:48.118811,Saudi Arabia,iOS,1
U_00497,2025-07-19 02:32:22.034203,Saudi Arabia,Andriod,0
U_00498,2025-07-19 03:24:55.949594,Saudi Arabia,Andriod,0
U_00499,2025-07-19 04:17:29.864986,Qatar,iOS,0
U_00500,2025-07-19 05:10:03.780378,Other,iOS,0
U_00501,2025-07-19 06:02:37.695769,Saudi Arabia,iOS,0
U_00502,2025-07-19 06:55:11.611161,Saudi Arabia,iOS,0
U_00503,2025-07-19 07:47:45.526552,Saudi Arabia,Andriod,0
U_00504,2025-07-19 08:40:19.441944,UAE,iOS,0
U_00505,2025-07-19 09:32:53.357335,Saudi Arabia,Andriod,0
U_00506,2025-07-19 10:25:27.272727,Saudi Arabia,Andriod,0
U_00507,2025-07-19 11:18:01.188118,Bahrain,Andriod,0
U_00508,2025-07-19 12:10:35.103510,UAE,Andriod,0
U_00509,2025-07-19 13:03:09.018901,Qatar,Andriod,0
U_00510,2025-07-19 13:55:42.934293,Kuwait,iOS,0
U_00511,2025-07-19 14:48:16.849684,Saudi Arabia,iOS,0
U_00512,2025-07-19 15:40:50.765076,Saudi Arabia,Andriod,0
U_00513,2025-07-19 16:33:24.680468,Qatar,iOS,1
U_00514,2025-07-19 17:25:58.595859,UAE,Andriod,0
U_00515,2025-07-19 18:18:32.511251,Saudi Arabia,Andriod,0
U_00516,2025-07-19 19:11:06.426642,Saudi Arabia,Andriod,0
U_00517,2025-07-19 20:03:40.342034,Saudi Arabia,Andriod,0
U_00518,2025-07-19 20:56:14.257425,UAE,Andriod,1
U_00519,2025-07-19 21:48:48.172817,Other,Andriod,1
U_00520,2025-07-19 22:41:22.088208,Saudi Arabia,Andriod,0
U_00521,2025-07-19 23:33:56.003600,Saudi Arabia,Andriod,0
U_00522,2025-07-20 00:26:29.918991,Saudi Arabia,Andriod,0
U_00523,2025-07-20 01:19:03.834383,Qatar,Andriod,0
U_00524,2025-07-20 02:11:37.749774,UAE,Andriod,0
U_00525,2025-07-20 03:04:11.665166,UAE,Andriod,0
U_00526,2025-07-20 03:56:45.580558,Saudi Arabia,Andriod,0
U_00527,2025-07-20 04:49:19.495949,Saudi Arabia,Andriod,1
U_00528,2025-07-20 05:41:53.411341,Saudi Arabia,iOS,1
U_00529,2025-07-20 06:34:27.326732,Saudi Arabia,Andriod,1
U_00530,2025-07-20 07:27:01.242124,UAE,iOS,0
U_00531,2025-07-20 08:19:35.157515,UAE,Andriod,0
U_00532,2025-07-20 09:12:09.072907,Other,Andriod,0
U_00533,2025-07-20 10:04:42.988298,Other,Web,0
U_00534,2025-07-20 10:57:16.903690,Saudi Arabia,iOS,0
U_00535,2025-07-20 11:49:50.819081,Kuwait,Andriod,0
U_00536,2025-07-20 12:42:24.734473,Qatar,Andriod,0
U_00537,2025-07-20 13:34:58.649864,UAE,iOS,0
U_00538,2025-07-20 14:27:32.565256,Saudi Arabia,iOS,0
U_00539,2025-07-20 15:20:06.480648,Saudi Arabia,Andriod,0
U_00540,2025-07-20 16:12:40.396039,Saudi Arabia,Andriod,0
U_00541,2025-07-20 17:05:14.311431,Qatar,iOS,0
U_00542,2025-07-20 17:57:48.226822,Saudi Arabia,Andriod,0
U_00543,2025-07-20 18:50:22.142214,Saudi Arabia,Andriod,1
U_00544,2025-07-20 19:42:56.057605,Saudi Arabia,Andriod,0
U_00545,2025-07-20 20:35:29.972997,Saudi Arabia,Web,0
U_00546,2025-07-20 21:28:03.888388,Saudi Arabia,Andriod,0
U_00547,2025-07-20 22:20:37.803780,Saudi Arabia,Web,0
U_00548,2025-07-20 23:13:11.719171,Saudi Arabia,Andriod,0
U_00549,2025-07-21 00:05:45.634563,Saudi Arabia,iOS,1
U_00550,2025-07-21 00:58:19.549954,Kuwait,iOS,1
U_00551,2025-07-21 01:50:53.465346,Saudi Arabia,Andriod,0
U_00552,2025-07-21 02:43:27.380738,UAE,Andriod,0
U_00553,2025-07-21 03:36:01.296129,Saudi Arabia,Andriod,0
U_00554,2025-07-21 04:28:35.211521,Saudi Arabia,Andriod,0
U_00555,2025-07-21 05:21:09.126912,UAE,Andriod,0
U_00556,2025-07-21 06:13:43.042304,Saudi Arabia,Andriod,0
U_00557,2025-07-21 07:06:16.957695,Saudi Arabia,iOS,0
U_00558,2025-07-21 07:58:50.873087,Saudi Arabia,Andriod,0
U_00559,2025-07-21 08:51:24.788478,Kuwait,iOS,0
U_00560,2025-07-21 09:43:58.703870,Saudi Arabia,Web,0
U_00561,2025-07-21 10:36:32.619261,Kuwait,iOS,0
U_00562,2025-07-21 11:29:06.534653,Saudi Arabia,Web,0
U_00563,2025-07-21 12:21:40.450045,Saudi Arabia,iOS,0
U_00564,2025-07-21 13:14:14.365436,Saudi Arabia,iOS,0
U_00565,2025-07-21 14:06:48.280828,Saudi Arabia,iOS,0
U_00566,2025-07-21 14:59:22.196219,Saudi Arabia,Andriod,0
U_00567,2025-07-21 15:51:56.111611,Saudi Arabia,Andriod,0
U_00568,2025-07-21 16:44:30.027002,Saudi Arabia,Andriod,0
U_00569,2025-07-21 17:37:03.942394,Bahrain,Web,0
U_00570,2025-07-21 18:29:37.857785,Saudi Arabia,Andriod,0
U_00571,2025-07-21 19:22:11.773177,Saudi Arabia,Andriod,0
U_00572,2025-07-21 20:14:45.688568,Kuwait,Andriod,0
U_00573,2025-07-21 21:07:19.603960,Saudi Arabia,iOS,0
U_00574,2025-07-21 21:59:53.519351,Saudi Arabia,iOS,0
U_00575,2025-07-21 22:52:27.434743,UAE,Web,1
U_00576,2025-07-21 23:45:01.350135,Qatar,Web,0
U_00577,2025-07-22 00:37:35.265526,Saudi Arabia,Web,0
U_00578,2025-07-22 01:30:09.180918,Bahrain,Web,0
U_00579,2025-07-22 02:22:43.096309,Saudi Arabia,iOS,0
U_00580,2025-07-22 03:15:17.011701,Saudi Arabia,Andriod,0
U_00581,2025-07-22 04:07:50.927092,Saudi Arabia,Andriod,0
U_00582,2025-07-22 05:00:24.842484,Other,Web,0
U_00583,2025-07-22 05:52:58.757875,Saudi Arabia,Andriod,0
U_00584,2025-07-22 06:45:32.673267,Saudi Arabia,Andriod,0
U_00585,2025-07-22 07:38:06.588658,Saudi Arabia,Andriod,0
U_00586,2025-07-22 08:30:40.504050,Saudi Arabia,iOS,1
U_00587,2025-07-22 09:23:14.419441,Saudi Arabia,iOS,0
U_00588,2025-07-22 10:15:48.334833,Saudi Arabia,Andriod,0
U_00589,2025-07-22 11:08:22.250225,Saudi Arabia,Andriod,0
U_00590,2025-07-22 12:00:56.165616,Saudi Arabia,iOS,0
U_00591,2025-07-22 12:53:30.081008,Saudi Arabia,Andriod,0
U_00592,2025-07-22 13:46:03.996399,Saudi Arabia,Andriod,0
U_00593,2025-07-22 14:38:37.911791,Saudi Arabia,Andriod,0
U_00594,2025-07-22 15:31:11.827182,Saudi Arabia,iOS,0
U_00595,2025-07-22 16:23:45.742574,Bahrain,Andriod,0
U_00596,2025-07-22 17:16:19.657965,Saudi Arabia,Andriod,0
U_00597,2025-07-22 18:08:53.573357,Saudi Arabia,Andriod,0
U_00598,2025-07-22 19:01:27.488748,Saudi Arabia,Andriod,0
U_00599,2025-07-22 19:54:01.404140,Saudi Arabia,iOS,1
U_00600,2025-07-22 20:46:35.319531,Saudi Arabia,Andriod,1
U_00601,2025-07-22 21:39:09.234923,Saudi Arabia,iOS,0
U_00602,2025-07-22 22:31:43.150315,Saudi Arabia,iOS,0
U_00603,2025-07-22 23:24:17.065706,Saudi Arabia,Andriod,1
U_00604,2025-07-23 00:16:50.981098,Saudi Arabia,Web,0
U_00605,2025-07-23 01:09:24.896489,Saudi Arabia,Andriod,0
U_00606,2025-07-23 02:01:58.811881,Saudi Arabia,iOS,0
U_00607,2025-07-23 02:54:32.727272,Saudi Arabia,Andriod,0
U_00608,2025-07-23 03:47:06.642664,Saudi Arabia,Andriod,0
U_00609,2025-07-23 04:39:40.558055,Saudi Arabia,Andriod,0
U_00610,2025-07-23 05:32:14.473447,Saudi Arabia,Andriod,0
U_00611,2025-07-23 06:24:48.388838,Saudi Arabia,Andriod,0
U_00612,2025-07-23 07:17:22.304230,Kuwait,Andriod,0
U_00613,2025-07-23 08:09:56.219621,Saudi Arabia,iOS,1
U_00614,2025-07-23 09:02:30.135013,Saudi Arabia,iOS,0
U_00615,2025-07-23 09:55:04.050405,UAE,iOS,0
U_00616,2025-07-23 10:47:37.965796,Bahrain,Andriod,0
U_00617,2025-07-23 11:40:11.881188,Saudi Arabia,Web,0
U_00618,2025-07-23 12:32:45.796579,Saudi Arabia,Andriod,1
U_00619,2025-07-23 13:25:19.711971,UAE,iOS,0
U_00620,2025-07-23 14:17:53.627362,Kuwait,iOS,0
U_00621,2025-07-23 15:10:27.542754,Saudi Arabia,iOS,0
U_00622,2025-07-23 16:03:01.458145,Saudi Arabia,iOS,1
U_00623,2025-07-23 16:55:35.373537,Saudi Arabia,Andriod,0
U_00624,2025-07-23 17:48:09.288928,Saudi Arabia,Web,0
U_00625,2025-07-23 18:40:43.204320,Saudi Arabia,Web,0
U_00626,2025-07-23 19:33:17.119711,Saudi Arabia,Andriod,0
U_00627,2025-07-23 20:25:51.035103,Saudi Arabia,Andriod,1
U_00628,2025-07-23 21:18:24.950495,Kuwait,Andriod,1
U_00629,2025-07-23 22:10:58.865886,Saudi Arabia,iOS,1
U_00630,2025-07-23 23:03:32.781278,Saudi Arabia,Andriod,1
U_00631,2025-07-23 23:56:06.696669,Kuwait,Andriod,0
U_00632,2025-07-24 00:48:40.612061,Bahrain,Andriod,0
U_00633,2025-07-24 01:41:14.527452,Saudi Arabia,iOS,0
U_00634,2025-07-24 02:33:48.442844,Saudi Arabia,iOS,0
U_00635,2025-07-24 03:26:22.358235,Saudi Arabia,iOS,0
U_00636,2025-07-24 04:18:56.273627,Saudi Arabia,Web,0
U_00637,2025-07-24 05:11:30.189018,Saudi Arabia,Andriod,1
U_00638,2025-07-24 06:04:04.104410,Saudi Arabia,Andriod,0
U_00639,2025-07-24 06:56:38.019801,Saudi Arabia,Andriod,0
U_00640,2025-07-24 07:49:11.935193,Saudi Arabia,iOS,0
U_00641,2025-07-24 08:41:45.850585,Saudi Arabia,Andriod,0
U_00642,2025-07-24 09:34:19.765976,Saudi Arabia,Andriod,0
U_00643,2025-07-24 10:26:53.681368,Saudi Arabia,Andriod,0
U_00644,2025-07-24 11:19:27.596759,Saudi Arabia,Web,0
U_00645,2025-07-24 12:12:01.512151,Saudi Arabia,iOS,0
U_00646,2025-07-24 13:04:35.427542,Bahrain,iOS,0
U_00647,2025-07-24 13:57:09.342934,Saudi Arabia,Andriod,0
U_00648,2025-07-24 14:49:43.258325,Saudi Arabia,Andriod,0
U_00649,2025-07-24 15:42:17.173717,Kuwait,Web,0
U_00650,2025-07-24 16:34:51.089108,Saudi Arabia,Andriod,0
U_00651,2025-07-24 17:27:25.004500,Saudi Arabia,Web,0
U_00652,2025-07-24 18:19:58.919891,Saudi Arabia,Andriod,0
U_00653,2025-07-24 19:12:32.835283,Saudi Arabia,Andriod,0
U_00654,2025-07-24 20:05:06.750675,Kuwait,Andriod,0
U_00655,2025-07-24 20:57:40.666066,Saudi Arabia,iOS,0
U_00656,2025-07-24 21:50:14.581458,Saudi Arabia,Web,0
U_00657,2025-07-24 22:42:48.496849,Saudi Arabia,Andriod,0
U_00658,2025-07-24 23:35:22.412241,Saudi Arabia,Andriod,0
U_00659,2025-07-25 00:27:56.327632,Saudi Arabia,Andriod,0
U_00660,2025-07-25 01:20:30.243024,Saudi Arabia,Andriod,0
U_00661,2025-07-25 02:13:04.158415,Saudi Arabia,Andriod,0
U_00662,2025-07-25 03:05:38.073807,Other,iOS,0
U_00663,2025-07-25 03:58:11.989198,Saudi Arabia,Andriod,0
U_00664,2025-07-25 04:50:45.904590,Saudi Arabia,Andriod,0
U_00665,2025-07-25 05:43:19.819981,Saudi Arabia,Andriod,1
U_00666,2025-07-25 06:35:53.735373,Saudi Arabia,iOS,0
U_00667,2025-07-25 07:28:27.650765,Saudi Arabia,iOS,0
U_00668,2025-07-25 08:21:01.566156,Saudi Arabia,iOS,0
U_00669,2025-07-25 09:13:35.481548,Saudi Arabia,Andriod,0
U_00670,2025-07-25 10:06:09.396939,Saudi Arabia,iOS,0
U_00671,2025-07-25 10:58:43.312331,Saudi Arabia,Web,0
U_00672,2025-07-25 11:51:17.227722,Bahrain,iOS,0
U_00673,2025-07-25 12:43:51.143114,Saudi Arabia,iOS,0
U_00674,2025-07-25 13:36:25.058505,Saudi Arabia,iOS,0
U_00675,2025-07-25 14:28:58.973897,Saudi Arabia,iOS,0
U_00676,2025-07-25 15:21:32.889288,Other,Andriod,0
U_00677,2025-07-25 16:14:06.804680,Saudi Arabia,Andriod,0
U_00678,2025-07-25 17:06:40.720072,Saudi Arabia,Andriod,0
U_00679,2025-07-25 17:59:14.635463,Qatar,iOS,0
U_00680,2025-07-25 18:51:48.550855,UAE,iOS,0
U_00681,2025-07-25 19:44:22.466246,UAE,Andriod,0
U_00682,2025-07-25 20:36:56.381638,Saudi Arabia,Web,0
U_00683,2025-07-25 21:29:30.297029,Saudi Arabia,iOS,0
U_00684,2025-07-25 22:22:04.212421,Saudi Arabia,Andriod,0
U_00685,2025-07-25 23:14:38.127812,Bahrain,Andriod,0
U_00686,2025-07-26 00:07:12.043204,Saudi Arabia,iOS,0
U_00687,2025-07-26 00:59:45.958595,Saudi Arabia,Andriod,0
U_00688,2025-07-26 01:52:19.873987,Saudi Arabia,iOS,0
U_00689,2025-07-26 02:44:53.789378,Kuwait,Andriod,0
U_00690,2025-07-26 03:37:27.704770,Saudi Arabia,iOS,0
U_00691,2025-07-26 04:30:01.620162,Saudi Arabia,Andriod,0
U_00692,2025-07-26 05:22:35.535553,Saudi Arabia,iOS,1
U_00693,2025-07-26 06:15:09.450945,Saudi Arabia,Web,0
U_00694,2025-07-26 07:07:43.366336,Saudi Arabia,iOS,1
U_00695,2025-07-26 08:00:17.281728,Saudi Arabia,Andriod,0
U_00696,2025-07-26 08:52:51.197119,Saudi Arabia,Andriod,0
U_00697,2025-07-26 09:45:25.112511,Saudi Arabia,Web,0
U_00698,2025-07-26 10:37:59.027902,Saudi Arabia,Andriod,0
U_00699,2025-07-26 11:30:32.943294,Saudi Arabia,Andriod,1
U_00700,2025-07-26 12:23:06.858685,Saudi Arabia,iOS,0
U_00701,2025-07-26 13:15:40.774077,Saudi Arabia,iOS,1
U_00702,2025-07-26 14:08:14.689468,Saudi Arabia,Andriod,0
U_00703,2025-07-26 15:00:48.604860,Saudi Arabia,iOS,0
U_00704,2025-07-26 15:53:22.520252,Saudi Arabia,Web,1
U_00705,2025-07-26 16:45:56.435643,Saudi Arabia,iOS,0
U_00706,2025-07-26 17:38:30.351035,Other,Andriod,1
U_00707,2025-07-26 18:31:04.266426,Saudi Arabia,Andriod,0
U_00708,2025-07-26 19:23:38.181818,UAE,Andriod,0
U_00709,2025-07-26 20:16:12.097209,Saudi Arabia,Andriod,0
U_00710,2025-07-26 21:08:46.012601,Saudi Arabia,iOS,1
U_00711,2025-07-26 22:01:19.927992,Kuwait,Andriod,0
U_00712,2025-07-26 22:53:53.843384,Saudi Arabia,iOS,0
U_00713,2025-07-26 23:46:27.758775,Saudi Arabia,Web,0
U_00714,2025-07-27 00:39:01.674167,Saudi Arabia,Andriod,0
U_00715,2025-07-27 01:31:35.589558,Saudi Arabia,Web,0
U_00716,2025-07-27 02:24:09.504950,Bahrain,iOS,0
U_00717,2025-07-27 03:16:43.420342,UAE,iOS,0
U_00718,2025-07-27 04:09:17.335733,Qatar,iOS,0
U_00719,2025-07-27 05:01:51.251125,Saudi Arabia,iOS,0
U_00720,2025-07-27 05:54:25.166516,Kuwait,iOS,0
U_00721,2025-07-27 06:46:59.081908,Qatar,Andriod,0
U_00722,2025-07-27 07:39:32.997299,Saudi Arabia,iOS,0
U_00723,2025-07-27 08:32:06.912691,Saudi Arabia,Andriod,1
U_00724,2025-07-27 09:24:40.828082,Kuwait,Andriod,0
U_00725,2025-07-27 10:17:14.743474,Saudi Arabia,Andriod,0
U_00726,2025-07-27 11:09:48.658865,UAE,iOS,0
U_00727,2025-07-27 12:02:22.574257,Saudi Arabia,iOS,0
U_00728,2025-07-27 12:54:56.489648,Kuwait,Andriod,0
U_00729,2025-07-27 13:47:30.405040,Saudi Arabia,iOS,1
U_00730,2025-07-27 14:40:04.320432,Saudi Arabia,Andriod,0
U_00731,2025-07-27 15:32:38.235823,Saudi Arabia,iOS,1
U_00732,2025-07-27 16:25:12.151215,UAE,Andriod,0
U_00733,2025-07-27 17:17:46.066606,Saudi Arabia,Andriod,0
U_00734,2025-07-27 18:10:19.981998,Saudi Arabia,Andriod,0
U_00735,2025-07-27 19:02:53.897389,Saudi Arabia,iOS,0
U_00736,2025-07-27 19:55:27.812781,UAE,iOS,0
U_00737,2025-07-27 20:48:01.728172,Saudi Arabia,Andriod,0
U_00738,2025-07-27 21:40:35.643564,UAE,Andriod,0
U_00739,2025-07-27 22:33:09.558955,Saudi Arabia,iOS,0
U_00740,2025-07-27 23:25:43.474347,Saudi Arabia,iOS,0
U_00741,2025-07-28 00:18:17.389738,Saudi Arabia,iOS,0
U_00742,2025-07-28 01:10:51.305130,Saudi Arabia,Andriod,0
U_00743,2025-07-28 02:03:25.220522,Kuwait,iOS,0
U_00744,2025-07-28 02:55:59.135913,Saudi Arabia,Andriod,1
U_00745,2025-07-28 03:48:33.051305,Saudi Arabia,Andriod,0
U_00746,2025-07-28 04:41:06.966696,Bahrain,Andriod,1
U_00747,2025-07-28 05:33:40.882088,Saudi Arabia,Andriod,0
U_00748,2025-07-28 06:26:14.797479,Saudi Arabia,Andriod,0
U_00749,2025-07-28 07:18:48.712871,Bahrain,Andriod,0
U_00750,2025-07-28 08:11:22.628262,Saudi Arabia,iOS,0
U_00751,2025-07-28 09:03:56.543654,Saudi Arabia,Andriod,1
U_00752,2025-07-28 09:56:30.459045,Qatar,Andriod,0
U_00753,2025-07-28 10:49:04.374437,Saudi Arabia,Andriod,0
U_00754,2025-07-28 11:41:38.289828,Saudi Arabia,Andriod,0
U_00755,2025-07-28 12:34:12.205220,Saudi Arabia,iOS,0
U_00756,2025-07-28 13:26:46.120612,Kuwait,Andriod,0
U_00757,2025-07-28 14:19:20.036003,Saudi Arabia,iOS,0
U_00758,2025-07-28 15:11:53.951395,Saudi Arabia,Andriod,1
U_00759,2025-07-28 16:04:27.866786,Bahrain,iOS,0
U_00760,2025-07-28 16:57:01.782178,Kuwait,Andriod,0
U_00761,2025-07-28 17:49:35.697569,Saudi Arabia,iOS,0
U_00762,2025-07-28 18:42:09.612961,Saudi Arabia,Andriod,0
U_00763,2025-07-28 19:34:43.528352,Saudi Arabia,Andriod,0
U_00764,2025-07-28 20:27:17.443744,Kuwait,iOS,0
U_00765,2025-07-28 21:19:51.359135,Saudi Arabia,Andriod,0
U_00766,2025-07-28 22:12:25.274527,Saudi Arabia,Andriod,0
U_00767,2025-07-28 23:04:59.189918,Kuwait,Andriod,1
U_00768,2025-07-28 23:57:33.105310,UAE,iOS,0
U_00769,2025-07-29 00:50:07.020702,Saudi Arabia,Andriod,0
U_00770,2025-07-29 01:42:40.936093,UAE,Andriod,0
U_00771,2025-07-29 02:35:14.851485,Saudi Arabia,Andriod,0
U_00772,2025-07-29 03:27:48.766876,UAE,Andriod,0
U_00773,2025-07-29 04:20:22.682268,Saudi Arabia,Andriod,0
U_00774,2025-07-29 05:12:56.597659,Saudi Arabia,iOS,0
U_00775,2025-07-29 06:05:30.513051,Kuwait,iOS,0
U_00776,2025-07-29 06:58:04.428442,Saudi Arabia,iOS,1
U_00777,2025-07-29 07:50:38.343834,Saudi Arabia,iOS,0
U_00778,2025-07-29 08:43:12.259225,Kuwait,Andriod,0
U_00779,2025-07-29 09:35:46.174617,Kuwait,Andriod,0
U_00780,2025-07-29 10:28:20.090009,Saudi Arabia,iOS,1
U_00781,2025-07-29 11:20:54.005400,Saudi Arabia,Web,1
U_00782,2025-07-29 12:13:27.920792,Saudi Arabia,Andriod,0
U_00783,2025-07-29 13:06:01.836183,Saudi Arabia,Web,0
U_00784,2025-07-29 13:58:35.751575,Saudi Arabia,Andriod,0
U_00785,2025-07-29 14:51:09.666966,Saudi Arabia,Andriod,0
U_00786,2025-07-29 15:43:43.582358,Bahrain,iOS,0
U_00787,2025-07-29 16:36:17.497749,Saudi Arabia,iOS,0
U_00788,2025-07-29 17:28:51.413141,Saudi Arabia,iOS,0
U_00789,2025-07-29 18:21:25.328532,Saudi Arabia,Andriod,0
U_00790,2025-07-29 19:13:59.243924,Qatar,iOS,0
U_00791,2025-07-29 20:06:33.159315,Saudi Arabia,Andriod,0
U_00792,2025-07-29 20:59:07.074707,Saudi Arabia,iOS,0
U_00793,2025-07-29 21:51:40.990099,Saudi Arabia,Andriod,0
U_00794,2025-07-29 22:44:14.905490,Saudi Arabia,iOS,0
U_00795,2025-07-29 23:36:48.820882,Saudi Arabia,iOS,0
U_00796,2025-07-30 00:29:22.736273,UAE,iOS,0
U_00797,2025-07-30 01:21:56.651665,Qatar,Andriod,1
U_00798,2025-07-30 02:14:30.567056,Saudi Arabia,iOS,0
U_00799,2025-07-30 03:07:04.482448,Saudi Arabia,Andriod,0
U_00800,2025-07-30 03:59:38.397839,Bahrain,iOS,0
U_00801,2025-07-30 04:52:12.313231,Kuwait,iOS,0
U_00802,2025-07-30 05:44:46.228622,Saudi Arabia,Andriod,1
U_00803,2025-07-30 06:37:20.144014,Saudi Arabia,iOS,0
U_00804,2025-07-30 07:29:54.059405,Saudi Arabia,Web,0
U_00805,2025-07-30 08:22:27.974797,Saudi Arabia,Web,0
U_00806,2025-07-30 09:15:01.890189,Kuwait,iOS,0
U_00807,2025-07-30 10:07:35.805580,Qatar,iOS,1
U_00808,2025-07-30 11:00:09.720972,Bahrain,iOS,0
U_00809,2025-07-30 11:52:43.636363,Saudi Arabia,Andriod,0
U_00810,2025-07-30 12:45:17.551755,Saudi Arabia,Andriod,0
U_00811,2025-07-30 13:37:51.467146,Other,Andriod,0
U_00812,2025-07-30 14:30:25.382538,UAE,Andriod,0
U_00813,2025-07-30 15:22:59.297929,Saudi Arabia,iOS,0
U_00814,2025-07-30 16:15:33.213321,Bahrain,Andriod,0
U_00815,2025-07-30 17:08:07.128712,UAE,Andriod,0
U_00816,2025-07-30 18:00:41.044104,Saudi Arabia,Andriod,0
U_00817,2025-07-30 18:53:14.959495,Saudi Arabia,Andriod,0
U_00818,2025-07-30 19:45:48.874887,Saudi Arabia,Andriod,0
U_00819,2025-07-30 20:38:22.790279,Saudi Arabia,iOS,0
U_00820,2025-07-30 21:30:56.705670,Saudi Arabia,Andriod,0
U_00821,2025-07-30 22:23:30.621062,UAE,Andriod,1
U_00822,2025-07-30 23:16:04.536453,Saudi Arabia,iOS,0
U_00823,2025-07-31 00:08:38.451845,Saudi Arabia,Web,0
U_00824,2025-07-31 01:01:12.367236,Saudi Arabia,iOS,0
U_00825,2025-07-31 01:53:46.282628,Saudi Arabia,Andriod,0
U_00826,2025-07-31 02:46:20.198019,Bahrain,Andriod,0
U_00827,2025-07-31 03:38:54.113411,Saudi Arabia,iOS,1
U_00828,2025-07-31 04:31:28.028802,Saudi Arabia,Web,0
U_00829,2025-07-31 05:24:01.944194,Kuwait,Andriod,0
U_00830,2025-07-31 06:16:35.859585,Saudi Arabia,Andriod,1
U_00831,2025-07-31 07:09:09.774977,Saudi Arabia,iOS,1
U_00832,2025-07-31 08:01:43.690369,Saudi Arabia,iOS,0
U_00833,2025-07-31 08:54:17.605760,Saudi Arabia,iOS,1
U_00834,2025-07-31 09:46:51.521152,Saudi Arabia,iOS,0
U_00835,2025-07-31 10:39:25.436543,Saudi Arabia,Andriod,0
U_00836,2025-07-31 11:31:59.351935,Saudi Arabia,Web,0
U_00837,2025-07-31 12:24:33.267326,Bahrain,Andriod,0
U_00838,2025-07-31 13:17:07.182718,Saudi Arabia,Andriod,0
U_00839,2025-07-31 14:09:41.098109,Saudi Arabia,Andriod,0
U_00840,2025-07-31 15:02:15.013501,Saudi Arabia,Andriod,0
U_00841,2025-07-31 15:54:48.928892,Saudi Arabia,Andriod,0
U_00842,2025-07-31 16:47:22.844284,Saudi Arabia,Andriod,0
U_00843,2025-07-31 17:39:56.759675,Saudi Arabia,Andriod,0
U_00844,2025-07-31 18:32:30.675067,Qatar,iOS,1
U_00845,2025-07-31 19:25:04.590459,Saudi Arabia,iOS,1
U_00846,2025-07-31 20:17:38.505850,Saudi Arabia,Andriod,1
U_00847,2025-07-31 21:10:12.421242,Saudi Arabia,Andriod,0
U_00848,2025-07-31 22:02:46.336633,Other,Andriod,0
U_00849,2025-07-31 22:55:20.252025,Saudi Arabia,Web,0
U_00850,2025-07-31 23:47:54.167416,Saudi Arabia,iOS,0
U_00851,2025-08-01 00:40:28.082808,Saudi Arabia,Andriod,0
U_00852,2025-08-01 01:33:01.998199,Kuwait,iOS,0
U_00853,2025-08-01 02:25:35.913591,Saudi Arabia,Andriod,0
U_00854,2025-08-01 03:18:09.828982,Bahrain,Andriod,1
U_00855,2025-08-01 04:10:43.744374,Saudi Arabia,iOS,1
U_00856,2025-08-01 05:03:17.659765,Saudi Arabia,Andriod,0
U_00857,2025-08-01 05:55:51.575157,Saudi Arabia,Andriod,0
U_00858,2025-08-01 06:48:25.490549,Saudi Arabia,iOS,0
U_00859,2025-08-01 07:40:59.405940,Saudi Arabia,Andriod,1
U_00860,2025-08-01 08:33:33.321332,Saudi Arabia,Andriod,0
U_00861,2025-08-01 09:26:07.236723,Kuwait,Web,0
U_00862,2025-08-01 10:18:41.152115,Saudi Arabia,iOS,0
U_00863,2025-08-01 11:11:15.067506,Saudi Arabia,iOS,0
U_00864,2025-08-01 12:03:48.982898,Saudi Arabia,Andriod,1
U_00865,2025-08-01 12:56:22.898289,Saudi Arabia,iOS,0
U_00866,2025-08-01 13:48:56.813681,Saudi Arabia,Web,0
U_00867,2025-08-01 14:41:30.729072,Saudi Arabia,iOS,1
U_00868,2025-08-01 15:34:04.644464,Saudi Arabia,Andriod,1
U_00869,2025-08-01 16:26:38.559855,UAE,Andriod,0
U_00870,2025-08-01 17:19:12.475247,Qatar,iOS,0
U_00871,2025-08-01 18:11:46.390639,Saudi Arabia,iOS,0
U_00872,2025-08-01 19:04:20.306030,Saudi Arabia,Andriod,0
U_00873,2025-08-01 19:56:54.221422,Saudi Arabia,Andriod,0
U_00874,2025-08-01 20:49:28.136813,Saudi Arabia,iOS,0
U_00875,2025-08-01 21:42:02.052205,Saudi Arabia,Web,0
U_00876,2025-08-01 22:34:35.967596,Saudi Arabia,iOS,0
U_00877,2025-08-01 23:27:09.882988,Kuwait,Andriod,1
U_00878,2025-08-02 00:19:43.798379,Saudi Arabia,Andriod,0
U_00879,2025-08-02 01:12:17.713771,Saudi Arabia,iOS,1
U_00880,2025-08-02 02:04:51.629162,Saudi Arabia,Web,0
U_00881,2025-08-02 02:57:25.544554,Saudi Arabia,iOS,0
U_00882,2025-08-02 03:49:59.459945,Saudi Arabia,iOS,0
U_00883,2025-08-02 04:42:33.375337,Saudi Arabia,iOS,0
U_00884,2025-08-02 05:35:07.290729,Saudi Arabia,Andriod,0
U_00885,2025-08-02 06:27:41.206120,Kuwait,Andriod,1
U_00886,2025-08-02 07:20:15.121512,Saudi Arabia,Andriod,0
U_00887,2025-08-02 08:12:49.036903,Saudi Arabia,iOS,1
U_00888,2025-08-02 09:05:22.952295,Saudi Arabia,iOS,0
U_00889,2025-08-02 09:57:56.867686,Saudi Arabia,Andriod,1
U_00890,2025-08-02 10:50:30.783078,Saudi Arabia,iOS,0
U_00891,2025-08-02 11:43:04.698469,Kuwait,Andriod,0
U_00892,2025-08-02 12:35:38.613861,UAE,iOS,0
U_00893,2025-08-02 13:28:12.529252,UAE,Andriod,0
U_00894,2025-08-02 14:20:46.444644,Saudi Arabia,iOS,1
U_00895,2025-08-02 15:13:20.360036,Saudi Arabia,Andriod,0
U_00896,2025-08-02 16:05:54.275427,Saudi Arabia,iOS,0
U_00897,2025-08-02 16:58:28.190819,Saudi Arabia,iOS,0
U_00898,2025-08-02 17:51:02.106210,Bahrain,iOS,0
U_00899,2025-08-02 18:43:36.021602,Saudi Arabia,iOS,0
U_00900,2025-08-02 19:36:09.936993,Saudi Arabia,iOS,0
U_00901,2025-08-02 20:28:43.852385,Saudi Arabia,Andriod,0
U_00902,2025-08-02 21:21:17.767776,Saudi Arabia,Andriod,0
U_00903,2025-08-02 22:13:51.683168,Saudi Arabia,Andriod,0
U_00904,2025-08-02 23:06:25.598559,Saudi Arabia,Andriod,0
U_00905,2025-08-02 23:58:59.513951,Saudi Arabia,Andriod,0
U_00906,2025-08-03 00:51:33.429342,Bahrain,Andriod,1
U_00907,2025-08-03 01:44:07.344734,UAE,Andriod,0
U_00908,2025-08-03 02:36:41.260126,Saudi Arabia,Andriod,0
U_00909,2025-08-03 03:29:15.175517,Saudi Arabia,Andriod,0
U_00910,2025-08-03 04:21:49.090909,Saudi Arabia,iOS,0
U_00911,2025-08-03 05:14:23.006300,Saudi Arabia,iOS,0
U_00912,2025-08-03 06:06:56.921692,Saudi Arabia,Andriod,1
U_00913,2025-08-03 06:59:30.837083,Saudi Arabia,iOS,0
U_00914,2025-08-03 07:52:04.752475,Saudi Arabia,Andriod,0
U_00915,2025-08-03 08:44:38.667866,Saudi Arabia,Andriod,0
U_00916,2025-08-03 09:37:12.583258,Saudi Arabia,iOS,0
U_00917,2025-08-03 10:29:46.498649,Saudi Arabia,iOS,0
U_00918,2025-08-03 11:22:20.414041,Qatar,Andriod,0
U_00919,2025-08-03 12:14:54.329432,Kuwait,Andriod,0
U_00920,2025-08-03 13:07:28.244824,Saudi Arabia,iOS,0
U_00921,2025-08-03 14:00:02.160216,UAE,Andriod,1
U_00922,2025-08-03 14:52:36.075607,Saudi Arabia,Andriod,0
U_00923,2025-08-03 15:45:09.990999,Bahrain,iOS,0
U_00924,2025-08-03 16:37:43.906390,Kuwait,iOS,0
U_00925,2025-08-03 17:30:17.821782,Saudi Arabia,Andriod,1
U_00926,2025-08-03 18:22:51.737173,Saudi Arabia,iOS,1
U_00927,2025-08-03 19:15:25.652565,Saudi Arabia,Andriod,0
U_00928,2025-08-03 20:07:59.567956,Saudi Arabia,Andriod,0
U_00929,2025-08-03 21:00:33.483348,Saudi Arabia,Andriod,0
U_00930,2025-08-03 21:53:07.398739,Saudi Arabia,Andriod,0
U_00931,2025-08-03 22:45:41.314131,Saudi Arabia,Andriod,0
U_00932,2025-08-03 23:38:15.229522,UAE,iOS,0
U_00933,2025-08-04 00:30:49.144914,Other,iOS,0
U_00934,2025-08-04 01:23:23.060306,Saudi Arabia,Andriod,0
U_00935,2025-08-04 02:15:56.975697,Saudi Arabia,Andriod,0
U_00936,2025-08-04 03:08:30.891089,Saudi Arabia,iOS,0
U_00937,2025-08-04 04:01:04.806480,Saudi Arabia,Web,0
U_00938,2025-08-04 04:53:38.721872,Bahrain,iOS,0
U_00939,2025-08-04 05:46:12.637263,Saudi Arabia,iOS,0
U_00940,2025-08-04 06:38:46.552655,Saudi Arabia,iOS,0
U_00941,2025-08-04 07:31:20.468046,Saudi Arabia,Andriod,0
U_00942,2025-08-04 08:23:54.383438,Saudi Arabia,Andriod,0
U_00943,2025-08-04 09:16:28.298829,Saudi Arabia,iOS,0
U_00944,2025-08-04 10:09:02.214221,UAE,iOS,0
U_00945,2025-08-04 11:01:36.129612,Saudi Arabia,iOS,0
U_00946,2025-08-04 11:54:10.045004,Saudi Arabia,Andriod,0
U_00947,2025-08-04 12:46:43.960396,Saudi Arabia,iOS,1
U_00948,2025-08-04 13:39:17.875787,Bahrain,Web,0
U_00949,2025-08-04 14:31:51.791179,UAE,iOS,0
U_00950,2025-08-04 15:24:25.706570,Saudi Arabia,Web,0
U_00951,2025-08-04 16:16:59.621962,Saudi Arabia,iOS,1
U_00952,2025-08-04 17:09:33.537353,Saudi Arabia,Andriod,1
U_00953,2025-08-04 18:02:07.452745,Saudi Arabia,iOS,0
U_00954,2025-08-04 18:54:41.368136,Bahrain,iOS,0
U_00955,2025-08-04 19:47:15.283528,Saudi Arabia,Andriod,0
U_00956,2025-08-04 20:39:49.198919,Saudi Arabia,Andriod,1
U_00957,2025-08-04 21:32:23.114311,Saudi Arabia,Andriod,0
U_00958,2025-08-04 22:24:57.029702,Saudi Arabia,Andriod,1
U_00959,2025-08-04 23:17:30.945094,Saudi Arabia,Andriod,0
U_00960,2025-08-05 00:10:04.860486,Kuwait,Andriod,0
U_00961,2025-08-05 01:02:38.775877,Saudi Arabia,iOS,0
U_00962,2025-08-05 01:55:12.691269,Saudi Arabia,Andriod,0
U_00963,2025-08-05 02:47:46.606660,Saudi Arabia,Andriod,1
U_00964,2025-08-05 03:40:20.522052,Saudi Arabia,iOS,0
U_00965,2025-08-05 04:32:54.437443,Saudi Arabia,Andriod,1
U_00966,2025-08-05 05:25:28.352835,Saudi Arabia,iOS,0
U_00967,2025-08-05 06:18:02.268226,Kuwait,iOS,0
U_00968,2025-08-05 07:10:36.183618,Saudi Arabia,Andriod,0
U_00969,2025-08-05 08:03:10.099009,Saudi Arabia,Andriod,0
U_00970,2025-08-05 08:55:44.014401,Saudi Arabia,iOS,0
U_00971,2025-08-05 09:48:17.929792,Saudi Arabia,iOS,1
U_00972,2025-08-05 10:40:51.845184,Qatar,Web,0
U_00973,2025-08-05 11:33:25.760576,Kuwait,iOS,0
U_00974,2025-08-05 12:25:59.675967,Saudi Arabia,Andriod,1
U_00975,2025-08-05 13:18:33.591359,Saudi Arabia,Andriod,0
U_00976,2025-08-05 14:11:07.506750,Saudi Arabia,Andriod,0
U_00977,2025-08-05 15:03:41.422142,Saudi Arabia,Web,0
U_00978,2025-08-05 15:56:15.337533,Saudi Arabia,Andriod,1
U_00979,2025-08-05 16:48:49.252925,Saudi Arabia,Andriod,0
U_00980,2025-08-05 17:41:23.168316,Saudi Arabia,Andriod,0
U_00981,2025-08-05 18:33:57.083708,Saudi Arabia,Andriod,1
U_00982,2025-08-05 19:26:30.999099,Kuwait,Andriod,0
U_00983,2025-08-05 20:19:04.914491,Saudi Arabia,Andriod,0
U_00984,2025-08-05 21:11:38.829882,Saudi Arabia,iOS,0
U_00985,2025-08-05 22:04:12.745274,Kuwait,iOS,1
U_00986,2025-08-05 22:56:46.660666,Saudi Arabia,iOS,0
U_00987,2025-08-05 23:49:20.576057,Saudi Arabia,iOS,0
U_00988,2025-08-06 00:41:54.491449,Saudi Arabia,iOS,0
U_00989,2025-08-06 01:34:28.406840,Saudi Arabia,Andriod,0
U_00990,2025-08-06 02:27:02.322232,UAE,Andriod,0
U_00991,2025-08-06 03:19:36.237623,Kuwait,Andriod,0
U_00992,2025-08-06 04:12:10.153015,Saudi Arabia,Andriod,0
U_00993,2025-08-06 05:04:44.068406,Saudi Arabia,Andriod,0
U_00994,2025-08-06 05:57:17.983798,Saudi Arabia,Andriod,0
U_00995,2025-08-06 06:49:51.899189,Saudi Arabia,Andriod,0
U_00996,2025-08-06 07:42:25.814581,Saudi Arabia,iOS,0
U_00997,2025-08-06 08:34:59.729972,Bahrain,Web,0
U_00998,2025-08-06 09:27:33.645364,Saudi Arabia,Andriod,0
U_00999,2025-08-06 10:20:07.560756,Qatar,iOS,0
U_01000,2025-08-06 11:12:41.476147,Saudi Arabia,Andriod,0
U_01001,2025-08-06 12:05:15.391539,Saudi Arabia,Andriod,0
U_01002,2025-08-06 12:57:49.306930,Saudi Arabia,iOS,0
U_01003,2025-08-06 13:50:23.222322,UAE,Andriod,0
U_01004,2025-08-06 14:42:57.137713,Kuwait,iOS,0
U_01005,2025-08-06 15:35:31.053105,UAE,iOS,0
U_01006,2025-08-06 16:28:04.968496,Saudi Arabia,Web,0
U_01007,2025-08-06 17:20:38.883888,Saudi Arabia,Andriod,1
U_01008,2025-08-06 18:13:12.799279,UAE,Andriod,0
U_01009,2025-08-06 19:05:46.714671,Saudi Arabia,Andriod,0
U_01010,2025-08-06 19:58:20.630063,Saudi Arabia,iOS,0
U_01011,2025-08-06 20:50:54.545454,Saudi Arabia,Andriod,0
U_01012,2025-08-06 21:43:28.460846,Other,Andriod,0
U_01013,2025-08-06 22:36:02.376237,Qatar,Web,0
U_01014,2025-08-06 23:28:36.291629,Saudi Arabia,iOS,0
U_01015,2025-08-07 00:21:10.207020,Kuwait,Andriod,0
U_01016,2025-08-07 01:13:44.122412,Bahrain,Web,0
U_01017,2025-08-07 02:06:18.037803,Saudi Arabia,Andriod,0
U_01018,2025-08-07 02:58:51.953195,Saudi Arabia,Web,0
U_01019,2025-08-07 03:51:25.868586,Bahrain,iOS,0
U_01020,2025-08-07 04:43:59.783978,Saudi Arabia,Web,1
U_01021,2025-08-07 05:36:33.699369,Saudi Arabia,Andriod,0
U_01022,2025-08-07 06:29:07.614761,Saudi Arabia,iOS,0
U_01023,2025-08-07 07:21:41.530153,Bahrain,Web,0
U_01024,2025-08-07 08:14:15.445544,Qatar,Andriod,0
U_01025,2025-08-07 09:06:49.360936,Qatar,Andriod,0
U_01026,2025-08-07 09:59:23.276327,Saudi Arabia,Andriod,0
U_01027,2025-08-07 10:51:57.191719,UAE,iOS,0
U_01028,2025-08-07 11:44:31.107110,UAE,Andriod,0
U_01029,2025-08-07 12:37:05.022502,Saudi Arabia,Andriod,0
U_01030,2025-08-07 13:29:38.937893,UAE,iOS,0
U_01031,2025-08-07 14:22:12.853285,Saudi Arabia,iOS,0
U_01032,2025-08-07 15:14:46.768676,Saudi Arabia,iOS,0
U_01033,2025-08-07 16:07:20.684068,Saudi Arabia,Andriod,0
U_01034,2025-08-07 16:59:54.599459,Saudi Arabia,Andriod,0
U_01035,2025-08-07 17:52:28.514851,Saudi Arabia,Andriod,0
U_01036,2025-08-07 18:45:02.430243,Saudi Arabia,Web,0
U_01037,2025-08-07 19:37:36.345634,Saudi Arabia,Andriod,0
U_01038,2025-08-07 20:30:10.261026,Kuwait,iOS,0
U_01039,2025-08-07 21:22:44.176417,Saudi Arabia,Web,0
U_01040,2025-08-07 22:15:18.091809,Saudi Arabia,Andriod,0
U_01041,2025-08-07 23:07:52.007200,Saudi Arabia,Andriod,0
U_01042,2025-08-08 00:00:25.922592,Kuwait,Andriod,0
U_01043,2025-08-08 00:52:59.837983,Saudi Arabia,Web,1
U_01044,2025-08-08 01:45:33.753375,Saudi Arabia,Andriod,1
U_01045,2025-08-08 02:38:07.668766,Bahrain,iOS,0
U_01046,2025-08-08 03:30:41.584158,Saudi Arabia,Andriod,0
U_01047,2025-08-08 04:23:15.499549,Saudi Arabia,iOS,0
U_01048,2025-08-08 05:15:49.414941,Saudi Arabia,iOS,0
U_01049,2025-08-08 06:08:23.330333,UAE,Andriod,1
U_01050,2025-08-08 07:00:57.245724,Saudi Arabia,iOS,0
U_01051,2025-08-08 07:53:31.161116,UAE,iOS,0
U_01052,2025-08-08 08:46:05.076507,Saudi Arabia,iOS,0
U_01053,2025-08-08 09:38:38.991899,Qatar,Andriod,0
U_01054,2025-08-08 10:31:12.907290,Kuwait,Andriod,0
U_01055,2025-08-08 11:23:46.822682,Other,Web,0
U_01056,2025-08-08 12:16:20.738073,Saudi Arabia,iOS,0
U_01057,2025-08-08 13:08:54.653465,Kuwait,Andriod,1
U_01058,2025-08-08 14:01:28.568856,Saudi Arabia,Web,0
U_01059,2025-08-08 14:54:02.484248,Saudi Arabia,iOS,0
U_01060,2025-08-08 15:46:36.399639,Saudi Arabia,Andriod,0
U_01061,2025-08-08 16:39:10.315031,UAE,Andriod,0
U_01062,2025-08-08 17:31:44.230423,Other,iOS,0
U_01063,2025-08-08 18:24:18.145814,Kuwait,Andriod,0
U_01064,2025-08-08 19:16:52.061206,Saudi Arabia,Andriod,0
U_01065,2025-08-08 20:09:25.976597,Saudi Arabia,iOS,0
U_01066,2025-08-08 21:01:59.891989,Kuwait,iOS,0
U_01067,2025-08-08 21:54:33.807380,Saudi Arabia,iOS,0
U_01068,2025-08-08 22:47:07.722772,Saudi Arabia,iOS,0
U_01069,2025-08-08 23:39:41.638163,Saudi Arabia,Andriod,0
U_01070,2025-08-09 00:32:15.553555,Saudi Arabia,Andriod,0
U_01071,2025-08-09 01:24:49.468946,Saudi Arabia,iOS,0
U_01072,2025-08-09 02:17:23.384338,Saudi Arabia,Web,0
U_01073,2025-08-09 03:09:57.299729,Saudi Arabia,iOS,0
U_01074,2025-08-09 04:02:31.215121,Saudi Arabia,iOS,0
U_01075,2025-08-09 04:55:05.130513,Other,iOS,0
U_01076,2025-08-09 05:47:39.045904,Saudi Arabia,Andriod,0
U_01077,2025-08-09 06:40:12.961296,Saudi Arabia,Andriod,0
U_01078,2025-08-09 07:32:46.876687,Saudi Arabia,iOS,0
U_01079,2025-08-09 08:25:20.792079,Saudi Arabia,iOS,0
U_01080,2025-08-09 09:17:54.707470,Qatar,Andriod,0
U_01081,2025-08-09 10:10:28.622862,Kuwait,Web,1
U_01082,2025-08-09 11:03:02.538253,Saudi Arabia,iOS,0
U_01083,2025-08-09 11:55:36.453645,Saudi Arabia,iOS,0
U_01084,2025-08-09 12:48:10.369036,UAE,Andriod,1
U_01085,2025-08-09 13:40:44.284428,Qatar,Andriod,0
U_01086,2025-08-09 14:33:18.199819,Saudi Arabia,iOS,0
U_01087,2025-08-09 15:25:52.115211,Saudi Arabia,Web,1
U_01088,2025-08-09 16:18:26.030603,Saudi Arabia,Andriod,0
U_01089,2025-08-09 17:10:59.945994,Other,Andriod,0
U_01090,2025-08-09 18:03:33.861386,Saudi Arabia,Andriod,0
U_01091,2025-08-09 18:56:07.776777,Qatar,Web,0
U_01092,2025-08-09 19:48:41.692169,Saudi Arabia,Andriod,0
U_01093,2025-08-09 20:41:15.607560,Saudi Arabia,iOS,0
U_01094,2025-08-09 21:33:49.522952,Saudi Arabia,iOS,0
U_01095,2025-08-09 22:26:23.438343,Saudi Arabia,Andriod,1
U_01096,2025-08-09 23:18:57.353735,Saudi Arabia,iOS,0
U_01097,2025-08-10 00:11:31.269126,Saudi Arabia,Andriod,0
U_01098,2025-08-10 01:04:05.184518,Saudi Arabia,Andriod,0
U_01099,2025-08-10 01:56:39.099909,Kuwait,Andriod,0
U_01100,2025-08-10 02:49:13.015301,Saudi Arabia,Web,0
U_01101,2025-08-10 03:41:46.930693,Saudi Arabia,iOS,0
U_01102,2025-08-10 04:34:20.846084,Qatar,Andriod,0
U_01103,2025-08-10 05:26:54.761476,Bahrain,Andriod,0
U_01104,2025-08-10 06:19:28.676867,Bahrain,iOS,0
U_01105,2025-08-10 07:12:02.592259,Other,Andriod,0
U_01106,2025-08-10 08:04:36.507650,Saudi Arabia,iOS,0
U_01107,2025-08-10 08:57:10.423042,Saudi Arabia,Andriod,0
U_01108,2025-08-10 09:49:44.338433,Kuwait,Andriod,0
U_01109,2025-08-10 10:42:18.253825,Saudi Arabia,iOS,0
U_01110,2025-08-10 11:34:52.169216,Saudi Arabia,Andriod,0
U_01111,2025-08-10 12:27:26.084608,UAE,Andriod,1
U_01112,2025-08-10 13:20:00.000000,Saudi Arabia,iOS,0
U_01113,2025-08-10 14:12:33.915391,Saudi Arabia,iOS,0
U_01114,2025-08-10 15:05:07.830783,Saudi Arabia,Andriod,0
U_01115,2025-08-10 15:57:41.746174,Saudi Arabia,Andriod,0
U_01116,2025-08-10 16:50:15.661566,Saudi Arabia,Andriod,0
U_01117,2025-08-10 17:42:49.576957,Saudi Arabia,Web,0
U_01118,2025-08-10 18:35:23.492349,UAE,Andriod,0
U_01119,2025-08-10 19:27:57.407740,Saudi Arabia,Andriod,0
U_01120,2025-08-10 20:20:31.323132,Saudi Arabia,Andriod,0
U_01121,2025-08-10 21:13:05.238523,Bahrain,Andriod,0
U_01122,2025-08-10 22:05:39.153915,Qatar,iOS,0
U_01123,2025-08-10 22:58:13.069306,UAE,iOS,0
U_01124,2025-08-10 23:50:46.984698,UAE,Andriod,0
U_01125,2025-08-11 00:43:20.900090,Saudi Arabia,iOS,0
U_01126,2025-08-11 01:35:54.815481,Saudi Arabia,Andriod,0
U_01127,2025-08-11 02:28:28.730873,Saudi Arabia,Andriod,0
U_01128,2025-08-11 03:21:02.646264,Saudi Arabia,iOS,0
U_01129,2025-08-11 04:13:36.561656,Saudi Arabia,Andriod,0
U_01130,2025-08-11 05:06:10.477047,Saudi Arabia,Andriod,0
U_01131,2025-08-11 05:58:44.392439,Kuwait,Andriod,1
U_01132,2025-08-11 06:51:18.307830,Saudi Arabia,iOS,0
U_01133,2025-08-11 07:43:52.223222,Saudi Arabia,iOS,0
U_01134,2025-08-11 08:36:26.138613,Saudi Arabia,Andriod,0
U_01135,2025-08-11 09:29:00.054005,Saudi Arabia,Andriod,0
U_01136,2025-08-11 10:21:33.969396,Saudi Arabia,iOS,0
U_01137,2025-08-11 11:14:07.884788,UAE,iOS,1
U_01138,2025-08-11 12:06:41.800180,Saudi Arabia,Andriod,0
U_01139,2025-08-11 12:59:15.715571,Saudi Arabia,Andriod,0
U_01140,2025-08-11 13:51:49.630963,Saudi Arabia,Web,0
U_01141,2025-08-11 14:44:23.546354,UAE,Andriod,0
U_01142,2025-08-11 15:36:57.461746,Saudi Arabia,Web,0
U_01143,2025-08-11 16:29:31.377137,Saudi Arabia,iOS,0
U_01144,2025-08-11 17:22:05.292529,Saudi Arabia,Andriod,0
U_01145,2025-08-11 18:14:39.207920,Saudi Arabia,iOS,0
U_01146,2025-08-11 19:07:13.123312,UAE,Andriod,0
U_01147,2025-08-11 19:59:47.038703,Kuwait,Andriod,0
U_01148,2025-08-11 20:52:20.954095,Saudi Arabia,iOS,0
U_01149,2025-08-11 21:44:54.869486,UAE,Andriod,1
U_01150,2025-08-11 22:37:28.784878,UAE,Andriod,0
U_01151,2025-08-11 23:30:02.700270,Kuwait,iOS,0
U_01152,2025-08-12 00:22:36.615661,UAE,Andriod,1
U_01153,2025-08-12 01:15:10.531053,Saudi Arabia,iOS,0
U_01154,2025-08-12 02:07:44.446444,Saudi Arabia,Andriod,0
U_01155,2025-08-12 03:00:18.361836,Saudi Arabia,Andriod,0
U_01156,2025-08-12 03:52:52.277227,Kuwait,iOS,0
U_01157,2025-08-12 04:45:26.192619,Saudi Arabia,Web,0
U_01158,2025-08-12 05:38:00.108010,Bahrain,iOS,0
U_01159,2025-08-12 06:30:34.023402,UAE,Andriod,1
U_01160,2025-08-12 07:23:07.938793,Saudi Arabia,Andriod,0
U_01161,2025-08-12 08:15:41.854185,UAE,iOS,0
U_01162,2025-08-12 09:08:15.769576,Saudi Arabia,iOS,0
U_01163,2025-08-12 10:00:49.684968,Saudi Arabia,Andriod,0
U_01164,2025-08-12 10:53:23.600360,Kuwait,Andriod,0
U_01165,2025-08-12 11:45:57.515751,Saudi Arabia,iOS,0
U_01166,2025-08-12 12:38:31.431143,UAE,Andriod,0
U_01167,2025-08-12 13:31:05.346534,UAE,iOS,0
U_01168,2025-08-12 14:23:39.261926,Saudi Arabia,iOS,0
U_01169,2025-08-12 15:16:13.177317,Saudi Arabia,Andriod,0
U_01170,2025-08-12 16:08:47.092709,Saudi Arabia,iOS,0
U_01171,2025-08-12 17:01:21.008100,Saudi Arabia,Andriod,1
U_01172,2025-08-12 17:53:54.923492,Other,Andriod,0
U_01173,2025-08-12 18:46:28.838883,Saudi Arabia,Web,0
U_01174,2025-08-12 19:39:02.754275,Saudi Arabia,Andriod,0
U_01175,2025-08-12 20:31:36.669666,Saudi Arabia,Web,1
U_01176,2025-08-12 21:24:10.585058,Saudi Arabia,Andriod,0
U_01177,2025-08-12 22:16:44.500450,Kuwait,Andriod,0
U_01178,2025-08-12 23:09:18.415841,Saudi Arabia,Web,0
U_01179,2025-08-13 00:01:52.331233,Kuwait,Andriod,0
U_01180,2025-08-13 00:54:26.246624,Saudi Arabia,iOS,0
U_01181,2025-08-13 01:47:00.162016,Qatar,Andriod,0
U_01182,2025-08-13 02:39:34.077407,Saudi Arabia,Web,0
U_01183,2025-08-13 03:32:07.992799,Saudi Arabia,Andriod,0
U_01184,2025-08-13 04:24:41.908190,Qatar,Andriod,0
U_01185,2025-08-13 05:17:15.823582,Saudi Arabia,Andriod,0
U_01186,2025-08-13 06:09:49.738973,Qatar,Web,0
U_01187,2025-08-13 07:02:23.654365,Saudi Arabia,iOS,0
U_01188,2025-08-13 07:54:57.569756,Saudi Arabia,Andriod,0
U_01189,2025-08-13 08:47:31.485148,Saudi Arabia,iOS,0
U_01190,2025-08-13 09:40:05.400540,Kuwait,Andriod,1
U_01191,2025-08-13 10:32:39.315931,Saudi Arabia,Andriod,0
U_01192,2025-08-13 11:25:13.231323,Saudi Arabia,iOS,0
U_01193,2025-08-13 12:17:47.146714,Saudi Arabia,iOS,0
U_01194,2025-08-13 13:10:21.062106,Saudi Arabia,Andriod,0
U_01195,2025-08-13 14:02:54.977497,Saudi Arabia,iOS,0
U_01196,2025-08-13 14:55:28.892889,UAE,iOS,0
U_01197,2025-08-13 15:48:02.808280,Qatar,Andriod,0
U_01198,2025-08-13 16:40:36.723672,Qatar,iOS,0
U_01199,2025-08-13 17:33:10.639063,Kuwait,Andriod,0
U_01200,2025-08-13 18:25:44.554455,Saudi Arabia,Web,0
U_01201,2025-08-13 19:18:18.469846,Kuwait,iOS,0
U_01202,2025-08-13 20:10:52.385238,Saudi Arabia,iOS,0
U_01203,2025-08-13 21:03:26.300630,Saudi Arabia,Andriod,0
U_01204,2025-08-13 21:56:00.216021,Saudi Arabia,Andriod,0
U_01205,2025-08-13 22:48:34.131413,Saudi Arabia,Web,0
U_01206,2025-08-13 23:41:08.046804,Kuwait,Web,0
U_01207,2025-08-14 00:33:41.962196,Saudi Arabia,Andriod,0
U_01208,2025-08-14 01:26:15.877587,Saudi Arabia,iOS,0
U_01209,2025-08-14 02:18:49.792979,Saudi Arabia,iOS,0
U_01210,2025-08-14 03:11:23.708370,Other,iOS,0
U_01211,2025-08-14 04:03:57.623762,Saudi Arabia,iOS,0
U_01212,2025-08-14 04:56:31.539153,Saudi Arabia,Andriod,0
U_01213,2025-08-14 05:49:05.454545,Saudi Arabia,Andriod,0
U_01214,2025-08-14 06:41:39.369936,Kuwait,iOS,0
U_01215,2025-08-14 07:34:13.285328,Saudi Arabia,Andriod,0
U_01216,2025-08-14 08:26:47.200720,Saudi Arabia,iOS,0
U_01217,2025-08-14 09:19:21.116111,Saudi Arabia,Andriod,0
U_01218,2025-08-14 10:11:55.031503,Saudi Arabia,Andriod,1
U_01219,2025-08-14 11:04:28.946894,Saudi Arabia,Andriod,1
U_01220,2025-08-14 11:57:02.862286,Saudi Arabia,Andriod,0
U_01221,2025-08-14 12:49:36.777677,Qatar,iOS,0
U_01222,2025-08-14 13:42:10.693069,Saudi Arabia,Andriod,0
U_01223,2025-08-14 14:34:44.608460,Saudi Arabia,Andriod,0
U_01224,2025-08-14 15:27:18.523852,Qatar,Web,0
U_01225,2025-08-14 16:19:52.439243,Saudi Arabia,Andriod,0
U_01226,2025-08-14 17:12:26.354635,Saudi Arabia,Andriod,1
U_01227,2025-08-14 18:05:00.270027,Saudi Arabia,Andriod,0
U_01228,2025-08-14 18:57:34.185418,Saudi Arabia,Web,0
U_01229,2025-08-14 19:50:08.100810,Other,iOS,0
U_01230,2025-08-14 20:42:42.016201,Saudi Arabia,Andriod,0
U_01231,2025-08-14 21:35:15.931593,Bahrain,Andriod,0
U_01232,2025-08-14 22:27:49.846984,Saudi Arabia,Andriod,0
U_01233,2025-08-14 23:20:23.762376,Saudi Arabia,iOS,0
U_01234,2025-08-15 00:12:57.677767,Saudi Arabia,Andriod,0
U_01235,2025-08-15 01:05:31.593159,Saudi Arabia,iOS,0
U_01236,2025-08-15 01:58:05.508550,Saudi Arabia,Andriod,0
U_01237,2025-08-15 02:50:39.423942,UAE,Andriod,0
U_01238,2025-08-15 03:43:13.339333,Saudi Arabia,Andriod,0
U_01239,2025-08-15 04:35:47.254725,Qatar,Andriod,0
U_01240,2025-08-15 05:28:21.170117,Saudi Arabia,iOS,0
U_01241,2025-08-15 06:20:55.085508,UAE,iOS,0
U_01242,2025-08-15 07:13:29.000900,Kuwait,Andriod,0
U_01243,2025-08-15 08:06:02.916291,Kuwait,iOS,0
U_01244,2025-08-15 08:58:36.831683,UAE,Andriod,0
U_01245,2025-08-15 09:51:10.747074,Kuwait,iOS,0
U_01246,2025-08-15 10:43:44.662466,Saudi Arabia,Andriod,1
U_01247,2025-08-15 11:36:18.577857,Saudi Arabia,Andriod,1
U_01248,2025-08-15 12:28:52.493249,Saudi Arabia,iOS,0
U_01249,2025-08-15 13:21:26.408640,Bahrain,iOS,0
U_01250,2025-08-15 14:14:00.324032,Saudi Arabia,Andriod,0
U_01251,2025-08-15 15:06:34.239423,Kuwait,Andriod,0
U_01252,2025-08-15 15:59:08.154815,Saudi Arabia,Andriod,0
U_01253,2025-08-15 16:51:42.070207,Saudi Arabia,Andriod,0
U_01254,2025-08-15 17:44:15.985598,Saudi Arabia,Web,0
U_01255,2025-08-15 18:36:49.900990,Saudi Arabia,iOS,0
U_01256,2025-08-15 19:29:23.816381,Saudi Arabia,Web,0
U_01257,2025-08-15 20:21:57.731773,Saudi Arabia,iOS,0
U_01258,2025-08-15 21:14:31.647164,Saudi Arabia,iOS,0
U_01259,2025-08-15 22:07:05.562556,Saudi Arabia,Andriod,0
U_01260,2025-08-15 22:59:39.477947,Saudi Arabia,iOS,1
U_01261,2025-08-15 23:52:13.393339,Saudi Arabia,iOS,0
U_01262,2025-08-16 00:44:47.308730,Kuwait,iOS,0
U_01263,2025-08-16 01:37:21.224122,Saudi Arabia,Andriod,1
U_01264,2025-08-16 02:29:55.139513,Saudi Arabia,Andriod,0
U_01265,2025-08-16 03:22:29.054905,Saudi Arabia,Andriod,0
U_01266,2025-08-16 04:15:02.970297,Saudi Arabia,Andriod,0
U_01267,2025-08-16 05:07:36.885688,Saudi Arabia,Andriod,0
U_01268,2025-08-16 06:00:10.801080,Saudi Arabia,iOS,0
U_01269,2025-08-16 06:52:44.716471,Saudi Arabia,Web,1
U_01270,2025-08-16 07:45:18.631863,Saudi Arabia,iOS,0
U_01271,2025-08-16 08:37:52.547254,Saudi Arabia,iOS,0
U_01272,2025-08-16 09:30:26.462646,UAE,iOS,0
U_01273,2025-08-16 10:23:00.378037,Kuwait,Andriod,0
U_01274,2025-08-16 11:15:34.293429,Saudi Arabia,iOS,0
U_01275,2025-08-16 12:08:08.208820,Saudi Arabia,iOS,0
U_01276,2025-08-16 13:00:42.124212,Saudi Arabia,iOS,0
U_01277,2025-08-16 13:53:16.039603,Saudi Arabia,iOS,0
U_01278,2025-08-16 14:45:49.954995,Other,Andriod,0
U_01279,2025-08-16 15:38:23.870387,Saudi Arabia,Andriod,0
U_01280,2025-08-16 16:30:57.785778,Saudi Arabia,Andriod,0
U_01281,2025-08-16 17:23:31.701170,Saudi Arabia,iOS,0
U_01282,2025-08-16 18:16:05.616561,Kuwait,iOS,0
U_01283,2025-08-16 19:08:39.531953,Saudi Arabia,Web,0
U_01284,2025-08-16 20:01:13.447344,Saudi Arabia,iOS,0
U_01285,2025-08-16 20:53:47.362736,Saudi Arabia,Andriod,0
U_01286,2025-08-16 21:46:21.278127,Saudi Arabia,iOS,1
U_01287,2025-08-16 22:38:55.193519,Saudi Arabia,Web,0
U_01288,2025-08-16 23:31:29.108910,Saudi Arabia,iOS,0
U_01289,2025-08-17 00:24:03.024302,Saudi Arabia,Andriod,0
U_01290,2025-08-17 01:16:36.939693,Saudi Arabia,Andriod,0
U_01291,2025-08-17 02:09:10.855085,Saudi Arabia,Andriod,1
U_01292,2025-08-17 03:01:44.770477,Saudi Arabia,iOS,0
U_01293,2025-08-17 03:54:18.685868,Saudi Arabia,Andriod,0
U_01294,2025-08-17 04:46:52.601260,Saudi Arabia,Andriod,0
U_01295,2025-08-17 05:39:26.516651,UAE,iOS,0
U_01296,2025-08-17 06:32:00.432043,Saudi Arabia,iOS,0
U_01297,2025-08-17 07:24:34.347434,Saudi Arabia,Andriod,0
U_01298,2025-08-17 08:17:08.262826,Saudi Arabia,iOS,0
U_01299,2025-08-17 09:09:42.178217,Saudi Arabia,Andriod,0
U_01300,2025-08-17 10:02:16.093609,Kuwait,iOS,0
U_01301,2025-08-17 10:54:50.009000,Saudi Arabia,Andriod,0
U_01302,2025-08-17 11:47:23.924392,Qatar,iOS,0
U_01303,2025-08-17 12:39:57.839783,Saudi Arabia,Andriod,0
U_01304,2025-08-17 13:32:31.755175,Saudi Arabia,iOS,0
U_01305,2025-08-17 14:25:05.670567,Kuwait,iOS,0
U_01306,2025-08-17 15:17:39.585958,UAE,iOS,0
U_01307,2025-08-17 16:10:13.501350,Kuwait,Web,0
U_01308,2025-08-17 17:02:47.416741,UAE,iOS,0
U_01309,2025-08-17 17:55:21.332133,Saudi Arabia,Andriod,1
U_01310,2025-08-17 18:47:55.247524,UAE,iOS,0
U_01311,2025-08-17 19:40:29.162916,Saudi Arabia,iOS,0
U_01312,2025-08-17 20:33:03.078307,Bahrain,Andriod,0
U_01313,2025-08-17 21:25:36.993699,Saudi Arabia,Andriod,1
U_01314,2025-08-17 22:18:10.909090,UAE,Web,0
U_01315,2025-08-17 23:10:44.824482,Saudi Arabia,Web,0
U_01316,2025-08-18 00:03:18.739873,Saudi Arabia,Andriod,0
U_01317,2025-08-18 00:55:52.655265,Saudi Arabia,Andriod,0
U_01318,2025-08-18 01:48:26.570657,Kuwait,Andriod,0
U_01319,2025-08-18 02:41:00.486048,Saudi Arabia,iOS,0
U_01320,2025-08-18 03:33:34.401440,Saudi Arabia,Web,0
U_01321,2025-08-18 04:26:08.316831,Saudi Arabia,Andriod,0
U_01322,2025-08-18 05:18:42.232223,Saudi Arabia,Andriod,0
U_01323,2025-08-18 06:11:16.147614,UAE,iOS,0
U_01324,2025-08-18 07:03:50.063006,Saudi Arabia,iOS,1
U_01325,2025-08-18 07:56:23.978397,Qatar,Web,0
U_01326,2025-08-18 08:48:57.893789,Saudi Arabia,iOS,0
U_01327,2025-08-18 09:41:31.809180,Saudi Arabia,Andriod,1
U_01328,2025-08-18 10:34:05.724572,Kuwait,iOS,1
U_01329,2025-08-18 11:26:39.639963,Saudi Arabia,Andriod,0
U_01330,2025-08-18 12:19:13.555355,Saudi Arabia,iOS,1
U_01331,2025-08-18 13:11:47.470747,Saudi Arabia,Andriod,0
U_01332,2025-08-18 14:04:21.386138,Kuwait,iOS,0
U_01333,2025-08-18 14:56:55.301530,Saudi Arabia,Andriod,0
U_01334,2025-08-18 15:49:29.216921,Other,Andriod,0
U_01335,2025-08-18 16:42:03.132313,Qatar,iOS,0
U_01336,2025-08-18 17:34:37.047704,Saudi Arabia,Andriod,0
U_01337,2025-08-18 18:27:10.963096,Saudi Arabia,iOS,0
U_01338,2025-08-18 19:19:44.878487,Saudi Arabia,iOS,0
U_01339,2025-08-18 20:12:18.793879,Saudi Arabia,Andriod,0
U_01340,2025-08-18 21:04:52.709270,Saudi Arabia,Andriod,0
U_01341,2025-08-18 21:57:26.624662,Saudi Arabia,iOS,0
U_01342,2025-08-18 22:50:00.540054,Saudi Arabia,iOS,0
U_01343,2025-08-18 23:42:34.455445,UAE,iOS,0
U_01344,2025-08-19 00:35:08.370837,Kuwait,Andriod,0
U_01345,2025-08-19 01:27:42.286228,Kuwait,iOS,0
U_01346,2025-08-19 02:20:16.201620,Saudi Arabia,Web,0
U_01347,2025-08-19 03:12:50.117011,Saudi Arabia,Web,0
U_01348,2025-08-19 04:05:24.032403,Saudi Arabia,iOS,1
U_01349,2025-08-19 04:57:57.947794,Other,iOS,0
U_01350,2025-08-19 05:50:31.863186,Saudi Arabia,Andriod,0
U_01351,2025-08-19 06:43:05.778577,UAE,iOS,0
U_01352,2025-08-19 07:35:39.693969,Saudi Arabia,iOS,0
U_01353,2025-08-19 08:28:13.609360,Saudi Arabia,iOS,1
U_01354,2025-08-19 09:20:47.524752,Kuwait,Andriod,0
U_01355,2025-08-19 10:13:21.440144,Saudi Arabia,Andriod,0
U_01356,2025-08-19 11:05:55.355535,UAE,iOS,0
U_01357,2025-08-19 11:58:29.270927,Bahrain,iOS,0
U_01358,2025-08-19 12:51:03.186318,Saudi Arabia,Web,0
U_01359,2025-08-19 13:43:37.101710,Saudi Arabia,Andriod,0
U_01360,2025-08-19 14:36:11.017101,Saudi Arabia,Andriod,0
U_01361,2025-08-19 15:28:44.932493,Bahrain,Andriod,0
U_01362,2025-08-19 16:21:18.847884,Saudi Arabia,Andriod,0
U_01363,2025-08-19 17:13:52.763276,Saudi Arabia,Andriod,0
U_01364,2025-08-19 18:06:26.678667,Saudi Arabia,iOS,0
U_01365,2025-08-19 18:59:00.594059,Kuwait,iOS,0
U_01366,2025-08-19 19:51:34.509450,Saudi Arabia,Andriod,0
U_01367,2025-08-19 20:44:08.424842,Kuwait,Andriod,0
U_01368,2025-08-19 21:36:42.340234,Bahrain,Web,0
U_01369,2025-08-19 22:29:16.255625,Saudi Arabia,iOS,0
U_01370,2025-08-19 23:21:50.171017,Saudi Arabia,Web,0
U_01371,2025-08-20 00:14:24.086408,Qatar,Web,0
U_01372,2025-08-20 01:06:58.001800,Saudi Arabia,iOS,0
U_01373,2025-08-20 01:59:31.917191,UAE,Andriod,0
U_01374,2025-08-20 02:52:05.832583,Saudi Arabia,Andriod,0
U_01375,2025-08-20 03:44:39.747974,Saudi Arabia,Web,0
U_01376,2025-08-20 04:37:13.663366,UAE,Andriod,0
U_01377,2025-08-20 05:29:47.578757,Saudi Arabia,Andriod,0
U_01378,2025-08-20 06:22:21.494149,Saudi Arabia,Andriod,0
U_01379,2025-08-20 07:14:55.409540,Saudi Arabia,iOS,0
U_01380,2025-08-20 08:07:29.324932,Saudi Arabia,iOS,1
U_01381,2025-08-20 09:00:03.240324,Saudi Arabia,Andriod,0
U_01382,2025-08-20 09:52:37.155715,Saudi Arabia,Andriod,0
U_01383,2025-08-20 10:45:11.071107,Qatar,Andriod,0
U_01384,2025-08-20 11:37:44.986498,Saudi Arabia,Andriod,0
U_01385,2025-08-20 12:30:18.901890,Saudi Arabia,iOS,0
U_01386,2025-08-20 13:22:52.817281,Saudi Arabia,Andriod,0
U_01387,2025-08-20 14:15:26.732673,Kuwait,iOS,0
U_01388,2025-08-20 15:08:00.648064,Saudi Arabia,Andriod,0
U_01389,2025-08-20 16:00:34.563456,Qatar,Web,0
U_01390,2025-08-20 16:53:08.478847,Saudi Arabia,Andriod,0
U_01391,2025-08-20 17:45:42.394239,Saudi Arabia,iOS,0
U_01392,2025-08-20 18:38:16.309630,Saudi Arabia,iOS,0
U_01393,2025-08-20 19:30:50.225022,Saudi Arabia,Andriod,0
U_01394,2025-08-20 20:23:24.140414,Saudi Arabia,Andriod,0
U_01395,2025-08-20 21:15:58.055805,Saudi Arabia,Andriod,0
U_01396,2025-08-20 22:08:31.971197,UAE,iOS,0
U_01397,2025-08-20 23:01:05.886588,Saudi Arabia,Andriod,0
U_01398,2025-08-20 23:53:39.801980,Saudi Arabia,Andriod,0
U_01399,2025-08-21 00:46:13.717371,Saudi Arabia,iOS,0
U_01400,2025-08-21 01:38:47.632763,Kuwait,Andriod,0
U_01401,2025-08-21 02:31:21.548154,Saudi Arabia,iOS,0
U_01402,2025-08-21 03:23:55.463546,Saudi Arabia,Andriod,0
U_01403,2025-08-21 04:16:29.378937,Saudi Arabia,Andriod,0
U_01404,2025-08-21 05:09:03.294329,Kuwait,Andriod,0
U_01405,2025-08-21 06:01:37.209720,Saudi Arabia,Andriod,0
U_01406,2025-08-21 06:54:11.125112,Saudi Arabia,Andriod,1
U_01407,2025-08-21 07:46:45.040504,UAE,iOS,0
U_01408,2025-08-21 08:39:18.955895,UAE,Andriod,0
U_01409,2025-08-21 09:31:52.871287,Saudi Arabia,Andriod,1
U_01410,2025-08-21 10:24:26.786678,UAE,iOS,0
U_01411,2025-08-21 11:17:00.702070,Saudi Arabia,iOS,1
U_01412,2025-08-21 12:09:34.617461,Saudi Arabia,Andriod,0
U_01413,2025-08-21 13:02:08.532853,Saudi Arabia,iOS,0
U_01414,2025-08-21 13:54:42.448244,Saudi Arabia,iOS,0
U_01415,2025-08-21 14:47:16.363636,Saudi Arabia,Andriod,0
U_01416,2025-08-21 15:39:50.279027,Qatar,iOS,0
U_01417,2025-08-21 16:32:24.194419,Saudi Arabia,Web,0
U_01418,2025-08-21 17:24:58.109810,Saudi Arabia,iOS,1
U_01419,2025-08-21 18:17:32.025202,Saudi Arabia,Andriod,0
U_01420,2025-08-21 19:10:05.940594,Qatar,Andriod,0
U_01421,2025-08-21 20:02:39.855985,Saudi Arabia,Andriod,0
U_01422,2025-08-21 20:55:13.771377,Saudi Arabia,iOS,0
U_01423,2025-08-21 21:47:47.686768,Saudi Arabia,Web,0
U_01424,2025-08-21 22:40:21.602160,Saudi Arabia,Andriod,0
U_01425,2025-08-21 23:32:55.517551,Other,Andriod,0
U_01426,2025-08-22 00:25:29.432943,Qatar,iOS,0
U_01427,2025-08-22 01:18:03.348334,Saudi Arabia,iOS,0
U_01428,2025-08-22 02:10:37.263726,Qatar,Andriod,0
U_01429,2025-08-22 03:03:11.179117,Saudi Arabia,iOS,0
U_01430,2025-08-22 03:55:45.094509,UAE,Andriod,0
U_01431,2025-08-22 04:48:19.009900,Saudi Arabia,iOS,1
U_01432,2025-08-22 05:40:52.925292,Saudi Arabia,Andriod,1
U_01433,2025-08-22 06:33:26.840684,Saudi Arabia,Web,0
U_01434,2025-08-22 07:26:00.756075,Saudi Arabia,Andriod,0
U_01435,2025-08-22 08:18:34.671467,Saudi Arabia,Andriod,0
U_01436,2025-08-22 09:11:08.586858,Saudi Arabia,Andriod,0
U_01437,2025-08-22 10:03:42.502250,Saudi Arabia,Andriod,0
U_01438,2025-08-22 10:56:16.417641,Kuwait,Web,0
U_01439,2025-08-22 11:48:50.333033,Saudi Arabia,Andriod,0
U_01440,2025-08-22 12:41:24.248424,Saudi Arabia,Andriod,0
U_01441,2025-08-22 13:33:58.163816,Qatar,iOS,0
U_01442,2025-08-22 14:26:32.079207,Saudi Arabia,Andriod,0
U_01443,2025-08-22 15:19:05.994599,Saudi Arabia,iOS,0
U_01444,2025-08-22 16:11:39.909990,Saudi Arabia,Andriod,0
U_01445,2025-08-22 17:04:13.825382,UAE,Andriod,0
U_01446,2025-08-22 17:56:47.740774,Saudi Arabia,Andriod,0
U_01447,2025-08-22 18:49:21.656165,Saudi Arabia,Andriod,1
U_01448,2025-08-22 19:41:55.571557,UAE,Andriod,0
U_01449,2025-08-22 20:34:29.486948,Qatar,iOS,0
U_01450,2025-08-22 21:27:03.402340,Saudi Arabia,Andriod,0
U_01451,2025-08-22 22:19:37.317731,Saudi Arabia,iOS,1
U_01452,2025-08-22 23:12:11.233123,Saudi Arabia,Andriod,0
U_01453,2025-08-23 00:04:45.148514,UAE,iOS,0
U_01454,2025-08-23 00:57:19.063906,Saudi Arabia,iOS,0
U_01455,2025-08-23 01:49:52.979297,Saudi Arabia,Web,0
U_01456,2025-08-23 02:42:26.894689,Qatar,iOS,0
U_01457,2025-08-23 03:35:00.810081,Saudi Arabia,Andriod,0
U_01458,2025-08-23 04:27:34.725472,Saudi Arabia,iOS,0
U_01459,2025-08-23 05:20:08.640864,Saudi Arabia,Web,0
U_01460,2025-08-23 06:12:42.556255,Saudi Arabia,Andriod,0
U_01461,2025-08-23 07:05:16.471647,Saudi Arabia,iOS,0
U_01462,2025-08-23 07:57:50.387038,Saudi Arabia,iOS,0
U_01463,2025-08-23 08:50:24.302430,Saudi Arabia,Andriod,0
U_01464,2025-08-23 09:42:58.217821,Saudi Arabia,iOS,0
U_01465,2025-08-23 10:35:32.133213,Other,Andriod,0
U_01466,2025-08-23 11:28:06.048604,Saudi Arabia,iOS,1
U_01467,2025-08-23 12:20:39.963996,Qatar,iOS,0
U_01468,2025-08-23 13:13:13.879387,Saudi Arabia,Andriod,0
U_01469,2025-08-23 14:05:47.794779,UAE,iOS,0
U_01470,2025-08-23 14:58:21.710171,Kuwait,Andriod,0
U_01471,2025-08-23 15:50:55.625562,Saudi Arabia,iOS,0
U_01472,2025-08-23 16:43:29.540954,Kuwait,iOS,0
U_01473,2025-08-23 17:36:03.456345,UAE,Web,0
U_01474,2025-08-23 18:28:37.371737,Saudi Arabia,Andriod,1
U_01475,2025-08-23 19:21:11.287128,Saudi Arabia,Andriod,0
U_01476,2025-08-23 20:13:45.202520,Saudi Arabia,iOS,0
U_01477,2025-08-23 21:06:19.117911,UAE,Andriod,0
U_01478,2025-08-23 21:58:53.033303,Kuwait,Andriod,0
U_01479,2025-08-23 22:51:26.948694,Kuwait,iOS,0
U_01480,2025-08-23 23:44:00.864086,Saudi Arabia,Andriod,0
U_01481,2025-08-24 00:36:34.779477,UAE,Andriod,0
U_01482,2025-08-24 01:29:08.694869,Saudi Arabia,iOS,0
U_01483,2025-08-24 02:21:42.610261,Saudi Arabia,Andriod,0
U_01484,2025-08-24 03:14:16.525652,Saudi Arabia,Andriod,0
U_01485,2025-08-24 04:06:50.441044,Saudi Arabia,iOS,1
U_01486,2025-08-24 04:59:24.356435,Saudi Arabia,Andriod,1
U_01487,2025-08-24 05:51:58.271827,Saudi Arabia,iOS,0
U_01488,2025-08-24 06:44:32.187218,Saudi Arabia,Andriod,0
U_01489,2025-08-24 07:37:06.102610,Saudi Arabia,Andriod,0
U_01490,2025-08-24 08:29:40.018001,Saudi Arabia,Andriod,0
U_01491,2025-08-24 09:22:13.933393,Saudi Arabia,Web,0
U_01492,2025-08-24 10:14:47.848784,Saudi Arabia,iOS,0
U_01493,2025-08-24 11:07:21.764176,Saudi Arabia,Andriod,0
U_01494,2025-08-24 11:59:55.679567,Saudi Arabia,Andriod,1
U_01495,2025-08-24 12:52:29.594959,Saudi Arabia,Andriod,0
U_01496,2025-08-24 13:45:03.510351,Saudi Arabia,Andriod,0
U_01497,2025-08-24 14:37:37.425742,Saudi Arabia,iOS,0
U_01498,2025-08-24 15:30:11.341134,Saudi Arabia,iOS,1
U_01499,2025-08-24 16:22:45.256525,Saudi Arabia,iOS,0
U_01500,2025-08-24 17:15:19.171917,UAE,Web,1
U_01501,2025-08-24 18:07:53.087308,Saudi Arabia,iOS,0
U_01502,2025-08-24 19:00:27.002700,Saudi Arabia,Andriod,0
U_01503,2025-08-24 19:53:00.918091,Saudi Arabia,Andriod,0
U_01504,2025-08-24 20:45:34.833483,Saudi Arabia,iOS,0
U_01505,2025-08-24 21:38:08.748874,Saudi Arabia,Andriod,0
U_01506,2025-08-24 22:30:42.664266,Saudi Arabia,Andriod,0
U_01507,2025-08-24 23:23:16.579657,Saudi Arabia,Andriod,1
U_01508,2025-08-25 00:15:50.495049,Saudi Arabia,iOS,0
U_01509,2025-08-25 01:08:24.410441,Saudi Arabia,iOS,0
U_01510,2025-08-25 02:00:58.325832,Kuwait,iOS,0
U_01511,2025-08-25 02:53:32.241224,UAE,iOS,0
U_01512,2025-08-25 03:46:06.156615,Kuwait,Andriod,0
U_01513,2025-08-25 04:38:40.072007,Qatar,Andriod,0
U_01514,2025-08-25 05:31:13.987398,Saudi Arabia,iOS,0
U_01515,2025-08-25 06:23:47.902790,Saudi Arabia,Andriod,0
U_01516,2025-08-25 07:16:21.818181,Saudi Arabia,Andriod,0
U_01517,2025-08-25 08:08:55.733573,Saudi Arabia,iOS,0
U_01518,2025-08-25 09:01:29.648964,Bahrain,iOS,0
U_01519,2025-08-25 09:54:03.564356,Saudi Arabia,Andriod,0
U_01520,2025-08-25 10:46:37.479747,Bahrain,Andriod,0
U_01521,2025-08-25 11:39:11.395139,Saudi Arabia,Andriod,0
U_01522,2025-08-25 12:31:45.310531,Qatar,iOS,1
U_01523,2025-08-25 13:24:19.225922,Saudi Arabia,iOS,0
U_01524,2025-08-25 14:16:53.141314,Saudi Arabia,iOS,0
U_01525,2025-08-25 15:09:27.056705,Saudi Arabia,Andriod,0
U_01526,2025-08-25 16:02:00.972097,Saudi Arabia,Andriod,0
U_01527,2025-08-25 16:54:34.887488,Saudi Arabia,iOS,0
U_01528,2025-08-25 17:47:08.802880,Saudi Arabia,Andriod,0
U_01529,2025-08-25 18:39:42.718271,UAE,Andriod,0
U_01530,2025-08-25 19:32:16.633663,Saudi Arabia,Andriod,0
U_01531,2025-08-25 20:24:50.549054,Saudi Arabia,Web,0
U_01532,2025-08-25 21:17:24.464446,Saudi Arabia,iOS,0
U_01533,2025-08-25 22:09:58.379837,Kuwait,Web,0
U_01534,2025-08-25 23:02:32.295229,Saudi Arabia,iOS,1
U_01535,2025-08-25 23:55:06.210621,Saudi Arabia,iOS,0
U_01536,2025-08-26 00:47:40.126012,Saudi Arabia,Andriod,0
U_01537,2025-08-26 01:40:14.041404,Saudi Arabia,Web,0
U_01538,2025-08-26 02:32:47.956795,Saudi Arabia,Andriod,0
U_01539,2025-08-26 03:25:21.872187,Saudi Arabia,Andriod,0
U_01540,2025-08-26 04:17:55.787578,Saudi Arabia,Andriod,0
U_01541,2025-08-26 05:10:29.702970,Kuwait,Andriod,0
U_01542,2025-08-26 06:03:03.618361,Saudi Arabia,iOS,0
U_01543,2025-08-26 06:55:37.533753,Saudi Arabia,Andriod,0
U_01544,2025-08-26 07:48:11.449144,Saudi Arabia,Andriod,0
U_01545,2025-08-26 08:40:45.364536,Qatar,Andriod,1
U_01546,2025-08-26 09:33:19.279927,Saudi Arabia,Andriod,0
U_01547,2025-08-26 10:25:53.195319,UAE,Andriod,0
U_01548,2025-08-26 11:18:27.110711,Saudi Arabia,Web,0
U_01549,2025-08-26 12:11:01.026102,Saudi Arabia,Andriod,0
U_01550,2025-08-26 13:03:34.941494,Saudi Arabia,Web,0
U_01551,2025-08-26 13:56:08.856885,Qatar,iOS,0
U_01552,2025-08-26 14:48:42.772277,Saudi Arabia,Andriod,0
U_01553,2025-08-26 15:41:16.687668,UAE,Andriod,0
U_01554,2025-08-26 16:33:50.603060,Bahrain,Andriod,0
U_01555,2025-08-26 17:26:24.518451,Saudi Arabia,Andriod,0
U_01556,2025-08-26 18:18:58.433843,Saudi Arabia,Andriod,0
U_01557,2025-08-26 19:11:32.349234,Saudi Arabia,Andriod,0
U_01558,2025-08-26 20:04:06.264626,Saudi Arabia,Andriod,0
U_01559,2025-08-26 20:56:40.180018,UAE,iOS,0
U_01560,2025-08-26 21:49:14.095409,Bahrain,Andriod,0
U_01561,2025-08-26 22:41:48.010801,Saudi Arabia,Andriod,0
U_01562,2025-08-26 23:34:21.926192,Saudi Arabia,iOS,0
U_01563,2025-08-27 00:26:55.841584,Kuwait,Andriod,0
U_01564,2025-08-27 01:19:29.756975,Saudi Arabia,Andriod,0
U_01565,2025-08-27 02:12:03.672367,UAE,Andriod,0
U_01566,2025-08-27 03:04:37.587758,Saudi Arabia,iOS,0
U_01567,2025-08-27 03:57:11.503150,Saudi Arabia,iOS,0
U_01568,2025-08-27 04:49:45.418541,Saudi Arabia,Andriod,0
U_01569,2025-08-27 05:42:19.333933,Saudi Arabia,iOS,0
U_01570,2025-08-27 06:34:53.249324,Saudi Arabia,Andriod,0
U_01571,2025-08-27 07:27:27.164716,Saudi Arabia,iOS,0
U_01572,2025-08-27 08:20:01.080108,Saudi Arabia,Andriod,0
U_01573,2025-08-27 09:12:34.995499,Kuwait,iOS,0
U_01574,2025-08-27 10:05:08.910891,UAE,iOS,0
U_01575,2025-08-27 10:57:42.826282,Saudi Arabia,Andriod,1
U_01576,2025-08-27 11:50:16.741674,Saudi Arabia,iOS,0
U_01577,2025-08-27 12:42:50.657065,Saudi Arabia,Andriod,0
U_01578,2025-08-27 13:35:24.572457,Saudi Arabia,Web,0
U_01579,2025-08-27 14:27:58.487848,Saudi Arabia,Andriod,0
U_01580,2025-08-27 15:20:32.403240,Saudi Arabia,Andriod,0
U_01581,2025-08-27 16:13:06.318631,Saudi Arabia,iOS,1
U_01582,2025-08-27 17:05:40.234023,Saudi Arabia,iOS,0
U_01583,2025-08-27 17:58:14.149414,Saudi Arabia,Andriod,0
U_01584,2025-08-27 18:50:48.064806,Saudi Arabia,Andriod,0
U_01585,2025-08-27 19:43:21.980198,Other,Andriod,0
U_01586,2025-08-27 20:35:55.895589,Saudi Arabia,Andriod,0
U_01587,2025-08-27 21:28:29.810981,Saudi Arabia,Andriod,0
U_01588,2025-08-27 22:21:03.726372,Saudi Arabia,iOS,0
U_01589,2025-08-27 23:13:37.641764,Saudi Arabia,Andriod,0
U_01590,2025-08-28 00:06:11.557155,Kuwait,Andriod,0
U_01591,2025-08-28 00:58:45.472547,Saudi Arabia,Andriod,0
U_01592,2025-08-28 01:51:19.387938,Other,Andriod,0
U_01593,2025-08-28 02:43:53.303330,Saudi Arabia,iOS,0
U_01594,2025-08-28 03:36:27.218721,Saudi Arabia,iOS,0
U_01595,2025-08-28 04:29:01.134113,Kuwait,Andriod,0
U_01596,2025-08-28 05:21:35.049504,Saudi Arabia,Andriod,1
U_01597,2025-08-28 06:14:08.964896,Saudi Arabia,Andriod,0
U_01598,2025-08-28 07:06:42.880288,Saudi Arabia,iOS,1
U_01599,2025-08-28 07:59:16.795679,Saudi Arabia,iOS,1
U_01600,2025-08-28 08:51:50.711071,Bahrain,Andriod,0
U_01601,2025-08-28 09:44:24.626462,Saudi Arabia,iOS,1
U_01602,2025-08-28 10:36:58.541854,Saudi Arabia,Andriod,0
U_01603,2025-08-28 11:29:32.457245,Saudi Arabia,Web,0
U_01604,2025-08-28 12:22:06.372637,Saudi Arabia,Andriod,0
U_01605,2025-08-28 13:14:40.288028,Saudi Arabia,iOS,0
U_01606,2025-08-28 14:07:14.203420,Saudi Arabia,Andriod,0
U_01607,2025-08-28 14:59:48.118811,Saudi Arabia,iOS,0
U_01608,2025-08-28 15:52:22.034203,UAE,iOS,0
U_01609,2025-08-28 16:44:55.949594,Saudi Arabia,iOS,0
U_01610,2025-08-28 17:37:29.864986,Saudi Arabia,iOS,0
U_01611,2025-08-28 18:30:03.780378,Bahrain,Web,0
U_01612,2025-08-28 19:22:37.695769,Saudi Arabia,iOS,1
U_01613,2025-08-28 20:15:11.611161,Saudi Arabia,iOS,0
U_01614,2025-08-28 21:07:45.526552,Saudi Arabia,Web,0
U_01615,2025-08-28 22:00:19.441944,Saudi Arabia,iOS,0
U_01616,2025-08-28 22:52:53.357335,Saudi Arabia,Andriod,0
U_01617,2025-08-28 23:45:27.272727,Other,iOS,0
U_01618,2025-08-29 00:38:01.188118,Saudi Arabia,iOS,0
U_01619,2025-08-29 01:30:35.103510,Saudi Arabia,Web,0
U_01620,2025-08-29 02:23:09.018901,Kuwait,iOS,0
U_01621,2025-08-29 03:15:42.934293,Saudi Arabia,Andriod,0
U_01622,2025-08-29 04:08:16.849684,Saudi Arabia,iOS,0
U_01623,2025-08-29 05:00:50.765076,Saudi Arabia,iOS,0
U_01624,2025-08-29 05:53:24.680468,Qatar,iOS,0
U_01625,2025-08-29 06:45:58.595859,Saudi Arabia,iOS,0
U_01626,2025-08-29 07:38:32.511251,Saudi Arabia,iOS,0
U_01627,2025-08-29 08:31:06.426642,Saudi Arabia,Andriod,0
U_01628,2025-08-29 09:23:40.342034,Saudi Arabia,Andriod,0
U_01629,2025-08-29 10:16:14.257425,Saudi Arabia,iOS,0
U_01630,2025-08-29 11:08:48.172817,Saudi Arabia,Andriod,1
U_01631,2025-08-29 12:01:22.088208,Kuwait,Web,0
U_01632,2025-08-29 12:53:56.003600,Saudi Arabia,Web,0
U_01633,2025-08-29 13:46:29.918991,Saudi Arabia,Andriod,0
U_01634,2025-08-29 14:39:03.834383,Kuwait,Andriod,0
U_01635,2025-08-29 15:31:37.749774,Bahrain,iOS,0
U_01636,2025-08-29 16:24:11.665166,Saudi Arabia,iOS,0
U_01637,2025-08-29 17:16:45.580558,Saudi Arabia,Andriod,0
U_01638,2025-08-29 18:09:19.495949,Saudi Arabia,Andriod,0
U_01639,2025-08-29 19:01:53.411341,Other,Andriod,1
U_01640,2025-08-29 19:54:27.326732,Bahrain,Andriod,0
U_01641,2025-08-29 20:47:01.242124,Saudi Arabia,Web,1
U_01642,2025-08-29 21:39:35.157515,UAE,Andriod,0
U_01643,2025-08-29 22:32:09.072907,Saudi Arabia,Andriod,0
U_01644,2025-08-29 23:24:42.988298,Saudi Arabia,Andriod,0
U_01645,2025-08-30 00:17:16.903690,Saudi Arabia,iOS,0
U_01646,2025-08-30 01:09:50.819081,Kuwait,iOS,1
U_01647,2025-08-30 02:02:24.734473,Saudi Arabia,iOS,0
U_01648,2025-08-30 02:54:58.649864,UAE,Andriod,0
U_01649,2025-08-30 03:47:32.565256,Kuwait,iOS,1
U_01650,2025-08-30 04:40:06.480648,Kuwait,Andriod,0
U_01651,2025-08-30 05:32:40.396039,Saudi Arabia,iOS,0
U_01652,2025-08-30 06:25:14.311431,Saudi Arabia,Andriod,0
U_01653,2025-08-30 07:17:48.226822,Saudi Arabia,iOS,0
U_01654,2025-08-30 08:10:22.142214,Saudi Arabia,iOS,0
U_01655,2025-08-30 09:02:56.057605,Saudi Arabia,Andriod,0
U_01656,2025-08-30 09:55:29.972997,Qatar,Andriod,0
U_01657,2025-08-30 10:48:03.888388,Saudi Arabia,Web,0
U_01658,2025-08-30 11:40:37.803780,Saudi Arabia,Web,0
U_01659,2025-08-30 12:33:11.719171,Saudi Arabia,iOS,1
U_01660,2025-08-30 13:25:45.634563,Saudi Arabia,iOS,0
U_01661,2025-08-30 14:18:19.549954,Saudi Arabia,Andriod,0
U_01662,2025-08-30 15:10:53.465346,Saudi Arabia,Web,0
U_01663,2025-08-30 16:03:27.380738,Bahrain,Andriod,0
U_01664,2025-08-30 16:56:01.296129,Saudi Arabia,Andriod,0
U_01665,2025-08-30 17:48:35.211521,Other,Andriod,0
U_01666,2025-08-30 18:41:09.126912,UAE,iOS,0
U_01667,2025-08-30 19:33:43.042304,Saudi Arabia,Andriod,1
U_01668,2025-08-30 20:26:16.957695,Qatar,Andriod,0
U_01669,2025-08-30 21:18:50.873087,Saudi Arabia,Andriod,0
U_01670,2025-08-30 22:11:24.788478,UAE,iOS,0
U_01671,2025-08-30 23:03:58.703870,Saudi Arabia,iOS,0
U_01672,2025-08-30 23:56:32.619261,UAE,iOS,0
U_01673,2025-08-31 00:49:06.534653,UAE,iOS,0
U_01674,2025-08-31 01:41:40.450045,UAE,Web,0
U_01675,2025-08-31 02:34:14.365436,Kuwait,iOS,0
U_01676,2025-08-31 03:26:48.280828,Saudi Arabia,iOS,1
U_01677,2025-08-31 04:19:22.196219,Saudi Arabia,iOS,0
U_01678,2025-08-31 05:11:56.111611,Saudi Arabia,Andriod,0
U_01679,2025-08-31 06:04:30.027002,Saudi Arabia,Andriod,0
U_01680,2025-08-31 06:57:03.942394,Saudi Arabia,iOS,0
U_01681,2025-08-31 07:49:37.857785,Saudi Arabia,iOS,0
U_01682,2025-08-31 08:42:11.773177,Qatar,iOS,0
U_01683,2025-08-31 09:34:45.688568,Saudi Arabia,Andriod,0
U_01684,2025-08-31 10:27:19.603960,UAE,iOS,0
U_01685,2025-08-31 11:19:53.519351,Saudi Arabia,Web,0
U_01686,2025-08-31 12:12:27.434743,UAE,Andriod,0
U_01687,2025-08-31 13:05:01.350135,Bahrain,iOS,0
U_01688,2025-08-31 13:57:35.265526,Saudi Arabia,Andriod,1
U_01689,2025-08-31 14:50:09.180918,Saudi Arabia,iOS,0
U_01690,2025-08-31 15:42:43.096309,Kuwait,Andriod,0
U_01691,2025-08-31 16:35:17.011701,Saudi Arabia,iOS,1
U_01692,2025-08-31 17:27:50.927092,Saudi Arabia,Andriod,0
U_01693,2025-08-31 18:20:24.842484,Saudi Arabia,Andriod,0
U_01694,2025-08-31 19:12:58.757875,Saudi Arabia,Web,0
U_01695,2025-08-31 20:05:32.673267,Saudi Arabia,iOS,0
U_01696,2025-08-31 20:58:06.588658,Saudi Arabia,iOS,1
U_01697,2025-08-31 21:50:40.504050,Saudi Arabia,Andriod,0
U_01698,2025-08-31 22:43:14.419441,Saudi Arabia,Web,1
U_01699,2025-08-31 23:35:48.334833,Qatar,Web,0
U_01700,2025-09-01 00:28:22.250225,Saudi Arabia,iOS,0
U_01701,2025-09-01 01:20:56.165616,Qatar,iOS,0
U_01702,2025-09-01 02:13:30.081008,Saudi Arabia,Andriod,1
U_01703,2025-09-01 03:06:03.996399,Saudi Arabia,iOS,1
U_01704,2025-09-01 03:58:37.911791,Saudi Arabia,iOS,0
U_01705,2025-09-01 04:51:11.827182,Saudi Arabia,iOS,0
U_01706,2025-09-01 05:43:45.742574,Saudi Arabia,Andriod,0
U_01707,2025-09-01 06:36:19.657965,Saudi Arabia,Web,1
U_01708,2025-09-01 07:28:53.573357,Saudi Arabia,Web,0
U_01709,2025-09-01 08:21:27.488748,Saudi Arabia,iOS,0
U_01710,2025-09-01 09:14:01.404140,Saudi Arabia,Andriod,0
U_01711,2025-09-01 10:06:35.319531,Saudi Arabia,Andriod,0
U_01712,2025-09-01 10:59:09.234923,Saudi Arabia,iOS,0
U_01713,2025-09-01 11:51:43.150315,Kuwait,Andriod,0
U_01714,2025-09-01 12:44:17.065706,Saudi Arabia,Andriod,0
U_01715,2025-09-01 13:36:50.981098,Saudi Arabia,iOS,0
U_01716,2025-09-01 14:29:24.896489,Other,Andriod,0
U_01717,2025-09-01 15:21:58.811881,Saudi Arabia,iOS,0
U_01718,2025-09-01 16:14:32.727272,Saudi Arabia,Andriod,0
U_01719,2025-09-01 17:07:06.642664,Other,iOS,0
U_01720,2025-09-01 17:59:40.558055,Saudi Arabia,iOS,0
U_01721,2025-09-01 18:52:14.473447,Saudi Arabia,iOS,0
U_01722,2025-09-01 19:44:48.388838,Saudi Arabia,Andriod,0
U_01723,2025-09-01 20:37:22.304230,Saudi Arabia,Andriod,0
U_01724,2025-09-01 21:29:56.219621,Saudi Arabia,Andriod,0
U_01725,2025-09-01 22:22:30.135013,Saudi Arabia,Andriod,0
U_01726,2025-09-01 23:15:04.050405,Saudi Arabia,Andriod,0
U_01727,2025-09-02 00:07:37.965796,Saudi Arabia,iOS,0
U_01728,2025-09-02 01:00:11.881188,Other,Andriod,1
U_01729,2025-09-02 01:52:45.796579,UAE,iOS,0
U_01730,2025-09-02 02:45:19.711971,Saudi Arabia,iOS,0
U_01731,2025-09-02 03:37:53.627362,Saudi Arabia,Andriod,0
U_01732,2025-09-02 04:30:27.542754,Saudi Arabia,iOS,1
U_01733,2025-09-02 05:23:01.458145,Saudi Arabia,iOS,0
U_01734,2025-09-02 06:15:35.373537,Saudi Arabia,Andriod,1
U_01735,2025-09-02 07:08:09.288928,Saudi Arabia,Andriod,0
U_01736,2025-09-02 08:00:43.204320,Bahrain,Andriod,0
U_01737,2025-09-02 08:53:17.119711,Saudi Arabia,Andriod,0
U_01738,2025-09-02 09:45:51.035103,Saudi Arabia,Andriod,0
U_01739,2025-09-02 10:38:24.950495,Saudi Arabia,Andriod,0
U_01740,2025-09-02 11:30:58.865886,Saudi Arabia,iOS,0
U_01741,2025-09-02 12:23:32.781278,UAE,iOS,0
U_01742,2025-09-02 13:16:06.696669,Kuwait,Andriod,0
U_01743,2025-09-02 14:08:40.612061,Kuwait,iOS,0
U_01744,2025-09-02 15:01:14.527452,Saudi Arabia,Web,0
U_01745,2025-09-02 15:53:48.442844,Saudi Arabia,Andriod,0
U_01746,2025-09-02 16:46:22.358235,Saudi Arabia,iOS,1
U_01747,2025-09-02 17:38:56.273627,Saudi Arabia,iOS,0
U_01748,2025-09-02 18:31:30.189018,Saudi Arabia,iOS,0
U_01749,2025-09-02 19:24:04.104410,Kuwait,iOS,0
U_01750,2025-09-02 20:16:38.019801,Saudi Arabia,iOS,0
U_01751,2025-09-02 21:09:11.935193,Saudi Arabia,Andriod,0
U_01752,2025-09-02 22:01:45.850585,Saudi Arabia,Andriod,0
U_01753,2025-09-02 22:54:19.765976,Saudi Arabia,Andriod,0
U_01754,2025-09-02 23:46:53.681368,Saudi Arabia,iOS,0
U_01755,2025-09-03 00:39:27.596759,Qatar,iOS,0
U_01756,2025-09-03 01:32:01.512151,UAE,Andriod,0
U_01757,2025-09-03 02:24:35.427542,Qatar,Andriod,0
U_01758,2025-09-03 03:17:09.342934,Saudi Arabia,Andriod,0
U_01759,2025-09-03 04:09:43.258325,Saudi Arabia,Web,0
U_01760,2025-09-03 05:02:17.173717,Saudi Arabia,Andriod,0
U_01761,2025-09-03 05:54:51.089108,Saudi Arabia,Andriod,1
U_01762,2025-09-03 06:47:25.004500,UAE,iOS,0
U_01763,2025-09-03 07:39:58.919891,Saudi Arabia,Andriod,0
U_01764,2025-09-03 08:32:32.835283,Saudi Arabia,iOS,0
U_01765,2025-09-03 09:25:06.750675,Saudi Arabia,Andriod,0
U_01766,2025-09-03 10:17:40.666066,Saudi Arabia,Andriod,1
U_01767,2025-09-03 11:10:14.581458,Kuwait,iOS,1
U_01768,2025-09-03 12:02:48.496849,Saudi Arabia,iOS,0
U_01769,2025-09-03 12:55:22.412241,Saudi Arabia,iOS,0
U_01770,2025-09-03 13:47:56.327632,Saudi Arabia,iOS,0
U_01771,2025-09-03 14:40:30.243024,Saudi Arabia,iOS,0
U_01772,2025-09-03 15:33:04.158415,Kuwait,iOS,1
U_01773,2025-09-03 16:25:38.073807,Bahrain,iOS,0
U_01774,2025-09-03 17:18:11.989198,Qatar,iOS,0
U_01775,2025-09-03 18:10:45.904590,Kuwait,Web,0
U_01776,2025-09-03 19:03:19.819981,Saudi Arabia,iOS,0
U_01777,2025-09-03 19:55:53.735373,Saudi Arabia,iOS,1
U_01778,2025-09-03 20:48:27.650765,Saudi Arabia,Andriod,0
U_01779,2025-09-03 21:41:01.566156,Saudi Arabia,Andriod,0
U_01780,2025-09-03 22:33:35.481548,UAE,Andriod,0
U_01781,2025-09-03 23:26:09.396939,Saudi Arabia,iOS,0
U_01782,2025-09-04 00:18:43.312331,Bahrain,Andriod,1
U_01783,2025-09-04 01:11:17.227722,Saudi Arabia,Andriod,1
U_01784,2025-09-04 02:03:51.143114,Saudi Arabia,Andriod,1
U_01785,2025-09-04 02:56:25.058505,Saudi Arabia,Andriod,0
U_01786,2025-09-04 03:48:58.973897,Bahrain,Andriod,0
U_01787,2025-09-04 04:41:32.889288,Saudi Arabia,Andriod,0
U_01788,2025-09-04 05:34:06.804680,Saudi Arabia,Andriod,0
U_01789,2025-09-04 06:26:40.720072,Saudi Arabia,Andriod,0
U_01790,2025-09-04 07:19:14.635463,Saudi Arabia,Andriod,0
U_01791,2025-09-04 08:11:48.550855,Saudi Arabia,Andriod,0
U_01792,2025-09-04 09:04:22.466246,Kuwait,iOS,0
U_01793,2025-09-04 09:56:56.381638,Saudi Arabia,Web,0
U_01794,2025-09-04 10:49:30.297029,Saudi Arabia,iOS,0
U_01795,2025-09-04 11:42:04.212421,Saudi Arabia,Andriod,1
U_01796,2025-09-04 12:34:38.127812,Saudi Arabia,Andriod,0
U_01797,2025-09-04 13:27:12.043204,Kuwait,iOS,0
U_01798,2025-09-04 14:19:45.958595,Saudi Arabia,Andriod,1
U_01799,2025-09-04 15:12:19.873987,Saudi Arabia,iOS,0
U_01800,2025-09-04 16:04:53.789378,Saudi Arabia,iOS,0
U_01801,2025-09-04 16:57:27.704770,Qatar,iOS,0
U_01802,2025-09-04 17:50:01.620162,Kuwait,iOS,0
U_01803,2025-09-04 18:42:35.535553,Saudi Arabia,iOS,0
U_01804,2025-09-04 19:35:09.450945,Saudi Arabia,Web,1
U_01805,2025-09-04 20:27:43.366336,Saudi Arabia,Web,0
U_01806,2025-09-04 21:20:17.281728,Kuwait,iOS,0
U_01807,2025-09-04 22:12:51.197119,Saudi Arabia,Andriod,0
U_01808,2025-09-04 23:05:25.112511,Saudi Arabia,iOS,0
U_01809,2025-09-04 23:57:59.027902,Saudi Arabia,iOS,0
U_01810,2025-09-05 00:50:32.943294,Saudi Arabia,iOS,0
U_01811,2025-09-05 01:43:06.858685,Saudi Arabia,Web,0
U_01812,2025-09-05 02:35:40.774077,Kuwait,Web,0
U_01813,2025-09-05 03:28:14.689468,Saudi Arabia,iOS,0
U_01814,2025-09-05 04:20:48.604860,Saudi Arabia,iOS,0
U_01815,2025-09-05 05:13:22.520252,Saudi Arabia,iOS,0
U_01816,2025-09-05 06:05:56.435643,Qatar,Andriod,0
U_01817,2025-09-05 06:58:30.351035,Saudi Arabia,Andriod,0
U_01818,2025-09-05 07:51:04.266426,Kuwait,iOS,0
U_01819,2025-09-05 08:43:38.181818,Saudi Arabia,Andriod,1
U_01820,2025-09-05 09:36:12.097209,Saudi Arabia,iOS,1
U_01821,2025-09-05 10:28:46.012601,Saudi Arabia,Web,0
U_01822,2025-09-05 11:21:19.927992,Saudi Arabia,Andriod,0
U_01823,2025-09-05 12:13:53.843384,Saudi Arabia,Andriod,0
U_01824,2025-09-05 13:06:27.758775,Kuwait,Andriod,0
U_01825,2025-09-05 13:59:01.674167,Saudi Arabia,Andriod,0
U_01826,2025-09-05 14:51:35.589558,Saudi Arabia,iOS,0
U_01827,2025-09-05 15:44:09.504950,Saudi Arabia,iOS,0
U_01828,2025-09-05 16:36:43.420342,Qatar,Web,0
U_01829,2025-09-05 17:29:17.335733,Kuwait,iOS,0
U_01830,2025-09-05 18:21:51.251125,Saudi Arabia,iOS,0
U_01831,2025-09-05 19:14:25.166516,Qatar,Andriod,0
U_01832,2025-09-05 20:06:59.081908,Saudi Arabia,Andriod,0
U_01833,2025-09-05 20:59:32.997299,Saudi Arabia,Andriod,0
U_01834,2025-09-05 21:52:06.912691,Kuwait,Web,1
U_01835,2025-09-05 22:44:40.828082,UAE,Andriod,0
U_01836,2025-09-05 23:37:14.743474,Saudi Arabia,iOS,1
U_01837,2025-09-06 00:29:48.658865,Saudi Arabia,Andriod,0
U_01838,2025-09-06 01:22:22.574257,Saudi Arabia,Andriod,0
U_01839,2025-09-06 02:14:56.489648,Bahrain,iOS,0
U_01840,2025-09-06 03:07:30.405040,Saudi Arabia,iOS,0
U_01841,2025-09-06 04:00:04.320432,Saudi Arabia,iOS,0
U_01842,2025-09-06 04:52:38.235823,Saudi Arabia,Andriod,0
U_01843,2025-09-06 05:45:12.151215,Saudi Arabia,Andriod,0
U_01844,2025-09-06 06:37:46.066606,Saudi Arabia,Andriod,0
U_01845,2025-09-06 07:30:19.981998,Qatar,Web,0
U_01846,2025-09-06 08:22:53.897389,Saudi Arabia,iOS,0
U_01847,2025-09-06 09:15:27.812781,Saudi Arabia,Web,0
U_01848,2025-09-06 10:08:01.728172,Saudi Arabia,Andriod,0
U_01849,2025-09-06 11:00:35.643564,Bahrain,iOS,0
U_01850,2025-09-06 11:53:09.558955,Saudi Arabia,Web,0
U_01851,2025-09-06 12:45:43.474347,Saudi Arabia,iOS,0
U_01852,2025-09-06 13:38:17.389738,UAE,Andriod,0
U_01853,2025-09-06 14:30:51.305130,UAE,Andriod,0
U_01854,2025-09-06 15:23:25.220522,UAE,Andriod,0
U_01855,2025-09-06 16:15:59.135913,Bahrain,Andriod,0
U_01856,2025-09-06 17:08:33.051305,Saudi Arabia,iOS,1
U_01857,2025-09-06 18:01:06.966696,Kuwait,Andriod,0
U_01858,2025-09-06 18:53:40.882088,Saudi Arabia,iOS,0
U_01859,2025-09-06 19:46:14.797479,UAE,Andriod,0
U_01860,2025-09-06 20:38:48.712871,Kuwait,Andriod,0
U_01861,2025-09-06 21:31:22.628262,Kuwait,Web,0
U_01862,2025-09-06 22:23:56.543654,Saudi Arabia,iOS,0
U_01863,2025-09-06 23:16:30.459045,Saudi Arabia,Andriod,0
U_01864,2025-09-07 00:09:04.374437,Saudi Arabia,Web,1
U_01865,2025-09-07 01:01:38.289828,Other,Andriod,0
U_01866,2025-09-07 01:54:12.205220,Qatar,iOS,1
U_01867,2025-09-07 02:46:46.120612,Saudi Arabia,iOS,0
U_01868,2025-09-07 03:39:20.036003,Saudi Arabia,iOS,0
U_01869,2025-09-07 04:31:53.951395,Saudi Arabia,Andriod,0
U_01870,2025-09-07 05:24:27.866786,Kuwait,Andriod,0
U_01871,2025-09-07 06:17:01.782178,UAE,Web,0
U_01872,2025-09-07 07:09:35.697569,Saudi Arabia,iOS,0
U_01873,2025-09-07 08:02:09.612961,Saudi Arabia,iOS,0
U_01874,2025-09-07 08:54:43.528352,UAE,Andriod,0
U_01875,2025-09-07 09:47:17.443744,Kuwait,Andriod,0
U_01876,2025-09-07 10:39:51.359135,Saudi Arabia,Web,0
U_01877,2025-09-07 11:32:25.274527,Saudi Arabia,Andriod,0
U_01878,2025-09-07 12:24:59.189918,Saudi Arabia,Andriod,0
U_01879,2025-09-07 13:17:33.105310,Saudi Arabia,Andriod,1
U_01880,2025-09-07 14:10:07.020702,Saudi Arabia,Andriod,0
U_01881,2025-09-07 15:02:40.936093,Saudi Arabia,Andriod,0
U_01882,2025-09-07 15:55:14.851485,UAE,iOS,0
U_01883,2025-09-07 16:47:48.766876,Saudi Arabia,iOS,1
U_01884,2025-09-07 17:40:22.682268,Kuwait,iOS,0
U_01885,2025-09-07 18:32:56.597659,Saudi Arabia,Andriod,0
U_01886,2025-09-07 19:25:30.513051,Saudi Arabia,iOS,0
U_01887,2025-09-07 20:18:04.428442,Saudi Arabia,iOS,0
U_01888,2025-09-07 21:10:38.343834,Saudi Arabia,iOS,0
U_01889,2025-09-07 22:03:12.259225,Kuwait,Andriod,0
U_01890,2025-09-07 22:55:46.174617,Other,iOS,0
U_01891,2025-09-07 23:48:20.090009,Saudi Arabia,Andriod,1
U_01892,2025-09-08 00:40:54.005400,Saudi Arabia,iOS,0
U_01893,2025-09-08 01:33:27.920792,UAE,iOS,1
U_01894,2025-09-08 02:26:01.836183,Saudi Arabia,Andriod,0
U_01895,2025-09-08 03:18:35.751575,Saudi Arabia,iOS,0
U_01896,2025-09-08 04:11:09.666966,Kuwait,iOS,0
U_01897,2025-09-08 05:03:43.582358,Saudi Arabia,iOS,0
U_01898,2025-09-08 05:56:17.497749,Saudi Arabia,Andriod,0
U_01899,2025-09-08 06:48:51.413141,Saudi Arabia,Andriod,0
U_01900,2025-09-08 07:41:25.328532,Kuwait,iOS,0
U_01901,2025-09-08 08:33:59.243924,Saudi Arabia,iOS,0
U_01902,2025-09-08 09:26:33.159315,Saudi Arabia,Web,0
U_01903,2025-09-08 10:19:07.074707,Kuwait,Andriod,0
U_01904,2025-09-08 11:11:40.990099,Saudi Arabia,Andriod,0
U_01905,2025-09-08 12:04:14.905490,Kuwait,Andriod,0
U_01906,2025-09-08 12:56:48.820882,Saudi Arabia,Andriod,0
U_01907,2025-09-08 13:49:22.736273,Qatar,Andriod,0
U_01908,2025-09-08 14:41:56.651665,Saudi Arabia,Andriod,0
U_01909,2025-09-08 15:34:30.567056,Saudi Arabia,Andriod,0
U_01910,2025-09-08 16:27:04.482448,Saudi Arabia,iOS,0
U_01911,2025-09-08 17:19:38.397839,Saudi Arabia,Web,0
U_01912,2025-09-08 18:12:12.313231,UAE,Andriod,0
U_01913,2025-09-08 19:04:46.228622,Other,iOS,0
U_01914,2025-09-08 19:57:20.144014,Saudi Arabia,Web,0
U_01915,2025-09-08 20:49:54.059405,Saudi Arabia,Web,0
U_01916,2025-09-08 21:42:27.974797,Kuwait,Web,0
U_01917,2025-09-08 22:35:01.890189,Bahrain,Andriod,0
U_01918,2025-09-08 23:27:35.805580,Saudi Arabia,Web,1
U_01919,2025-09-09 00:20:09.720972,Saudi Arabia,iOS,0
U_01920,2025-09-09 01:12:43.636363,Saudi Arabia,Andriod,0
U_01921,2025-09-09 02:05:17.551755,Saudi Arabia,Andriod,0
U_01922,2025-09-09 02:57:51.467146,Saudi Arabia,iOS,0
U_01923,2025-09-09 03:50:25.382538,Saudi Arabia,iOS,0
U_01924,2025-09-09 04:42:59.297929,Saudi Arabia,Web,0
U_01925,2025-09-09 05:35:33.213321,Kuwait,iOS,0
U_01926,2025-09-09 06:28:07.128712,Saudi Arabia,Andriod,0
U_01927,2025-09-09 07:20:41.044104,Saudi Arabia,iOS,0
U_01928,2025-09-09 08:13:14.959495,Saudi Arabia,iOS,1
U_01929,2025-09-09 09:05:48.874887,Saudi Arabia,Andriod,0
U_01930,2025-09-09 09:58:22.790279,Saudi Arabia,iOS,0
U_01931,2025-09-09 10:50:56.705670,Saudi Arabia,Andriod,0
U_01932,2025-09-09 11:43:30.621062,Saudi Arabia,Andriod,1
U_01933,2025-09-09 12:36:04.536453,Saudi Arabia,iOS,0
U_01934,2025-09-09 13:28:38.451845,Saudi Arabia,iOS,0
U_01935,2025-09-09 14:21:12.367236,Saudi Arabia,iOS,0
U_01936,2025-09-09 15:13:46.282628,UAE,iOS,0
U_01937,2025-09-09 16:06:20.198019,Saudi Arabia,Andriod,0
U_01938,2025-09-09 16:58:54.113411,UAE,Andriod,0
U_01939,2025-09-09 17:51:28.028802,Saudi Arabia,iOS,0
U_01940,2025-09-09 18:44:01.944194,Saudi Arabia,Andriod,0
U_01941,2025-09-09 19:36:35.859585,Saudi Arabia,iOS,0
U_01942,2025-09-09 20:29:09.774977,Saudi Arabia,iOS,0
U_01943,2025-09-09 21:21:43.690369,Kuwait,iOS,0
U_01944,2025-09-09 22:14:17.605760,Kuwait,Andriod,0
U_01945,2025-09-09 23:06:51.521152,Kuwait,Web,0
U_01946,2025-09-09 23:59:25.436543,Saudi Arabia,Andriod,0
U_01947,2025-09-10 00:51:59.351935,Saudi Arabia,iOS,1
U_01948,2025-09-10 01:44:33.267326,Saudi Arabia,iOS,0
U_01949,2025-09-10 02:37:07.182718,Saudi Arabia,Andriod,0
U_01950,2025-09-10 03:29:41.098109,Saudi Arabia,Andriod,0
U_01951,2025-09-10 04:22:15.013501,Saudi Arabia,Web,0
U_01952,2025-09-10 05:14:48.928892,Saudi Arabia,iOS,0
U_01953,2025-09-10 06:07:22.844284,Saudi Arabia,iOS,0
U_01954,2025-09-10 06:59:56.759675,Kuwait,Andriod,1
U_01955,2025-09-10 07:52:30.675067,Other,Andriod,0
U_01956,2025-09-10 08:45:04.590459,Qatar,Andriod,0
U_01957,2025-09-10 09:37:38.505850,Saudi Arabia,Andriod,1
U_01958,2025-09-10 10:30:12.421242,Saudi Arabia,Web,0
U_01959,2025-09-10 11:22:46.336633,Saudi Arabia,Andriod,0
U_01960,2025-09-10 12:15:20.252025,Kuwait,Web,1
U_01961,2025-09-10 13:07:54.167416,Saudi Arabia,Web,0
U_01962,2025-09-10 14:00:28.082808,Saudi Arabia,Andriod,0
U_01963,2025-09-10 14:53:01.998199,UAE,iOS,0
U_01964,2025-09-10 15:45:35.913591,Saudi Arabia,iOS,0
U_01965,2025-09-10 16:38:09.828982,Saudi Arabia,Andriod,0
U_01966,2025-09-10 17:30:43.744374,Saudi Arabia,Andriod,1
U_01967,2025-09-10 18:23:17.659765,Saudi Arabia,Andriod,0
U_01968,2025-09-10 19:15:51.575157,Saudi Arabia,iOS,0
U_01969,2025-09-10 20:08:25.490549,Saudi Arabia,iOS,1
U_01970,2025-09-10 21:00:59.405940,Saudi Arabia,Andriod,0
U_01971,2025-09-10 21:53:33.321332,Saudi Arabia,iOS,0
U_01972,2025-09-10 22:46:07.236723,UAE,iOS,0
U_01973,2025-09-10 23:38:41.152115,Saudi Arabia,iOS,1
U_01974,2025-09-11 00:31:15.067506,Saudi Arabia,Andriod,1
U_01975,2025-09-11 01:23:48.982898,Saudi Arabia,iOS,0
U_01976,2025-09-11 02:16:22.898289,Qatar,Andriod,1
U_01977,2025-09-11 03:08:56.813681,Saudi Arabia,Andriod,0
U_01978,2025-09-11 04:01:30.729072,Saudi Arabia,Web,0
U_01979,2025-09-11 04:54:04.644464,UAE,Andriod,1
U_01980,2025-09-11 05:46:38.559855,UAE,iOS,0
U_01981,2025-09-11 06:39:12.475247,Saudi Arabia,iOS,0
U_01982,2025-09-11 07:31:46.390639,UAE,iOS,0
U_01983,2025-09-11 08:24:20.306030,Saudi Arabia,Andriod,0
U_01984,2025-09-11 09:16:54.221422,Saudi Arabia,iOS,0
U_01985,2025-09-11 10:09:28.136813,Saudi Arabia,iOS,0
U_01986,2025-09-11 11:02:02.052205,Saudi Arabia,Andriod,1
U_01987,2025-09-11 11:54:35.967596,Kuwait,iOS,1
U_01988,2025-09-11 12:47:09.882988,Saudi Arabia,iOS,0
U_01989,2025-09-11 13:39:43.798379,Saudi Arabia,Andriod,0
U_01990,2025-09-11 14:32:17.713771,Kuwait,Web,0
U_01991,2025-09-11 15:24:51.629162,Kuwait,iOS,0
U_01992,2025-09-11 16:17:25.544554,Saudi Arabia,iOS,0
U_01993,2025-09-11 17:09:59.459945,Saudi Arabia,Web,0
U_01994,2025-09-11 18:02:33.375337,Saudi Arabia,iOS,0
U_01995,2025-09-11 18:55:07.290729,Kuwait,Web,0
U_01996,2025-09-11 19:47:41.206120,Saudi Arabia,iOS,0
U_01997,2025-09-11 20:40:15.121512,Qatar,Andriod,0
U_01998,2025-09-11 21:32:49.036903,Saudi Arabia,iOS,0
U_01999,2025-09-11 22:25:22.952295,Saudi Arabia,Web,0
U_02000,2025-09-11 23:17:56.867686,Saudi Arabia,iOS,0
U_02001,2025-09-12 00:10:30.783078,Saudi Arabia,Andriod,0
U_02002,2025-09-12 01:03:04.698469,Saudi Arabia,iOS,0
U_02003,2025-09-12 01:55:38.613861,Bahrain,iOS,0
U_02004,2025-09-12 02:48:12.529252,Saudi Arabia,Andriod,0
U_02005,2025-09-12 03:40:46.444644,Saudi Arabia,Andriod,0
U_02006,2025-09-12 04:33:20.360036,Kuwait,Web,0
U_02007,2025-09-12 05:25:54.275427,Saudi Arabia,Andriod,0
U_02008,2025-09-12 06:18:28.190819,Kuwait,Andriod,1
U_02009,2025-09-12 07:11:02.106210,Saudi Arabia,Andriod,0
U_02010,2025-09-12 08:03:36.021602,Saudi Arabia,Web,0
U_02011,2025-09-12 08:56:09.936993,Saudi Arabia,Web,1
U_02012,2025-09-12 09:48:43.852385,Saudi Arabia,iOS,0
U_02013,2025-09-12 10:41:17.767776,Bahrain,Andriod,0
U_02014,2025-09-12 11:33:51.683168,Saudi Arabia,Andriod,0
U_02015,2025-09-12 12:26:25.598559,Saudi Arabia,iOS,0
U_02016,2025-09-12 13:18:59.513951,Saudi Arabia,Andriod,0
U_02017,2025-09-12 14:11:33.429342,Saudi Arabia,iOS,0
U_02018,2025-09-12 15:04:07.344734,Bahrain,Andriod,0
U_02019,2025-09-12 15:56:41.260126,Saudi Arabia,iOS,1
U_02020,2025-09-12 16:49:15.175517,Saudi Arabia,iOS,0
U_02021,2025-09-12 17:41:49.090909,Qatar,Andriod,0
U_02022,2025-09-12 18:34:23.006300,Saudi Arabia,Andriod,0
U_02023,2025-09-12 19:26:56.921692,Qatar,Andriod,0
U_02024,2025-09-12 20:19:30.837083,Saudi Arabia,Web,0
U_02025,2025-09-12 21:12:04.752475,Saudi Arabia,Andriod,0
U_02026,2025-09-12 22:04:38.667866,Saudi Arabia,iOS,0
U_02027,2025-09-12 22:57:12.583258,Kuwait,Andriod,0
U_02028,2025-09-12 23:49:46.498649,Other,Andriod,0
U_02029,2025-09-13 00:42:20.414041,Saudi Arabia,Andriod,0
U_02030,2025-09-13 01:34:54.329432,Saudi Arabia,iOS,1
U_02031,2025-09-13 02:27:28.244824,Saudi Arabia,Andriod,0
U_02032,2025-09-13 03:20:02.160216,Saudi Arabia,iOS,0
U_02033,2025-09-13 04:12:36.075607,Saudi Arabia,Andriod,0
U_02034,2025-09-13 05:05:09.990999,Qatar,Andriod,1
U_02035,2025-09-13 05:57:43.906390,Saudi Arabia,Andriod,1
U_02036,2025-09-13 06:50:17.821782,Saudi Arabia,Andriod,0
U_02037,2025-09-13 07:42:51.737173,Saudi Arabia,iOS,0
U_02038,2025-09-13 08:35:25.652565,Saudi Arabia,Andriod,0
U_02039,2025-09-13 09:27:59.567956,Saudi Arabia,Andriod,0
U_02040,2025-09-13 10:20:33.483348,Saudi Arabia,iOS,0
U_02041,2025-09-13 11:13:07.398739,UAE,Andriod,0
U_02042,2025-09-13 12:05:41.314131,Saudi Arabia,iOS,0
U_02043,2025-09-13 12:58:15.229522,Saudi Arabia,Andriod,0
U_02044,2025-09-13 13:50:49.144914,Saudi Arabia,Andriod,0
U_02045,2025-09-13 14:43:23.060306,UAE,Andriod,0
U_02046,2025-09-13 15:35:56.975697,Kuwait,iOS,0
U_02047,2025-09-13 16:28:30.891089,Saudi Arabia,iOS,0
U_02048,2025-09-13 17:21:04.806480,Kuwait,Web,0
U_02049,2025-09-13 18:13:38.721872,Saudi Arabia,Andriod,1
U_02050,2025-09-13 19:06:12.637263,Saudi Arabia,iOS,0
U_02051,2025-09-13 19:58:46.552655,Saudi Arabia,iOS,0
U_02052,2025-09-13 20:51:20.468046,Saudi Arabia,iOS,0
U_02053,2025-09-13 21:43:54.383438,Saudi Arabia,Andriod,0
U_02054,2025-09-13 22:36:28.298829,Qatar,Andriod,1
U_02055,2025-09-13 23:29:02.214221,UAE,Andriod,0
U_02056,2025-09-14 00:21:36.129612,Saudi Arabia,Andriod,0
U_02057,2025-09-14 01:14:10.045004,Saudi Arabia,Andriod,0
U_02058,2025-09-14 02:06:43.960396,Saudi Arabia,Andriod,1
U_02059,2025-09-14 02:59:17.875787,Saudi Arabia,iOS,0
U_02060,2025-09-14 03:51:51.791179,Saudi Arabia,Andriod,0
U_02061,2025-09-14 04:44:25.706570,Saudi Arabia,Web,0
U_02062,2025-09-14 05:36:59.621962,Saudi Arabia,Andriod,0
U_02063,2025-09-14 06:29:33.537353,UAE,Andriod,0
U_02064,2025-09-14 07:22:07.452745,Saudi Arabia,Andriod,0
U_02065,2025-09-14 08:14:41.368136,Saudi Arabia,Web,0
U_02066,2025-09-14 09:07:15.283528,Kuwait,Andriod,0
U_02067,2025-09-14 09:59:49.198919,Saudi Arabia,iOS,0
U_02068,2025-09-14 10:52:23.114311,Saudi Arabia,Web,0
U_02069,2025-09-14 11:44:57.029702,Saudi Arabia,Andriod,1
U_02070,2025-09-14 12:37:30.945094,Saudi Arabia,iOS,0
U_02071,2025-09-14 13:30:04.860486,Kuwait,Andriod,0
U_02072,2025-09-14 14:22:38.775877,Saudi Arabia,Andriod,0
U_02073,2025-09-14 15:15:12.691269,Saudi Arabia,iOS,0
U_02074,2025-09-14 16:07:46.606660,UAE,Web,0
U_02075,2025-09-14 17:00:20.522052,UAE,Andriod,0
U_02076,2025-09-14 17:52:54.437443,UAE,Andriod,0
U_02077,2025-09-14 18:45:28.352835,Saudi Arabia,iOS,0
U_02078,2025-09-14 19:38:02.268226,Saudi Arabia,Andriod,0
U_02079,2025-09-14 20:30:36.183618,Other,iOS,0
U_02080,2025-09-14 21:23:10.099009,Kuwait,Andriod,0
U_02081,2025-09-14 22:15:44.014401,Saudi Arabia,Andriod,1
U_02082,2025-09-14 23:08:17.929792,Saudi Arabia,Andriod,0
U_02083,2025-09-15 00:00:51.845184,Saudi Arabia,iOS,0
U_02084,2025-09-15 00:53:25.760576,Bahrain,iOS,0
U_02085,2025-09-15 01:45:59.675967,Saudi Arabia,iOS,0
U_02086,2025-09-15 02:38:33.591359,Saudi Arabia,iOS,0
U_02087,2025-09-15 03:31:07.506750,Saudi Arabia,Andriod,0
U_02088,2025-09-15 04:23:41.422142,Saudi Arabia,Andriod,1
U_02089,2025-09-15 05:16:15.337533,UAE,Andriod,0
U_02090,2025-09-15 06:08:49.252925,Saudi Arabia,Andriod,0
U_02091,2025-09-15 07:01:23.168316,Kuwait,iOS,0
U_02092,2025-09-15 07:53:57.083708,Qatar,iOS,0
U_02093,2025-09-15 08:46:30.999099,Saudi Arabia,iOS,0
U_02094,2025-09-15 09:39:04.914491,Saudi Arabia,Andriod,0
U_02095,2025-09-15 10:31:38.829882,Saudi Arabia,Andriod,0
U_02096,2025-09-15 11:24:12.745274,Kuwait,iOS,0
U_02097,2025-09-15 12:16:46.660666,Saudi Arabia,iOS,0
U_02098,2025-09-15 13:09:20.576057,Saudi Arabia,Andriod,0
U_02099,2025-09-15 14:01:54.491449,Kuwait,Andriod,0
U_02100,2025-09-15 14:54:28.406840,Saudi Arabia,Andriod,0
U_02101,2025-09-15 15:47:02.322232,Bahrain,Andriod,0
U_02102,2025-09-15 16:39:36.237623,Saudi Arabia,iOS,0
U_02103,2025-09-15 17:32:10.153015,Saudi Arabia,Web,0
U_02104,2025-09-15 18:24:44.068406,Saudi Arabia,Andriod,0
U_02105,2025-09-15 19:17:17.983798,Kuwait,iOS,0
U_02106,2025-09-15 20:09:51.899189,Saudi Arabia,Andriod,0
U_02107,2025-09-15 21:02:25.814581,UAE,Andriod,0
U_02108,2025-09-15 21:54:59.729972,Bahrain,iOS,0
U_02109,2025-09-15 22:47:33.645364,Saudi Arabia,Andriod,0
U_02110,2025-09-15 23:40:07.560756,Other,iOS,0
U_02111,2025-09-16 00:32:41.476147,Saudi Arabia,iOS,0
U_02112,2025-09-16 01:25:15.391539,Saudi Arabia,Andriod,1
U_02113,2025-09-16 02:17:49.306930,Saudi Arabia,iOS,0
U_02114,2025-09-16 03:10:23.222322,Bahrain,Andriod,0
U_02115,2025-09-16 04:02:57.137713,Saudi Arabia,Web,1
U_02116,2025-09-16 04:55:31.053105,Saudi Arabia,iOS,1
U_02117,2025-09-16 05:48:04.968496,Saudi Arabia,Andriod,1
U_02118,2025-09-16 06:40:38.883888,Saudi Arabia,Andriod,0
U_02119,2025-09-16 07:33:12.799279,Saudi Arabia,Andriod,1
U_02120,2025-09-16 08:25:46.714671,Bahrain,Andriod,0
U_02121,2025-09-16 09:18:20.630063,UAE,iOS,0
U_02122,2025-09-16 10:10:54.545454,Saudi Arabia,Andriod,0
U_02123,2025-09-16 11:03:28.460846,Qatar,Andriod,1
U_02124,2025-09-16 11:56:02.376237,Saudi Arabia,Web,0
U_02125,2025-09-16 12:48:36.291629,Other,iOS,0
U_02126,2025-09-16 13:41:10.207020,Saudi Arabia,Web,0
U_02127,2025-09-16 14:33:44.122412,Saudi Arabia,iOS,0
U_02128,2025-09-16 15:26:18.037803,Saudi Arabia,Web,1
U_02129,2025-09-16 16:18:51.953195,Bahrain,Andriod,0
U_02130,2025-09-16 17:11:25.868586,Saudi Arabia,Andriod,0
U_02131,2025-09-16 18:03:59.783978,Saudi Arabia,Andriod,0
U_02132,2025-09-16 18:56:33.699369,Saudi Arabia,iOS,0
U_02133,2025-09-16 19:49:07.614761,Saudi Arabia,iOS,0
U_02134,2025-09-16 20:41:41.530153,Saudi Arabia,iOS,0
U_02135,2025-09-16 21:34:15.445544,Kuwait,iOS,0
U_02136,2025-09-16 22:26:49.360936,Bahrain,iOS,0
U_02137,2025-09-16 23:19:23.276327,Saudi Arabia,Andriod,0
U_02138,2025-09-17 00:11:57.191719,Kuwait,Andriod,0
U_02139,2025-09-17 01:04:31.107110,Saudi Arabia,iOS,0
U_02140,2025-09-17 01:57:05.022502,UAE,Andriod,1
U_02141,2025-09-17 02:49:38.937893,UAE,Andriod,0
U_02142,2025-09-17 03:42:12.853285,Saudi Arabia,Web,0
U_02143,2025-09-17 04:34:46.768676,Kuwait,Andriod,0
U_02144,2025-09-17 05:27:20.684068,Saudi Arabia,iOS,0
U_02145,2025-09-17 06:19:54.599459,Saudi Arabia,Andriod,1
U_02146,2025-09-17 07:12:28.514851,UAE,Andriod,0
U_02147,2025-09-17 08:05:02.430243,Saudi Arabia,iOS,0
U_02148,2025-09-17 08:57:36.345634,Saudi Arabia,iOS,0
U_02149,2025-09-17 09:50:10.261026,Saudi Arabia,iOS,0
U_02150,2025-09-17 10:42:44.176417,UAE,iOS,0
U_02151,2025-09-17 11:35:18.091809,Saudi Arabia,Andriod,0
U_02152,2025-09-17 12:27:52.007200,Saudi Arabia,Andriod,0
U_02153,2025-09-17 13:20:25.922592,Kuwait,iOS,1
U_02154,2025-09-17 14:12:59.837983,UAE,Andriod,0
U_02155,2025-09-17 15:05:33.753375,Saudi Arabia,Andriod,1
U_02156,2025-09-17 15:58:07.668766,Saudi Arabia,iOS,0
U_02157,2025-09-17 16:50:41.584158,Saudi Arabia,iOS,0
U_02158,2025-09-17 17:43:15.499549,Saudi Arabia,iOS,0
U_02159,2025-09-17 18:35:49.414941,Saudi Arabia,iOS,0
U_02160,2025-09-17 19:28:23.330333,Kuwait,iOS,0
U_02161,2025-09-17 20:20:57.245724,Saudi Arabia,iOS,0
U_02162,2025-09-17 21:13:31.161116,Saudi Arabia,Andriod,0
U_02163,2025-09-17 22:06:05.076507,Saudi Arabia,Andriod,0
U_02164,2025-09-17 22:58:38.991899,UAE,iOS,0
U_02165,2025-09-17 23:51:12.907290,Saudi Arabia,iOS,0
U_02166,2025-09-18 00:43:46.822682,Qatar,Andriod,1
U_02167,2025-09-18 01:36:20.738073,Saudi Arabia,Andriod,0
U_02168,2025-09-18 02:28:54.653465,Saudi Arabia,Andriod,0
U_02169,2025-09-18 03:21:28.568856,Saudi Arabia,Andriod,0
U_02170,2025-09-18 04:14:02.484248,Saudi Arabia,iOS,0
U_02171,2025-09-18 05:06:36.399639,Saudi Arabia,iOS,0
U_02172,2025-09-18 05:59:10.315031,Saudi Arabia,Andriod,0
U_02173,2025-09-18 06:51:44.230423,Saudi Arabia,iOS,0
U_02174,2025-09-18 07:44:18.145814,UAE,Web,0
U_02175,2025-09-18 08:36:52.061206,Saudi Arabia,Andriod,0
U_02176,2025-09-18 09:29:25.976597,UAE,Andriod,0
U_02177,2025-09-18 10:21:59.891989,Saudi Arabia,iOS,0
U_02178,2025-09-18 11:14:33.807380,Saudi Arabia,Andriod,0
U_02179,2025-09-18 12:07:07.722772,Saudi Arabia,Andriod,0
U_02180,2025-09-18 12:59:41.638163,Saudi Arabia,iOS,0
U_02181,2025-09-18 13:52:15.553555,Saudi Arabia,iOS,1
U_02182,2025-09-18 14:44:49.468946,Saudi Arabia,Andriod,0
U_02183,2025-09-18 15:37:23.384338,Saudi Arabia,Andriod,0
U_02184,2025-09-18 16:29:57.299729,Saudi Arabia,Andriod,0
U_02185,2025-09-18 17:22:31.215121,Saudi Arabia,iOS,0
U_02186,2025-09-18 18:15:05.130513,Qatar,Andriod,0
U_02187,2025-09-18 19:07:39.045904,UAE,Andriod,0
U_02188,2025-09-18 20:00:12.961296,Kuwait,Andriod,0
U_02189,2025-09-18 20:52:46.876687,Kuwait,Andriod,1
U_02190,2025-09-18 21:45:20.792079,Saudi Arabia,Andriod,0
U_02191,2025-09-18 22:37:54.707470,Saudi Arabia,Andriod,0
U_02192,2025-09-18 23:30:28.622862,Bahrain,iOS,0
U_02193,2025-09-19 00:23:02.538253,Saudi Arabia,Web,0
U_02194,2025-09-19 01:15:36.453645,Saudi Arabia,Andriod,0
U_02195,2025-09-19 02:08:10.369036,Saudi Arabia,iOS,0
U_02196,2025-09-19 03:00:44.284428,Saudi Arabia,Andriod,0
U_02197,2025-09-19 03:53:18.199819,Saudi Arabia,Andriod,0
U_02198,2025-09-19 04:45:52.115211,UAE,iOS,0
U_02199,2025-09-19 05:38:26.030603,Saudi Arabia,iOS,0
U_02200,2025-09-19 06:30:59.945994,Saudi Arabia,Andriod,0
U_02201,2025-09-19 07:23:33.861386,Qatar,iOS,0
U_02202,2025-09-19 08:16:07.776777,Saudi Arabia,Andriod,0
U_02203,2025-09-19 09:08:41.692169,Saudi Arabia,iOS,0
U_02204,2025-09-19 10:01:15.607560,Saudi Arabia,Andriod,0
U_02205,2025-09-19 10:53:49.522952,Kuwait,iOS,0
U_02206,2025-09-19 11:46:23.438343,Bahrain,iOS,0
U_02207,2025-09-19 12:38:57.353735,Saudi Arabia,Andriod,0
U_02208,2025-09-19 13:31:31.269126,UAE,Andriod,0
U_02209,2025-09-19 14:24:05.184518,Saudi Arabia,iOS,0
U_02210,2025-09-19 15:16:39.099909,Bahrain,iOS,0
U_02211,2025-09-19 16:09:13.015301,Kuwait,Andriod,0
U_02212,2025-09-19 17:01:46.930693,UAE,Andriod,0
U_02213,2025-09-19 17:54:20.846084,Saudi Arabia,Web,0
U_02214,2025-09-19 18:46:54.761476,Qatar,Web,0
U_02215,2025-09-19 19:39:28.676867,Kuwait,Andriod,0
U_02216,2025-09-19 20:32:02.592259,Saudi Arabia,Andriod,1
U_02217,2025-09-19 21:24:36.507650,UAE,Andriod,0
U_02218,2025-09-19 22:17:10.423042,Saudi Arabia,Andriod,0
U_02219,2025-09-19 23:09:44.338433,UAE,iOS,0
U_02220,2025-09-20 00:02:18.253825,Saudi Arabia,iOS,1
U_02221,2025-09-20 00:54:52.169216,Kuwait,iOS,0
U_02222,2025-09-20 01:47:26.084608,Saudi Arabia,iOS,0
U_02223,2025-09-20 02:40:00.000000,Saudi Arabia,iOS,0
U_02224,2025-09-20 03:32:33.915391,Saudi Arabia,Andriod,0
U_02225,2025-09-20 04:25:07.830783,Saudi Arabia,Andriod,0
U_02226,2025-09-20 05:17:41.746174,Saudi Arabia,Andriod,0
U_02227,2025-09-20 06:10:15.661566,Saudi Arabia,iOS,0
U_02228,2025-09-20 07:02:49.576957,Saudi Arabia,iOS,0
U_02229,2025-09-20 07:55:23.492349,Saudi Arabia,Andriod,0
U_02230,2025-09-20 08:47:57.407740,Saudi Arabia,iOS,0
U_02231,2025-09-20 09:40:31.323132,Kuwait,Andriod,0
U_02232,2025-09-20 10:33:05.238523,Saudi Arabia,Web,0
U_02233,2025-09-20 11:25:39.153915,Bahrain,iOS,0
U_02234,2025-09-20 12:18:13.069306,UAE,iOS,1
U_02235,2025-09-20 13:10:46.984698,Saudi Arabia,Andriod,0
U_02236,2025-09-20 14:03:20.900090,Saudi Arabia,Web,0
U_02237,2025-09-20 14:55:54.815481,Bahrain,Andriod,1
U_02238,2025-09-20 15:48:28.730873,Saudi Arabia,Andriod,1
U_02239,2025-09-20 16:41:02.646264,Saudi Arabia,iOS,0
U_02240,2025-09-20 17:33:36.561656,Saudi Arabia,Web,0
U_02241,2025-09-20 18:26:10.477047,Kuwait,iOS,0
U_02242,2025-09-20 19:18:44.392439,Saudi Arabia,iOS,0
U_02243,2025-09-20 20:11:18.307830,Saudi Arabia,Andriod,1
U_02244,2025-09-20 21:03:52.223222,Other,Web,0
U_02245,2025-09-20 21:56:26.138613,UAE,iOS,0
U_02246,2025-09-20 22:49:00.054005,Saudi Arabia,iOS,0
U_02247,2025-09-20 23:41:33.969396,Saudi Arabia,iOS,0
U_02248,2025-09-21 00:34:07.884788,UAE,iOS,0
U_02249,2025-09-21 01:26:41.800180,Saudi Arabia,iOS,0
U_02250,2025-09-21 02:19:15.715571,Saudi Arabia,Web,0
U_02251,2025-09-21 03:11:49.630963,Saudi Arabia,Andriod,1
U_02252,2025-09-21 04:04:23.546354,Bahrain,Andriod,0
U_02253,2025-09-21 04:56:57.461746,Saudi Arabia,Andriod,0
U_02254,2025-09-21 05:49:31.377137,UAE,Andriod,0
U_02255,2025-09-21 06:42:05.292529,UAE,Andriod,0
U_02256,2025-09-21 07:34:39.207920,Saudi Arabia,Andriod,0
U_02257,2025-09-21 08:27:13.123312,Saudi Arabia,iOS,0
U_02258,2025-09-21 09:19:47.038703,Saudi Arabia,Andriod,0
U_02259,2025-09-21 10:12:20.954095,Saudi Arabia,Andriod,0
U_02260,2025-09-21 11:04:54.869486,Saudi Arabia,Andriod,0
U_02261,2025-09-21 11:57:28.784878,Kuwait,Web,0
U_02262,2025-09-21 12:50:02.700270,Saudi Arabia,Andriod,0
U_02263,2025-09-21 13:42:36.615661,Bahrain,Andriod,0
U_02264,2025-09-21 14:35:10.531053,Saudi Arabia,iOS,0
U_02265,2025-09-21 15:27:44.446444,Saudi Arabia,Andriod,0
U_02266,2025-09-21 16:20:18.361836,Saudi Arabia,iOS,0
U_02267,2025-09-21 17:12:52.277227,Saudi Arabia,iOS,0
U_02268,2025-09-21 18:05:26.192619,Kuwait,iOS,0
U_02269,2025-09-21 18:58:00.108010,Saudi Arabia,Andriod,0
U_02270,2025-09-21 19:50:34.023402,Saudi Arabia,iOS,0
U_02271,2025-09-21 20:43:07.938793,Saudi Arabia,Web,1
U_02272,2025-09-21 21:35:41.854185,Saudi Arabia,iOS,0
U_02273,2025-09-21 22:28:15.769576,Saudi Arabia,Web,0
U_02274,2025-09-21 23:20:49.684968,Saudi Arabia,Andriod,1
U_02275,2025-09-22 00:13:23.600360,Qatar,iOS,1
U_02276,2025-09-22 01:05:57.515751,Saudi Arabia,iOS,0
U_02277,2025-09-22 01:58:31.431143,Kuwait,Andriod,0
U_02278,2025-09-22 02:51:05.346534,Saudi Arabia,Andriod,1
U_02279,2025-09-22 03:43:39.261926,Saudi Arabia,Andriod,0
U_02280,2025-09-22 04:36:13.177317,Saudi Arabia,iOS,0
U_02281,2025-09-22 05:28:47.092709,Saudi Arabia,Andriod,0
U_02282,2025-09-22 06:21:21.008100,Saudi Arabia,Web,0
U_02283,2025-09-22 07:13:54.923492,Saudi Arabia,iOS,1
U_02284,2025-09-22 08:06:28.838883,Saudi Arabia,Andriod,0
U_02285,2025-09-22 08:59:02.754275,Saudi Arabia,iOS,0
U_02286,2025-09-22 09:51:36.669666,Saudi Arabia,Andriod,0
U_02287,2025-09-22 10:44:10.585058,Qatar,Andriod,0
U_02288,2025-09-22 11:36:44.500450,Saudi Arabia,iOS,0
U_02289,2025-09-22 12:29:18.415841,Saudi Arabia,iOS,0
U_02290,2025-09-22 13:21:52.331233,Saudi Arabia,iOS,0
U_02291,2025-09-22 14:14:26.246624,Saudi Arabia,Andriod,0
U_02292,2025-09-22 15:07:00.162016,Saudi Arabia,Andriod,0
U_02293,2025-09-22 15:59:34.077407,Saudi Arabia,Web,0
U_02294,2025-09-22 16:52:07.992799,Saudi Arabia,Andriod,0
U_02295,2025-09-22 17:44:41.908190,Saudi Arabia,iOS,0
U_02296,2025-09-22 18:37:15.823582,Saudi Arabia,Andriod,0
U_02297,2025-09-22 19:29:49.738973,Saudi Arabia,Andriod,0
U_02298,2025-09-22 20:22:23.654365,Saudi Arabia,Andriod,0
U_02299,2025-09-22 21:14:57.569756,Saudi Arabia,iOS,0
U_02300,2025-09-22 22:07:31.485148,Saudi Arabia,iOS,0
U_02301,2025-09-22 23:00:05.400540,UAE,Web,0
U_02302,2025-09-22 23:52:39.315931,Saudi Arabia,Andriod,0
U_02303,2025-09-23 00:45:13.231323,Saudi Arabia,iOS,0
U_02304,2025-09-23 01:37:47.146714,Saudi Arabia,Andriod,0
U_02305,2025-09-23 02:30:21.062106,Qatar,Web,0
U_02306,2025-09-23 03:22:54.977497,Saudi Arabia,iOS,0
U_02307,2025-09-23 04:15:28.892889,Saudi Arabia,Andriod,0
U_02308,2025-09-23 05:08:02.808280,Saudi Arabia,Web,0
U_02309,2025-09-23 06:00:36.723672,Saudi Arabia,iOS,1
U_02310,2025-09-23 06:53:10.639063,Saudi Arabia,Andriod,0
U_02311,2025-09-23 07:45:44.554455,Saudi Arabia,Andriod,0
U_02312,2025-09-23 08:38:18.469846,UAE,Andriod,0
U_02313,2025-09-23 09:30:52.385238,Saudi Arabia,iOS,0
U_02314,2025-09-23 10:23:26.300630,Kuwait,iOS,0
U_02315,2025-09-23 11:16:00.216021,Other,Andriod,1
U_02316,2025-09-23 12:08:34.131413,Saudi Arabia,iOS,0
U_02317,2025-09-23 13:01:08.046804,Saudi Arabia,Andriod,0
U_02318,2025-09-23 13:53:41.962196,Saudi Arabia,iOS,0
U_02319,2025-09-23 14:46:15.877587,Saudi Arabia,iOS,0
U_02320,2025-09-23 15:38:49.792979,Saudi Arabia,Web,0
U_02321,2025-09-23 16:31:23.708370,Bahrain,Andriod,0
U_02322,2025-09-23 17:23:57.623762,Kuwait,Web,1
U_02323,2025-09-23 18:16:31.539153,Saudi Arabia,iOS,0
U_02324,2025-09-23 19:09:05.454545,Saudi Arabia,Andriod,0
U_02325,2025-09-23 20:01:39.369936,UAE,iOS,0
U_02326,2025-09-23 20:54:13.285328,Qatar,Andriod,0
U_02327,2025-09-23 21:46:47.200720,UAE,Andriod,0
U_02328,2025-09-23 22:39:21.116111,Saudi Arabia,iOS,0
U_02329,2025-09-23 23:31:55.031503,Saudi Arabia,Web,0
U_02330,2025-09-24 00:24:28.946894,Saudi Arabia,iOS,1
U_02331,2025-09-24 01:17:02.862286,Saudi Arabia,Andriod,0
U_02332,2025-09-24 02:09:36.777677,Saudi Arabia,Web,0
U_02333,2025-09-24 03:02:10.693069,Saudi Arabia,Andriod,0
U_02334,2025-09-24 03:54:44.608460,Saudi Arabia,Web,0
U_02335,2025-09-24 04:47:18.523852,Saudi Arabia,iOS,1
U_02336,2025-09-24 05:39:52.439243,Saudi Arabia,iOS,1
U_02337,2025-09-24 06:32:26.354635,Saudi Arabia,iOS,1
U_02338,2025-09-24 07:25:00.270027,Saudi Arabia,Andriod,0
U_02339,2025-09-24 08:17:34.185418,Saudi Arabia,Andriod,1
U_02340,2025-09-24 09:10:08.100810,Saudi Arabia,iOS,0
U_02341,2025-09-24 10:02:42.016201,Kuwait,Andriod,0
U_02342,2025-09-24 10:55:15.931593,Saudi Arabia,iOS,0
U_02343,2025-09-24 11:47:49.846984,Saudi Arabia,iOS,0
U_02344,2025-09-24 12:40:23.762376,Saudi Arabia,Andriod,0
U_02345,2025-09-24 13:32:57.677767,Qatar,Andriod,0
U_02346,2025-09-24 14:25:31.593159,Saudi Arabia,Andriod,0
U_02347,2025-09-24 15:18:05.508550,Saudi Arabia,iOS,0
U_02348,2025-09-24 16:10:39.423942,Saudi Arabia,Andriod,0
U_02349,2025-09-24 17:03:13.339333,Saudi Arabia,iOS,0
U_02350,2025-09-24 17:55:47.254725,Saudi Arabia,iOS,0
U_02351,2025-09-24 18:48:21.170117,Saudi Arabia,Andriod,0
U_02352,2025-09-24 19:40:55.085508,Bahrain,Andriod,1
U_02353,2025-09-24 20:33:29.000900,Saudi Arabia,iOS,1
U_02354,2025-09-24 21:26:02.916291,UAE,iOS,1
U_02355,2025-09-24 22:18:36.831683,Kuwait,Andriod,0
U_02356,2025-09-24 23:11:10.747074,Saudi Arabia,iOS,0
U_02357,2025-09-25 00:03:44.662466,Bahrain,Andriod,0
U_02358,2025-09-25 00:56:18.577857,Saudi Arabia,Andriod,0
U_02359,2025-09-25 01:48:52.493249,Saudi Arabia,iOS,1
U_02360,2025-09-25 02:41:26.408640,Saudi Arabia,Andriod,0
U_02361,2025-09-25 03:34:00.324032,Saudi Arabia,Andriod,0
U_02362,2025-09-25 04:26:34.239423,Saudi Arabia,iOS,0
U_02363,2025-09-25 05:19:08.154815,Saudi Arabia,Andriod,1
U_02364,2025-09-25 06:11:42.070207,Saudi Arabia,iOS,0
U_02365,2025-09-25 07:04:15.985598,Saudi Arabia,Andriod,0
U_02366,2025-09-25 07:56:49.900990,Saudi Arabia,iOS,0
U_02367,2025-09-25 08:49:23.816381,Saudi Arabia,Andriod,0
U_02368,2025-09-25 09:41:57.731773,Saudi Arabia,iOS,0
U_02369,2025-09-25 10:34:31.647164,Saudi Arabia,iOS,1
U_02370,2025-09-25 11:27:05.562556,Kuwait,Andriod,0
U_02371,2025-09-25 12:19:39.477947,Saudi Arabia,iOS,0
U_02372,2025-09-25 13:12:13.393339,UAE,iOS,1
U_02373,2025-09-25 14:04:47.308730,Saudi Arabia,iOS,0
U_02374,2025-09-25 14:57:21.224122,Saudi Arabia,iOS,0
U_02375,2025-09-25 15:49:55.139513,Saudi Arabia,Web,0
U_02376,2025-09-25 16:42:29.054905,Saudi Arabia,Andriod,0
U_02377,2025-09-25 17:35:02.970297,Saudi Arabia,iOS,0
U_02378,2025-09-25 18:27:36.885688,Kuwait,Andriod,0
U_02379,2025-09-25 19:20:10.801080,Saudi Arabia,Andriod,0
U_02380,2025-09-25 20:12:44.716471,Kuwait,Web,1
U_02381,2025-09-25 21:05:18.631863,UAE,iOS,0
U_02382,2025-09-25 21:57:52.547254,UAE,Andriod,0
U_02383,2025-09-25 22:50:26.462646,Bahrain,Andriod,0
U_02384,2025-09-25 23:43:00.378037,Saudi Arabia,Andriod,1
U_02385,2025-09-26 00:35:34.293429,Saudi Arabia,Andriod,0
U_02386,2025-09-26 01:28:08.208820,Saudi Arabia,iOS,0
U_02387,2025-09-26 02:20:42.124212,Saudi Arabia,Andriod,0
U_02388,2025-09-26 03:13:16.039603,Saudi Arabia,Andriod,0
U_02389,2025-09-26 04:05:49.954995,Kuwait,Web,1
U_02390,2025-09-26 04:58:23.870387,Saudi Arabia,iOS,0
U_02391,2025-09-26 05:50:57.785778,Saudi Arabia,Andriod,0
U_02392,2025-09-26 06:43:31.701170,Saudi Arabia,Web,0
U_02393,2025-09-26 07:36:05.616561,Saudi Arabia,Andriod,0
U_02394,2025-09-26 08:28:39.531953,Saudi Arabia,Andriod,0
U_02395,2025-09-26 09:21:13.447344,Bahrain,Andriod,0
U_02396,2025-09-26 10:13:47.362736,Saudi Arabia,iOS,0
U_02397,2025-09-26 11:06:21.278127,Saudi Arabia,Andriod,1
U_02398,2025-09-26 11:58:55.193519,Saudi Arabia,iOS,0
U_02399,2025-09-26 12:51:29.108910,Saudi Arabia,Andriod,1
U_02400,2025-09-26 13:44:03.024302,Saudi Arabia,iOS,0
U_02401,2025-09-26 14:36:36.939693,Saudi Arabia,Andriod,0
U_02402,2025-09-26 15:29:10.855085,Saudi Arabia,Andriod,0
U_02403,2025-09-26 16:21:44.770477,Saudi Arabia,Andriod,0
U_02404,2025-09-26 17:14:18.685868,Saudi Arabia,iOS,0
U_02405,2025-09-26 18:06:52.601260,Saudi Arabia,Web,0
U_02406,2025-09-26 18:59:26.516651,Saudi Arabia,iOS,0
U_02407,2025-09-26 19:52:00.432043,Saudi Arabia,iOS,0
U_02408,2025-09-26 20:44:34.347434,Saudi Arabia,iOS,0
U_02409,2025-09-26 21:37:08.262826,Other,Web,0
U_02410,2025-09-26 22:29:42.178217,Saudi Arabia,Web,0
U_02411,2025-09-26 23:22:16.093609,Saudi Arabia,Andriod,0
U_02412,2025-09-27 00:14:50.009000,Saudi Arabia,Andriod,0
U_02413,2025-09-27 01:07:23.924392,Saudi Arabia,iOS,1
U_02414,2025-09-27 01:59:57.839783,Saudi Arabia,Web,0
U_02415,2025-09-27 02:52:31.755175,Saudi Arabia,iOS,1
U_02416,2025-09-27 03:45:05.670567,Qatar,iOS,0
U_02417,2025-09-27 04:37:39.585958,Saudi Arabia,iOS,1
U_02418,2025-09-27 05:30:13.501350,Saudi Arabia,Andriod,0
U_02419,2025-09-27 06:22:47.416741,Saudi Arabia,Andriod,0
U_02420,2025-09-27 07:15:21.332133,Saudi Arabia,iOS,0
U_02421,2025-09-27 08:07:55.247524,Saudi Arabia,Web,0
U_02422,2025-09-27 09:00:29.162916,Saudi Arabia,Andriod,1
U_02423,2025-09-27 09:53:03.078307,Kuwait,iOS,0
U_02424,2025-09-27 10:45:36.993699,Saudi Arabia,Andriod,0
U_02425,2025-09-27 11:38:10.909090,Saudi Arabia,Andriod,0
U_02426,2025-09-27 12:30:44.824482,Bahrain,Andriod,0
U_02427,2025-09-27 13:23:18.739873,Saudi Arabia,Andriod,0
U_02428,2025-09-27 14:15:52.655265,Qatar,Andriod,0
U_02429,2025-09-27 15:08:26.570657,Saudi Arabia,iOS,0
U_02430,2025-09-27 16:01:00.486048,Bahrain,Andriod,0
U_02431,2025-09-27 16:53:34.401440,Saudi Arabia,Web,0
U_02432,2025-09-27 17:46:08.316831,UAE,iOS,0
U_02433,2025-09-27 18:38:42.232223,Other,Andriod,0
U_02434,2025-09-27 19:31:16.147614,Saudi Arabia,Andriod,0
U_02435,2025-09-27 20:23:50.063006,Qatar,iOS,0
U_02436,2025-09-27 21:16:23.978397,Saudi Arabia,Web,1
U_02437,2025-09-27 22:08:57.893789,Saudi Arabia,Andriod,0
U_02438,2025-09-27 23:01:31.809180,Saudi Arabia,iOS,1
U_02439,2025-09-27 23:54:05.724572,Saudi Arabia,iOS,0
U_02440,2025-09-28 00:46:39.639963,Saudi Arabia,iOS,0
U_02441,2025-09-28 01:39:13.555355,Saudi Arabia,Andriod,0
U_02442,2025-09-28 02:31:47.470747,Saudi Arabia,Andriod,0
U_02443,2025-09-28 03:24:21.386138,Kuwait,Web,0
U_02444,2025-09-28 04:16:55.301530,UAE,iOS,0
U_02445,2025-09-28 05:09:29.216921,Saudi Arabia,iOS,1
U_02446,2025-09-28 06:02:03.132313,Saudi Arabia,iOS,0
U_02447,2025-09-28 06:54:37.047704,Saudi Arabia,Andriod,0
U_02448,2025-09-28 07:47:10.963096,Saudi Arabia,Web,0
U_02449,2025-09-28 08:39:44.878487,Saudi Arabia,Andriod,1
U_02450,2025-09-28 09:32:18.793879,Saudi Arabia,iOS,0
U_02451,2025-09-28 10:24:52.709270,Saudi Arabia,Andriod,0
U_02452,2025-09-28 11:17:26.624662,Qatar,Andriod,0
U_02453,2025-09-28 12:10:00.540054,Saudi Arabia,iOS,0
U_02454,2025-09-28 13:02:34.455445,Saudi Arabia,Andriod,0
U_02455,2025-09-28 13:55:08.370837,Saudi Arabia,iOS,0
U_02456,2025-09-28 14:47:42.286228,Saudi Arabia,iOS,0
U_02457,2025-09-28 15:40:16.201620,Saudi Arabia,iOS,0
U_02458,2025-09-28 16:32:50.117011,Saudi Arabia,Andriod,1
U_02459,2025-09-28 17:25:24.032403,Saudi Arabia,Andriod,0
U_02460,2025-09-28 18:17:57.947794,Saudi Arabia,iOS,1
U_02461,2025-09-28 19:10:31.863186,Other,iOS,0
U_02462,2025-09-28 20:03:05.778577,Bahrain,Andriod,0
U_02463,2025-09-28 20:55:39.693969,Saudi Arabia,Web,0
U_02464,2025-09-28 21:48:13.609360,Saudi Arabia,Andriod,0
U_02465,2025-09-28 22:40:47.524752,Saudi Arabia,iOS,1
U_02466,2025-09-28 23:33:21.440144,Saudi Arabia,iOS,0
U_02467,2025-09-29 00:25:55.355535,Saudi Arabia,iOS,0
U_02468,2025-09-29 01:18:29.270927,Saudi Arabia,iOS,1
U_02469,2025-09-29 02:11:03.186318,Saudi Arabia,Andriod,0
U_02470,2025-09-29 03:03:37.101710,Saudi Arabia,Andriod,0
U_02471,2025-09-29 03:56:11.017101,Saudi Arabia,Andriod,0
U_02472,2025-09-29 04:48:44.932493,Qatar,Andriod,0
U_02473,2025-09-29 05:41:18.847884,Bahrain,iOS,0
U_02474,2025-09-29 06:33:52.763276,Kuwait,iOS,0
U_02475,2025-09-29 07:26:26.678667,Saudi Arabia,Andriod,0
U_02476,2025-09-29 08:19:00.594059,UAE,iOS,0
U_02477,2025-09-29 09:11:34.509450,Saudi Arabia,iOS,0
U_02478,2025-09-29 10:04:08.424842,Kuwait,iOS,0
U_02479,2025-09-29 10:56:42.340234,Saudi Arabia,iOS,0
U_02480,2025-09-29 11:49:16.255625,Kuwait,iOS,0
U_02481,2025-09-29 12:41:50.171017,Saudi Arabia,Andriod,0
U_02482,2025-09-29 13:34:24.086408,UAE,Andriod,0
U_02483,2025-09-29 14:26:58.001800,Qatar,iOS,0
U_02484,2025-09-29 15:19:31.917191,Saudi Arabia,iOS,0
U_02485,2025-09-29 16:12:05.832583,Saudi Arabia,Andriod,0
U_02486,2025-09-29 17:04:39.747974,Other,iOS,0
U_02487,2025-09-29 17:57:13.663366,Saudi Arabia,iOS,1
U_02488,2025-09-29 18:49:47.578757,UAE,iOS,0
U_02489,2025-09-29 19:42:21.494149,Saudi Arabia,iOS,0
U_02490,2025-09-29 20:34:55.409540,Saudi Arabia,Andriod,1
U_02491,2025-09-29 21:27:29.324932,Saudi Arabia,Andriod,0
U_02492,2025-09-29 22:20:03.240324,Saudi Arabia,iOS,0
U_02493,2025-09-29 23:12:37.155715,Kuwait,iOS,0
U_02494,2025-09-30 00:05:11.071107,Saudi Arabia,iOS,0
U_02495,2025-09-30 00:57:44.986498,Saudi Arabia,iOS,0
U_02496,2025-09-30 01:50:18.901890,Saudi Arabia,Web,0
U_02497,2025-09-30 02:42:52.817281,Saudi Arabia,Andriod,0
U_02498,2025-09-30 03:35:26.732673,UAE,Andriod,1
U_02499,2025-09-30 04:28:00.648064,Other,Andriod,1
U_02500,2025-09-30 05:20:34.563456,Saudi Arabia,Andriod,0
U_02501,2025-09-30 06:13:08.478847,UAE,Andriod,0
U_02502,2025-09-30 07:05:42.394239,Kuwait,iOS,0
U_02503,2025-09-30 07:58:16.309630,Saudi Arabia,iOS,0
U_02504,2025-09-30 08:50:50.225022,Qatar,Andriod,1
U_02505,2025-09-30 09:43:24.140414,Saudi Arabia,iOS,0
U_02506,2025-09-30 10:35:58.055805,Saudi Arabia,Web,0
U_02507,2025-09-30 11:28:31.971197,UAE,Andriod,0
U_02508,2025-09-30 12:21:05.886588,Saudi Arabia,Web,0
U_02509,2025-09-30 13:13:39.801980,UAE,iOS,0
U_02510,2025-09-30 14:06:13.717371,Bahrain,Andriod,0
U_02511,2025-09-30 14:58:47.632763,Saudi Arabia,iOS,0
U_02512,2025-09-30 15:51:21.548154,Bahrain,Web,0
U_02513,2025-09-30 16:43:55.463546,Saudi Arabia,iOS,1
U_02514,2025-09-30 17:36:29.378937,Saudi Arabia,Andriod,0
U_02515,2025-09-30 18:29:03.294329,Saudi Arabia,Andriod,0
U_02516,2025-09-30 19:21:37.209720,Bahrain,Andriod,0
U_02517,2025-09-30 20:14:11.125112,Saudi Arabia,Andriod,0
U_02518,2025-09-30 21:06:45.040504,Saudi Arabia,Web,0
U_02519,2025-09-30 21:59:18.955895,Saudi Arabia,Andriod,0
U_02520,2025-09-30 22:51:52.871287,Kuwait,Andriod,0
U_02521,2025-09-30 23:44:26.786678,Saudi Arabia,iOS,0
U_02522,2025-10-01 00:37:00.702070,Saudi Arabia,Andriod,0
U_02523,2025-10-01 01:29:34.617461,Saudi Arabia,Andriod,0
U_02524,2025-10-01 02:22:08.532853,Saudi Arabia,Andriod,0
U_02525,2025-10-01 03:14:42.448244,UAE,iOS,0
U_02526,2025-10-01 04:07:16.363636,Saudi Arabia,Andriod,0
U_02527,2025-10-01 04:59:50.279027,Saudi Arabia,iOS,0
U_02528,2025-10-01 05:52:24.194419,Qatar,iOS,0
U_02529,2025-10-01 06:44:58.109810,Saudi Arabia,Andriod,0
U_02530,2025-10-01 07:37:32.025202,Other,iOS,0
U_02531,2025-10-01 08:30:05.940594,Saudi Arabia,iOS,0
U_02532,2025-10-01 09:22:39.855985,UAE,Andriod,0
U_02533,2025-10-01 10:15:13.771377,Saudi Arabia,iOS,1
U_02534,2025-10-01 11:07:47.686768,Saudi Arabia,iOS,0
U_02535,2025-10-01 12:00:21.602160,Kuwait,iOS,0
U_02536,2025-10-01 12:52:55.517551,UAE,Andriod,0
U_02537,2025-10-01 13:45:29.432943,Kuwait,Andriod,0
U_02538,2025-10-01 14:38:03.348334,Saudi Arabia,Andriod,0
U_02539,2025-10-01 15:30:37.263726,Kuwait,iOS,1
U_02540,2025-10-01 16:23:11.179117,Kuwait,iOS,0
U_02541,2025-10-01 17:15:45.094509,Saudi Arabia,iOS,0
U_02542,2025-10-01 18:08:19.009900,Kuwait,Andriod,0
U_02543,2025-10-01 19:00:52.925292,UAE,Web,0
U_02544,2025-10-01 19:53:26.840684,Saudi Arabia,iOS,0
U_02545,2025-10-01 20:46:00.756075,Saudi Arabia,iOS,0
U_02546,2025-10-01 21:38:34.671467,Saudi Arabia,iOS,1
U_02547,2025-10-01 22:31:08.586858,Saudi Arabia,Andriod,1
U_02548,2025-10-01 23:23:42.502250,Saudi Arabia,Andriod,0
U_02549,2025-10-02 00:16:16.417641,Saudi Arabia,Andriod,0
U_02550,2025-10-02 01:08:50.333033,Saudi Arabia,Andriod,0
U_02551,2025-10-02 02:01:24.248424,Saudi Arabia,Andriod,0
U_02552,2025-10-02 02:53:58.163816,Saudi Arabia,iOS,0
U_02553,2025-10-02 03:46:32.079207,UAE,iOS,0
U_02554,2025-10-02 04:39:05.994599,Qatar,Andriod,0
U_02555,2025-10-02 05:31:39.909990,Saudi Arabia,Andriod,0
U_02556,2025-10-02 06:24:13.825382,Qatar,Andriod,0
U_02557,2025-10-02 07:16:47.740774,Saudi Arabia,Andriod,0
U_02558,2025-10-02 08:09:21.656165,Saudi Arabia,Andriod,0
U_02559,2025-10-02 09:01:55.571557,Saudi Arabia,Andriod,0
U_02560,2025-10-02 09:54:29.486948,Saudi Arabia,Andriod,0
U_02561,2025-10-02 10:47:03.402340,Kuwait,Andriod,0
U_02562,2025-10-02 11:39:37.317731,Kuwait,iOS,0
U_02563,2025-10-02 12:32:11.233123,Saudi Arabia,Andriod,1
U_02564,2025-10-02 13:24:45.148514,Saudi Arabia,Web,0
U_02565,2025-10-02 14:17:19.063906,Saudi Arabia,iOS,0
U_02566,2025-10-02 15:09:52.979297,Saudi Arabia,Andriod,0
U_02567,2025-10-02 16:02:26.894689,Saudi Arabia,Andriod,0
U_02568,2025-10-02 16:55:00.810081,Saudi Arabia,iOS,0
U_02569,2025-10-02 17:47:34.725472,UAE,Andriod,0
U_02570,2025-10-02 18:40:08.640864,Bahrain,iOS,0
U_02571,2025-10-02 19:32:42.556255,Saudi Arabia,Web,0
U_02572,2025-10-02 20:25:16.471647,Bahrain,Andriod,1
U_02573,2025-10-02 21:17:50.387038,Saudi Arabia,iOS,0
U_02574,2025-10-02 22:10:24.302430,Saudi Arabia,iOS,0
U_02575,2025-10-02 23:02:58.217821,Saudi Arabia,Andriod,0
U_02576,2025-10-02 23:55:32.133213,Saudi Arabia,iOS,0
U_02577,2025-10-03 00:48:06.048604,Qatar,iOS,0
U_02578,2025-10-03 01:40:39.963996,Saudi Arabia,Andriod,0
U_02579,2025-10-03 02:33:13.879387,Saudi Arabia,iOS,0
U_02580,2025-10-03 03:25:47.794779,Saudi Arabia,iOS,0
U_02581,2025-10-03 04:18:21.710171,Saudi Arabia,Andriod,0
U_02582,2025-10-03 05:10:55.625562,Bahrain,Web,0
U_02583,2025-10-03 06:03:29.540954,Saudi Arabia,Andriod,0
U_02584,2025-10-03 06:56:03.456345,Saudi Arabia,Andriod,0
U_02585,2025-10-03 07:48:37.371737,Saudi Arabia,iOS,0
U_02586,2025-10-03 08:41:11.287128,Saudi Arabia,iOS,0
U_02587,2025-10-03 09:33:45.202520,Saudi Arabia,iOS,0
U_02588,2025-10-03 10:26:19.117911,Saudi Arabia,Andriod,0
U_02589,2025-10-03 11:18:53.033303,Saudi Arabia,Web,0
U_02590,2025-10-03 12:11:26.948694,Kuwait,Andriod,1
U_02591,2025-10-03 13:04:00.864086,UAE,Andriod,0
U_02592,2025-10-03 13:56:34.779477,UAE,Andriod,1
U_02593,2025-10-03 14:49:08.694869,Saudi Arabia,iOS,0
U_02594,2025-10-03 15:41:42.610261,Saudi Arabia,Andriod,0
U_02595,2025-10-03 16:34:16.525652,Saudi Arabia,iOS,0
U_02596,2025-10-03 17:26:50.441044,Kuwait,iOS,0
U_02597,2025-10-03 18:19:24.356435,Saudi Arabia,Andriod,1
U_02598,2025-10-03 19:11:58.271827,Saudi Arabia,Andriod,0
U_02599,2025-10-03 20:04:32.187218,Saudi Arabia,Andriod,0
U_02600,2025-10-03 20:57:06.102610,Saudi Arabia,Andriod,0
U_02601,2025-10-03 21:49:40.018001,Saudi Arabia,iOS,0
U_02602,2025-10-03 22:42:13.933393,Saudi Arabia,Andriod,1
U_02603,2025-10-03 23:34:47.848784,Kuwait,Andriod,0
U_02604,2025-10-04 00:27:21.764176,Saudi Arabia,iOS,0
U_02605,2025-10-04 01:19:55.679567,Saudi Arabia,Andriod,0
U_02606,2025-10-04 02:12:29.594959,Saudi Arabia,Andriod,1
U_02607,2025-10-04 03:05:03.510351,Saudi Arabia,Andriod,0
U_02608,2025-10-04 03:57:37.425742,Saudi Arabia,Andriod,1
U_02609,2025-10-04 04:50:11.341134,Kuwait,Andriod,0
U_02610,2025-10-04 05:42:45.256525,Saudi Arabia,Andriod,0
U_02611,2025-10-04 06:35:19.171917,UAE,iOS,0
U_02612,2025-10-04 07:27:53.087308,Saudi Arabia,iOS,0
U_02613,2025-10-04 08:20:27.002700,Saudi Arabia,iOS,0
U_02614,2025-10-04 09:13:00.918091,Kuwait,iOS,0
U_02615,2025-10-04 10:05:34.833483,Saudi Arabia,Web,0
U_02616,2025-10-04 10:58:08.748874,Saudi Arabia,Andriod,0
U_02617,2025-10-04 11:50:42.664266,Saudi Arabia,iOS,0
U_02618,2025-10-04 12:43:16.579657,Saudi Arabia,iOS,0
U_02619,2025-10-04 13:35:50.495049,UAE,iOS,0
U_02620,2025-10-04 14:28:24.410441,Saudi Arabia,Andriod,0
U_02621,2025-10-04 15:20:58.325832,Kuwait,Andriod,0
U_02622,2025-10-04 16:13:32.241224,Bahrain,Andriod,1
U_02623,2025-10-04 17:06:06.156615,Saudi Arabia,Web,0
U_02624,2025-10-04 17:58:40.072007,Bahrain,iOS,0
U_02625,2025-10-04 18:51:13.987398,Saudi Arabia,iOS,0
U_02626,2025-10-04 19:43:47.902790,Qatar,iOS,0
U_02627,2025-10-04 20:36:21.818181,Saudi Arabia,iOS,0
U_02628,2025-10-04 21:28:55.733573,Saudi Arabia,Web,0
U_02629,2025-10-04 22:21:29.648964,Saudi Arabia,Andriod,0
U_02630,2025-10-04 23:14:03.564356,Saudi Arabia,Andriod,0
U_02631,2025-10-05 00:06:37.479747,Saudi Arabia,Andriod,0
U_02632,2025-10-05 00:59:11.395139,Kuwait,iOS,0
U_02633,2025-10-05 01:51:45.310531,Saudi Arabia,iOS,1
U_02634,2025-10-05 02:44:19.225922,Saudi Arabia,Andriod,1
U_02635,2025-10-05 03:36:53.141314,Kuwait,Andriod,0
U_02636,2025-10-05 04:29:27.056705,Saudi Arabia,iOS,0
U_02637,2025-10-05 05:22:00.972097,Qatar,Andriod,0
U_02638,2025-10-05 06:14:34.887488,Kuwait,Andriod,0
U_02639,2025-10-05 07:07:08.802880,Qatar,Andriod,0
U_02640,2025-10-05 07:59:42.718271,Kuwait,Andriod,0
U_02641,2025-10-05 08:52:16.633663,Saudi Arabia,Andriod,0
U_02642,2025-10-05 09:44:50.549054,Saudi Arabia,Andriod,0
U_02643,2025-10-05 10:37:24.464446,Kuwait,Andriod,0
U_02644,2025-10-05 11:29:58.379837,Saudi Arabia,Web,0
U_02645,2025-10-05 12:22:32.295229,Saudi Arabia,iOS,0
U_02646,2025-10-05 13:15:06.210621,Saudi Arabia,Andriod,0
U_02647,2025-10-05 14:07:40.126012,Qatar,iOS,1
U_02648,2025-10-05 15:00:14.041404,Saudi Arabia,iOS,0
U_02649,2025-10-05 15:52:47.956795,Saudi Arabia,Andriod,0
U_02650,2025-10-05 16:45:21.872187,Saudi Arabia,Web,0
U_02651,2025-10-05 17:37:55.787578,Saudi Arabia,iOS,0
U_02652,2025-10-05 18:30:29.702970,Saudi Arabia,iOS,0
U_02653,2025-10-05 19:23:03.618361,Saudi Arabia,iOS,0
U_02654,2025-10-05 20:15:37.533753,Saudi Arabia,Andriod,0
U_02655,2025-10-05 21:08:11.449144,Kuwait,iOS,0
U_02656,2025-10-05 22:00:45.364536,Saudi Arabia,iOS,0
U_02657,2025-10-05 22:53:19.279927,UAE,Andriod,0
U_02658,2025-10-05 23:45:53.195319,UAE,iOS,0
U_02659,2025-10-06 00:38:27.110711,Saudi Arabia,Andriod,0
U_02660,2025-10-06 01:31:01.026102,Saudi Arabia,Andriod,0
U_02661,2025-10-06 02:23:34.941494,Saudi Arabia,iOS,1
U_02662,2025-10-06 03:16:08.856885,Bahrain,Andriod,0
U_02663,2025-10-06 04:08:42.772277,Saudi Arabia,Andriod,0
U_02664,2025-10-06 05:01:16.687668,Saudi Arabia,Andriod,0
U_02665,2025-10-06 05:53:50.603060,Saudi Arabia,Andriod,0
U_02666,2025-10-06 06:46:24.518451,Saudi Arabia,iOS,0
U_02667,2025-10-06 07:38:58.433843,Saudi Arabia,Andriod,0
U_02668,2025-10-06 08:31:32.349234,Saudi Arabia,Andriod,1
U_02669,2025-10-06 09:24:06.264626,Kuwait,iOS,0
U_02670,2025-10-06 10:16:40.180018,Saudi Arabia,iOS,0
U_02671,2025-10-06 11:09:14.095409,Saudi Arabia,iOS,1
U_02672,2025-10-06 12:01:48.010801,Saudi Arabia,iOS,0
U_02673,2025-10-06 12:54:21.926192,Kuwait,Andriod,0
U_02674,2025-10-06 13:46:55.841584,Saudi Arabia,iOS,0
U_02675,2025-10-06 14:39:29.756975,Bahrain,iOS,0
U_02676,2025-10-06 15:32:03.672367,Saudi Arabia,Andriod,0
U_02677,2025-10-06 16:24:37.587758,Saudi Arabia,iOS,0
U_02678,2025-10-06 17:17:11.503150,Saudi Arabia,Andriod,0
U_02679,2025-10-06 18:09:45.418541,Saudi Arabia,Andriod,0
U_02680,2025-10-06 19:02:19.333933,Saudi Arabia,iOS,0
U_02681,2025-10-06 19:54:53.249324,Saudi Arabia,Andriod,0
U_02682,2025-10-06 20:47:27.164716,UAE,Andriod,0
U_02683,2025-10-06 21:40:01.080108,Saudi Arabia,iOS,0
U_02684,2025-10-06 22:32:34.995499,Saudi Arabia,iOS,0
U_02685,2025-10-06 23:25:08.910891,Saudi Arabia,Andriod,0
U_02686,2025-10-07 00:17:42.826282,Saudi Arabia,Web,1
U_02687,2025-10-07 01:10:16.741674,Saudi Arabia,Andriod,0
U_02688,2025-10-07 02:02:50.657065,Saudi Arabia,iOS,0
U_02689,2025-10-07 02:55:24.572457,Saudi Arabia,Andriod,0
U_02690,2025-10-07 03:47:58.487848,Saudi Arabia,Andriod,0
U_02691,2025-10-07 04:40:32.403240,Saudi Arabia,Andriod,0
U_02692,2025-10-07 05:33:06.318631,Saudi Arabia,Andriod,1
U_02693,2025-10-07 06:25:40.234023,Saudi Arabia,Andriod,0
U_02694,2025-10-07 07:18:14.149414,Saudi Arabia,Andriod,0
U_02695,2025-10-07 08:10:48.064806,Qatar,Andriod,0
U_02696,2025-10-07 09:03:21.980198,Saudi Arabia,Andriod,1
U_02697,2025-10-07 09:55:55.895589,Saudi Arabia,iOS,0
U_02698,2025-10-07 10:48:29.810981,Saudi Arabia,Andriod,1
U_02699,2025-10-07 11:41:03.726372,Kuwait,Web,0
U_02700,2025-10-07 12:33:37.641764,Kuwait,iOS,1
U_02701,2025-10-07 13:26:11.557155,Saudi Arabia,Andriod,0
U_02702,2025-10-07 14:18:45.472547,Qatar,iOS,0
U_02703,2025-10-07 15:11:19.387938,Saudi Arabia,Andriod,0
U_02704,2025-10-07 16:03:53.303330,Saudi Arabia,Andriod,1
U_02705,2025-10-07 16:56:27.218721,Kuwait,iOS,0
U_02706,2025-10-07 17:49:01.134113,UAE,Andriod,0
U_02707,2025-10-07 18:41:35.049504,Saudi Arabia,iOS,0
U_02708,2025-10-07 19:34:08.964896,Saudi Arabia,Andriod,0
U_02709,2025-10-07 20:26:42.880288,Saudi Arabia,Andriod,0
U_02710,2025-10-07 21:19:16.795679,Saudi Arabia,iOS,0
U_02711,2025-10-07 22:11:50.711071,Kuwait,iOS,0
U_02712,2025-10-07 23:04:24.626462,Saudi Arabia,iOS,0
U_02713,2025-10-07 23:56:58.541854,Saudi Arabia,Andriod,1
U_02714,2025-10-08 00:49:32.457245,Saudi Arabia,Andriod,1
U_02715,2025-10-08 01:42:06.372637,Saudi Arabia,iOS,0
U_02716,2025-10-08 02:34:40.288028,Saudi Arabia,iOS,0
U_02717,2025-10-08 03:27:14.203420,Saudi Arabia,iOS,0
U_02718,2025-10-08 04:19:48.118811,Qatar,Andriod,0
U_02719,2025-10-08 05:12:22.034203,UAE,Andriod,0
U_02720,2025-10-08 06:04:55.949594,Saudi Arabia,iOS,0
U_02721,2025-10-08 06:57:29.864986,Bahrain,Andriod,0
U_02722,2025-10-08 07:50:03.780378,Kuwait,iOS,0
U_02723,2025-10-08 08:42:37.695769,Kuwait,Web,0
U_02724,2025-10-08 09:35:11.611161,Saudi Arabia,Web,0
U_02725,2025-10-08 10:27:45.526552,Saudi Arabia,Andriod,0
U_02726,2025-10-08 11:20:19.441944,Saudi Arabia,Web,0
U_02727,2025-10-08 12:12:53.357335,Saudi Arabia,Andriod,0
U_02728,2025-10-08 13:05:27.272727,Saudi Arabia,Andriod,0
U_02729,2025-10-08 13:58:01.188118,Saudi Arabia,Andriod,0
U_02730,2025-10-08 14:50:35.103510,Saudi Arabia,iOS,0
U_02731,2025-10-08 15:43:09.018901,Kuwait,iOS,0
U_02732,2025-10-08 16:35:42.934293,Saudi Arabia,iOS,0
U_02733,2025-10-08 17:28:16.849684,Saudi Arabia,Andriod,0
U_02734,2025-10-08 18:20:50.765076,Qatar,iOS,0
U_02735,2025-10-08 19:13:24.680468,Qatar,iOS,0
U_02736,2025-10-08 20:05:58.595859,Kuwait,Andriod,0
U_02737,2025-10-08 20:58:32.511251,Other,iOS,0
U_02738,2025-10-08 21:51:06.426642,Saudi Arabia,Andriod,0
U_02739,2025-10-08 22:43:40.342034,Qatar,Web,0
U_02740,2025-10-08 23:36:14.257425,Saudi Arabia,Andriod,0
U_02741,2025-10-09 00:28:48.172817,Saudi Arabia,Andriod,0
U_02742,2025-10-09 01:21:22.088208,Saudi Arabia,Andriod,0
U_02743,2025-10-09 02:13:56.003600,Saudi Arabia,Andriod,0
U_02744,2025-10-09 03:06:29.918991,Saudi Arabia,iOS,0
U_02745,2025-10-09 03:59:03.834383,Saudi Arabia,Andriod,0
U_02746,2025-10-09 04:51:37.749774,Kuwait,iOS,0
U_02747,2025-10-09 05:44:11.665166,Saudi Arabia,iOS,1
U_02748,2025-10-09 06:36:45.580558,Saudi Arabia,Andriod,0
U_02749,2025-10-09 07:29:19.495949,UAE,iOS,0
U_02750,2025-10-09 08:21:53.411341,Saudi Arabia,iOS,0
U_02751,2025-10-09 09:14:27.326732,Saudi Arabia,iOS,0
U_02752,2025-10-09 10:07:01.242124,Saudi Arabia,iOS,1
U_02753,2025-10-09 10:59:35.157515,Saudi Arabia,iOS,0
U_02754,2025-10-09 11:52:09.072907,Saudi Arabia,iOS,0
U_02755,2025-10-09 12:44:42.988298,Bahrain,Andriod,1
U_02756,2025-10-09 13:37:16.903690,Saudi Arabia,Andriod,0
U_02757,2025-10-09 14:29:50.819081,Saudi Arabia,iOS,0
U_02758,2025-10-09 15:22:24.734473,Bahrain,Andriod,1
U_02759,2025-10-09 16:14:58.649864,Kuwait,iOS,0
U_02760,2025-10-09 17:07:32.565256,Saudi Arabia,iOS,0
U_02761,2025-10-09 18:00:06.480648,Saudi Arabia,iOS,0
U_02762,2025-10-09 18:52:40.396039,Saudi Arabia,Andriod,1
U_02763,2025-10-09 19:45:14.311431,Saudi Arabia,Andriod,1
U_02764,2025-10-09 20:37:48.226822,Saudi Arabia,Andriod,0
U_02765,2025-10-09 21:30:22.142214,Saudi Arabia,Andriod,1
U_02766,2025-10-09 22:22:56.057605,Qatar,Andriod,0
U_02767,2025-10-09 23:15:29.972997,Saudi Arabia,Andriod,0
U_02768,2025-10-10 00:08:03.888388,Saudi Arabia,Web,0
U_02769,2025-10-10 01:00:37.803780,Saudi Arabia,iOS,0
U_02770,2025-10-10 01:53:11.719171,Saudi Arabia,iOS,0
U_02771,2025-10-10 02:45:45.634563,Saudi Arabia,Andriod,0
U_02772,2025-10-10 03:38:19.549954,Saudi Arabia,Andriod,0
U_02773,2025-10-10 04:30:53.465346,UAE,iOS,1
U_02774,2025-10-10 05:23:27.380738,Saudi Arabia,iOS,0
U_02775,2025-10-10 06:16:01.296129,Saudi Arabia,Andriod,0
U_02776,2025-10-10 07:08:35.211521,Saudi Arabia,Andriod,1
U_02777,2025-10-10 08:01:09.126912,Saudi Arabia,iOS,0
U_02778,2025-10-10 08:53:43.042304,Saudi Arabia,Web,0
U_02779,2025-10-10 09:46:16.957695,Saudi Arabia,Andriod,0
U_02780,2025-10-10 10:38:50.873087,Saudi Arabia,Andriod,0
U_02781,2025-10-10 11:31:24.788478,Saudi Arabia,Andriod,0
U_02782,2025-10-10 12:23:58.703870,UAE,Andriod,0
U_02783,2025-10-10 13:16:32.619261,Other,iOS,0
U_02784,2025-10-10 14:09:06.534653,Kuwait,iOS,0
U_02785,2025-10-10 15:01:40.450045,UAE,Andriod,0
U_02786,2025-10-10 15:54:14.365436,Saudi Arabia,Andriod,0
U_02787,2025-10-10 16:46:48.280828,Qatar,iOS,0
U_02788,2025-10-10 17:39:22.196219,Saudi Arabia,Web,1
U_02789,2025-10-10 18:31:56.111611,Qatar,Andriod,0
U_02790,2025-10-10 19:24:30.027002,Other,iOS,1
U_02791,2025-10-10 20:17:03.942394,Kuwait,iOS,0
U_02792,2025-10-10 21:09:37.857785,Other,iOS,0
U_02793,2025-10-10 22:02:11.773177,Saudi Arabia,Andriod,0
U_02794,2025-10-10 22:54:45.688568,Saudi Arabia,Web,0
U_02795,2025-10-10 23:47:19.603960,Saudi Arabia,Andriod,0
U_02796,2025-10-11 00:39:53.519351,Saudi Arabia,Web,1
U_02797,2025-10-11 01:32:27.434743,Saudi Arabia,Andriod,0
U_02798,2025-10-11 02:25:01.350135,Saudi Arabia,Andriod,0
U_02799,2025-10-11 03:17:35.265526,Other,Andriod,0
U_02800,2025-10-11 04:10:09.180918,Saudi Arabia,Andriod,0
U_02801,2025-10-11 05:02:43.096309,Kuwait,Andriod,0
U_02802,2025-10-11 05:55:17.011701,Bahrain,iOS,0
U_02803,2025-10-11 06:47:50.927092,Qatar,Andriod,0
U_02804,2025-10-11 07:40:24.842484,Qatar,iOS,0
U_02805,2025-10-11 08:32:58.757875,Saudi Arabia,Andriod,1
U_02806,2025-10-11 09:25:32.673267,Qatar,Andriod,0
U_02807,2025-10-11 10:18:06.588658,Kuwait,iOS,0
U_02808,2025-10-11 11:10:40.504050,Saudi Arabia,iOS,0
U_02809,2025-10-11 12:03:14.419441,Saudi Arabia,Andriod,0
U_02810,2025-10-11 12:55:48.334833,Kuwait,Andriod,0
U_02811,2025-10-11 13:48:22.250225,Saudi Arabia,iOS,0
U_02812,2025-10-11 14:40:56.165616,Saudi Arabia,Andriod,0
U_02813,2025-10-11 15:33:30.081008,Saudi Arabia,iOS,0
U_02814,2025-10-11 16:26:03.996399,Saudi Arabia,iOS,0
U_02815,2025-10-11 17:18:37.911791,Saudi Arabia,iOS,0
U_02816,2025-10-11 18:11:11.827182,Kuwait,iOS,0
U_02817,2025-10-11 19:03:45.742574,Saudi Arabia,Andriod,0
U_02818,2025-10-11 19:56:19.657965,Saudi Arabia,Web,0
U_02819,2025-10-11 20:48:53.573357,Saudi Arabia,Andriod,0
U_02820,2025-10-11 21:41:27.488748,Saudi Arabia,Andriod,1
U_02821,2025-10-11 22:34:01.404140,Bahrain,iOS,0
U_02822,2025-10-11 23:26:35.319531,Saudi Arabia,Andriod,0
U_02823,2025-10-12 00:19:09.234923,Saudi Arabia,iOS,0
U_02824,2025-10-12 01:11:43.150315,Saudi Arabia,Andriod,0
U_02825,2025-10-12 02:04:17.065706,Saudi Arabia,Web,0
U_02826,2025-10-12 02:56:50.981098,UAE,iOS,1
U_02827,2025-10-12 03:49:24.896489,Kuwait,Andriod,0
U_02828,2025-10-12 04:41:58.811881,Saudi Arabia,iOS,0
U_02829,2025-10-12 05:34:32.727272,Saudi Arabia,iOS,0
U_02830,2025-10-12 06:27:06.642664,Saudi Arabia,iOS,0
U_02831,2025-10-12 07:19:40.558055,Saudi Arabia,iOS,0
U_02832,2025-10-12 08:12:14.473447,Saudi Arabia,iOS,0
U_02833,2025-10-12 09:04:48.388838,Saudi Arabia,iOS,0
U_02834,2025-10-12 09:57:22.304230,Saudi Arabia,Andriod,0
U_02835,2025-10-12 10:49:56.219621,Saudi Arabia,iOS,0
U_02836,2025-10-12 11:42:30.135013,Bahrain,Andriod,0
U_02837,2025-10-12 12:35:04.050405,Other,Web,0
U_02838,2025-10-12 13:27:37.965796,Saudi Arabia,Andriod,0
U_02839,2025-10-12 14:20:11.881188,Kuwait,iOS,0
U_02840,2025-10-12 15:12:45.796579,Saudi Arabia,iOS,0
U_02841,2025-10-12 16:05:19.711971,Saudi Arabia,Andriod,1
U_02842,2025-10-12 16:57:53.627362,Kuwait,Andriod,0
U_02843,2025-10-12 17:50:27.542754,Bahrain,Andriod,0
U_02844,2025-10-12 18:43:01.458145,Qatar,iOS,0
U_02845,2025-10-12 19:35:35.373537,Saudi Arabia,Andriod,1
U_02846,2025-10-12 20:28:09.288928,Saudi Arabia,iOS,0
U_02847,2025-10-12 21:20:43.204320,Kuwait,Web,0
U_02848,2025-10-12 22:13:17.119711,Saudi Arabia,Andriod,0
U_02849,2025-10-12 23:05:51.035103,Saudi Arabia,iOS,0
U_02850,2025-10-12 23:58:24.950495,Saudi Arabia,Andriod,0
U_02851,2025-10-13 00:50:58.865886,Saudi Arabia,iOS,0
U_02852,2025-10-13 01:43:32.781278,Saudi Arabia,Andriod,0
U_02853,2025-10-13 02:36:06.696669,Saudi Arabia,Andriod,0
U_02854,2025-10-13 03:28:40.612061,Bahrain,Andriod,0
U_02855,2025-10-13 04:21:14.527452,Saudi Arabia,iOS,0
U_02856,2025-10-13 05:13:48.442844,Saudi Arabia,iOS,0
U_02857,2025-10-13 06:06:22.358235,Saudi Arabia,Andriod,0
U_02858,2025-10-13 06:58:56.273627,Saudi Arabia,Andriod,0
U_02859,2025-10-13 07:51:30.189018,Saudi Arabia,Andriod,0
U_02860,2025-10-13 08:44:04.104410,Saudi Arabia,iOS,0
U_02861,2025-10-13 09:36:38.019801,UAE,iOS,0
U_02862,2025-10-13 10:29:11.935193,Saudi Arabia,Web,0
U_02863,2025-10-13 11:21:45.850585,Qatar,Andriod,0
U_02864,2025-10-13 12:14:19.765976,Saudi Arabia,Andriod,0
U_02865,2025-10-13 13:06:53.681368,Saudi Arabia,Andriod,0
U_02866,2025-10-13 13:59:27.596759,Saudi Arabia,Andriod,0
U_02867,2025-10-13 14:52:01.512151,Saudi Arabia,iOS,0
U_02868,2025-10-13 15:44:35.427542,Kuwait,iOS,0
U_02869,2025-10-13 16:37:09.342934,Saudi Arabia,Andriod,0
U_02870,2025-10-13 17:29:43.258325,Saudi Arabia,Andriod,0
U_02871,2025-10-13 18:22:17.173717,Bahrain,Andriod,0
U_02872,2025-10-13 19:14:51.089108,Qatar,Andriod,0
U_02873,2025-10-13 20:07:25.004500,Bahrain,iOS,0
U_02874,2025-10-13 20:59:58.919891,Saudi Arabia,iOS,0
U_02875,2025-10-13 21:52:32.835283,Kuwait,Web,0
U_02876,2025-10-13 22:45:06.750675,Saudi Arabia,Andriod,0
U_02877,2025-10-13 23:37:40.666066,Saudi Arabia,Andriod,0
U_02878,2025-10-14 00:30:14.581458,Saudi Arabia,Andriod,0
U_02879,2025-10-14 01:22:48.496849,Saudi Arabia,Andriod,0
U_02880,2025-10-14 02:15:22.412241,Saudi Arabia,iOS,1
U_02881,2025-10-14 03:07:56.327632,Saudi Arabia,Andriod,0
U_02882,2025-10-14 04:00:30.243024,UAE,Andriod,0
U_02883,2025-10-14 04:53:04.158415,Saudi Arabia,Andriod,0
U_02884,2025-10-14 05:45:38.073807,Saudi Arabia,Andriod,0
U_02885,2025-10-14 06:38:11.989198,Saudi Arabia,iOS,1
U_02886,2025-10-14 07:30:45.904590,Qatar,iOS,0
U_02887,2025-10-14 08:23:19.819981,Saudi Arabia,iOS,0
U_02888,2025-10-14 09:15:53.735373,Saudi Arabia,iOS,0
U_02889,2025-10-14 10:08:27.650765,UAE,Web,0
U_02890,2025-10-14 11:01:01.566156,UAE,Andriod,0
U_02891,2025-10-14 11:53:35.481548,Saudi Arabia,Andriod,0
U_02892,2025-10-14 12:46:09.396939,Saudi Arabia,Andriod,0
U_02893,2025-10-14 13:38:43.312331,Kuwait,iOS,0
U_02894,2025-10-14 14:31:17.227722,Saudi Arabia,Web,0
U_02895,2025-10-14 15:23:51.143114,Saudi Arabia,iOS,0
U_02896,2025-10-14 16:16:25.058505,UAE,iOS,0
U_02897,2025-10-14 17:08:58.973897,Saudi Arabia,Andriod,0
U_02898,2025-10-14 18:01:32.889288,Saudi Arabia,Andriod,0
U_02899,2025-10-14 18:54:06.804680,Saudi Arabia,Andriod,0
U_02900,2025-10-14 19:46:40.720072,Saudi Arabia,iOS,0
U_02901,2025-10-14 20:39:14.635463,Saudi Arabia,Andriod,0
U_02902,2025-10-14 21:31:48.550855,Kuwait,iOS,0
U_02903,2025-10-14 22:24:22.466246,Saudi Arabia,iOS,1
U_02904,2025-10-14 23:16:56.381638,Saudi Arabia,Andriod,1
U_02905,2025-10-15 00:09:30.297029,Saudi Arabia,Andriod,0
U_02906,2025-10-15 01:02:04.212421,Saudi Arabia,Andriod,0
U_02907,2025-10-15 01:54:38.127812,Qatar,Andriod,0
U_02908,2025-10-15 02:47:12.043204,Saudi Arabia,Andriod,1
U_02909,2025-10-15 03:39:45.958595,Saudi Arabia,Andriod,0
U_02910,2025-10-15 04:32:19.873987,Saudi Arabia,Andriod,0
U_02911,2025-10-15 05:24:53.789378,Saudi Arabia,Andriod,0
U_02912,2025-10-15 06:17:27.704770,Saudi Arabia,Web,0
U_02913,2025-10-15 07:10:01.620162,Kuwait,Web,0
U_02914,2025-10-15 08:02:35.535553,Qatar,iOS,0
U_02915,2025-10-15 08:55:09.450945,Saudi Arabia,Andriod,0
U_02916,2025-10-15 09:47:43.366336,Saudi Arabia,Andriod,0
U_02917,2025-10-15 10:40:17.281728,Kuwait,iOS,1
U_02918,2025-10-15 11:32:51.197119,UAE,Andriod,1
U_02919,2025-10-15 12:25:25.112511,Saudi Arabia,iOS,0
U_02920,2025-10-15 13:17:59.027902,Saudi Arabia,Andriod,0
U_02921,2025-10-15 14:10:32.943294,Saudi Arabia,Andriod,0
U_02922,2025-10-15 15:03:06.858685,Kuwait,iOS,1
U_02923,2025-10-15 15:55:40.774077,UAE,Andriod,0
U_02924,2025-10-15 16:48:14.689468,Saudi Arabia,Web,0
U_02925,2025-10-15 17:40:48.604860,Saudi Arabia,Andriod,0
U_02926,2025-10-15 18:33:22.520252,Bahrain,iOS,0
U_02927,2025-10-15 19:25:56.435643,UAE,Andriod,0
U_02928,2025-10-15 20:18:30.351035,Other,Andriod,0
U_02929,2025-10-15 21:11:04.266426,Kuwait,Andriod,0
U_02930,2025-10-15 22:03:38.181818,Saudi Arabia,Andriod,0
U_02931,2025-10-15 22:56:12.097209,Saudi Arabia,Andriod,0
U_02932,2025-10-15 23:48:46.012601,Saudi Arabia,Andriod,0
U_02933,2025-10-16 00:41:19.927992,Saudi Arabia,Andriod,0
U_02934,2025-10-16 01:33:53.843384,Saudi Arabia,iOS,1
U_02935,2025-10-16 02:26:27.758775,Kuwait,Andriod,0
U_02936,2025-10-16 03:19:01.674167,Saudi Arabia,Andriod,1
U_02937,2025-10-16 04:11:35.589558,Kuwait,Andriod,0
U_02938,2025-10-16 05:04:09.504950,Saudi Arabia,iOS,0
U_02939,2025-10-16 05:56:43.420342,Qatar,iOS,0
U_02940,2025-10-16 06:49:17.335733,Saudi Arabia,iOS,0
U_02941,2025-10-16 07:41:51.251125,Saudi Arabia,iOS,0
U_02942,2025-10-16 08:34:25.166516,Saudi Arabia,Andriod,0
U_02943,2025-10-16 09:26:59.081908,Saudi Arabia,iOS,0
U_02944,2025-10-16 10:19:32.997299,Kuwait,Andriod,0
U_02945,2025-10-16 11:12:06.912691,Kuwait,iOS,0
U_02946,2025-10-16 12:04:40.828082,Saudi Arabia,iOS,0
U_02947,2025-10-16 12:57:14.743474,Saudi Arabia,Andriod,0
U_02948,2025-10-16 13:49:48.658865,Saudi Arabia,iOS,0
U_02949,2025-10-16 14:42:22.574257,Saudi Arabia,Andriod,0
U_02950,2025-10-16 15:34:56.489648,Qatar,iOS,0
U_02951,2025-10-16 16:27:30.405040,UAE,Andriod,0
U_02952,2025-10-16 17:20:04.320432,Saudi Arabia,Andriod,0
U_02953,2025-10-16 18:12:38.235823,Kuwait,Andriod,0
U_02954,2025-10-16 19:05:12.151215,Saudi Arabia,iOS,0
U_02955,2025-10-16 19:57:46.066606,Bahrain,Andriod,0
U_02956,2025-10-16 20:50:19.981998,Saudi Arabia,Andriod,0
U_02957,2025-10-16 21:42:53.897389,Kuwait,Web,0
U_02958,2025-10-16 22:35:27.812781,UAE,Andriod,0
U_02959,2025-10-16 23:28:01.728172,Saudi Arabia,iOS,0
U_02960,2025-10-17 00:20:35.643564,UAE,Web,0
U_02961,2025-10-17 01:13:09.558955,Saudi Arabia,iOS,0
U_02962,2025-10-17 02:05:43.474347,Saudi Arabia,iOS,1
U_02963,2025-10-17 02:58:17.389738,Saudi Arabia,Andriod,0
U_02964,2025-10-17 03:50:51.305130,Qatar,iOS,0
U_02965,2025-10-17 04:43:25.220522,UAE,iOS,0
U_02966,2025-10-17 05:35:59.135913,Kuwait,iOS,0
U_02967,2025-10-17 06:28:33.051305,Kuwait,Andriod,0
U_02968,2025-10-17 07:21:06.966696,Saudi Arabia,Andriod,0
U_02969,2025-10-17 08:13:40.882088,Qatar,Andriod,0
U_02970,2025-10-17 09:06:14.797479,Saudi Arabia,iOS,0
U_02971,2025-10-17 09:58:48.712871,Saudi Arabia,Andriod,0
U_02972,2025-10-17 10:51:22.628262,Saudi Arabia,Web,0
U_02973,2025-10-17 11:43:56.543654,Kuwait,Andriod,0
U_02974,2025-10-17 12:36:30.459045,Kuwait,iOS,0
U_02975,2025-10-17 13:29:04.374437,Saudi Arabia,Web,0
U_02976,2025-10-17 14:21:38.289828,Saudi Arabia,Andriod,1
U_02977,2025-10-17 15:14:12.205220,UAE,iOS,0
U_02978,2025-10-17 16:06:46.120612,Saudi Arabia,iOS,0
U_02979,2025-10-17 16:59:20.036003,Kuwait,iOS,0
U_02980,2025-10-17 17:51:53.951395,Qatar,Andriod,0
U_02981,2025-10-17 18:44:27.866786,Saudi Arabia,iOS,0
U_02982,2025-10-17 19:37:01.782178,Saudi Arabia,Andriod,0
U_02983,2025-10-17 20:29:35.697569,Kuwait,iOS,1
U_02984,2025-10-17 21:22:09.612961,UAE,Web,0
U_02985,2025-10-17 22:14:43.528352,Saudi Arabia,iOS,0
U_02986,2025-10-17 23:07:17.443744,Qatar,Web,0
U_02987,2025-10-17 23:59:51.359135,Saudi Arabia,Web,0
U_02988,2025-10-18 00:52:25.274527,Saudi Arabia,iOS,0
U_02989,2025-10-18 01:44:59.189918,Kuwait,Andriod,0
U_02990,2025-10-18 02:37:33.105310,UAE,iOS,0
U_02991,2025-10-18 03:30:07.020702,Saudi Arabia,Web,0
U_02992,2025-10-18 04:22:40.936093,UAE,Andriod,0
U_02993,2025-10-18 05:15:14.851485,Saudi Arabia,iOS,0
U_02994,2025-10-18 06:07:48.766876,Saudi Arabia,iOS,0
U_02995,2025-10-18 07:00:22.682268,Saudi Arabia,iOS,0
U_02996,2025-10-18 07:52:56.597659,UAE,Web,0
U_02997,2025-10-18 08:45:30.513051,Saudi Arabia,Andriod,0
U_02998,2025-10-18 09:38:04.428442,Saudi Arabia,Andriod,0
U_02999,2025-10-18 10:30:38.343834,Saudi Arabia,iOS,0
U_03000,2025-10-18 11:23:12.259225,UAE,iOS,0
U_03001,2025-10-18 12:15:46.174617,Saudi Arabia,Web,0
U_03002,2025-10-18 13:08:20.090009,Kuwait,iOS,0
U_03003,2025-10-18 14:00:54.005400,Saudi Arabia,Web,0
U_03004,2025-10-18 14:53:27.920792,Saudi Arabia,iOS,0
U_03005,2025-10-18 15:46:01.836183,Saudi Arabia,iOS,0
U_03006,2025-10-18 16:38:35.751575,UAE,Andriod,0
U_03007,2025-10-18 17:31:09.666966,Bahrain,Web,0
U_03008,2025-10-18 18:23:43.582358,Saudi Arabia,Web,1
U_03009,2025-10-18 19:16:17.497749,Saudi Arabia,iOS,0
U_03010,2025-10-18 20:08:51.413141,Saudi Arabia,iOS,1
U_03011,2025-10-18 21:01:25.328532,Saudi Arabia,Andriod,1
U_03012,2025-10-18 21:53:59.243924,Saudi Arabia,Andriod,0
U_03013,2025-10-18 22:46:33.159315,Saudi Arabia,Andriod,0
U_03014,2025-10-18 23:39:07.074707,Saudi Arabia,iOS,0
U_03015,2025-10-19 00:31:40.990099,Saudi Arabia,Web,0
U_03016,2025-10-19 01:24:14.905490,Saudi Arabia,Andriod,0
U_03017,2025-10-19 02:16:48.820882,Kuwait,Andriod,0
U_03018,2025-10-19 03:09:22.736273,Saudi Arabia,Andriod,0
U_03019,2025-10-19 04:01:56.651665,Saudi Arabia,Andriod,0
U_03020,2025-10-19 04:54:30.567056,Kuwait,Web,0
U_03021,2025-10-19 05:47:04.482448,Saudi Arabia,Andriod,0
U_03022,2025-10-19 06:39:38.397839,Saudi Arabia,Andriod,0
U_03023,2025-10-19 07:32:12.313231,Saudi Arabia,Web,0
U_03024,2025-10-19 08:24:46.228622,Saudi Arabia,Andriod,0
U_03025,2025-10-19 09:17:20.144014,Saudi Arabia,Andriod,0
U_03026,2025-10-19 10:09:54.059405,Saudi Arabia,iOS,0
U_03027,2025-10-19 11:02:27.974797,Qatar,iOS,0
U_03028,2025-10-19 11:55:01.890189,Saudi Arabia,iOS,0
U_03029,2025-10-19 12:47:35.805580,Saudi Arabia,iOS,0
U_03030,2025-10-19 13:40:09.720972,Saudi Arabia,iOS,0
U_03031,2025-10-19 14:32:43.636363,Saudi Arabia,iOS,0
U_03032,2025-10-19 15:25:17.551755,Saudi Arabia,iOS,0
U_03033,2025-10-19 16:17:51.467146,Kuwait,Andriod,0
U_03034,2025-10-19 17:10:25.382538,Saudi Arabia,iOS,0
U_03035,2025-10-19 18:02:59.297929,Saudi Arabia,iOS,0
U_03036,2025-10-19 18:55:33.213321,Saudi Arabia,Andriod,0
U_03037,2025-10-19 19:48:07.128712,Saudi Arabia,Andriod,0
U_03038,2025-10-19 20:40:41.044104,Other,Andriod,0
U_03039,2025-10-19 21:33:14.959495,Saudi Arabia,Andriod,0
U_03040,2025-10-19 22:25:48.874887,Saudi Arabia,Andriod,1
U_03041,2025-10-19 23:18:22.790279,Saudi Arabia,Andriod,1
U_03042,2025-10-20 00:10:56.705670,Qatar,Andriod,0
U_03043,2025-10-20 01:03:30.621062,Saudi Arabia,Web,0
U_03044,2025-10-20 01:56:04.536453,Saudi Arabia,Andriod,0
U_03045,2025-10-20 02:48:38.451845,Kuwait,Andriod,0
U_03046,2025-10-20 03:41:12.367236,Kuwait,Andriod,0
U_03047,2025-10-20 04:33:46.282628,Saudi Arabia,iOS,0
U_03048,2025-10-20 05:26:20.198019,Saudi Arabia,Andriod,0
U_03049,2025-10-20 06:18:54.113411,Saudi Arabia,Web,0
U_03050,2025-10-20 07:11:28.028802,Saudi Arabia,Andriod,1
U_03051,2025-10-20 08:04:01.944194,Saudi Arabia,Web,0
U_03052,2025-10-20 08:56:35.859585,Saudi Arabia,Andriod,0
U_03053,2025-10-20 09:49:09.774977,Saudi Arabia,Web,0
U_03054,2025-10-20 10:41:43.690369,Saudi Arabia,Andriod,0
U_03055,2025-10-20 11:34:17.605760,Saudi Arabia,iOS,0
U_03056,2025-10-20 12:26:51.521152,Qatar,Andriod,0
U_03057,2025-10-20 13:19:25.436543,Saudi Arabia,iOS,1
U_03058,2025-10-20 14:11:59.351935,Saudi Arabia,iOS,0
U_03059,2025-10-20 15:04:33.267326,Saudi Arabia,Andriod,0
U_03060,2025-10-20 15:57:07.182718,Qatar,iOS,0
U_03061,2025-10-20 16:49:41.098109,Saudi Arabia,Andriod,0
U_03062,2025-10-20 17:42:15.013501,Saudi Arabia,iOS,0
U_03063,2025-10-20 18:34:48.928892,Saudi Arabia,iOS,0
U_03064,2025-10-20 19:27:22.844284,Saudi Arabia,Web,0
U_03065,2025-10-20 20:19:56.759675,Saudi Arabia,iOS,0
U_03066,2025-10-20 21:12:30.675067,Saudi Arabia,Andriod,0
U_03067,2025-10-20 22:05:04.590459,Saudi Arabia,Andriod,0
U_03068,2025-10-20 22:57:38.505850,Qatar,Andriod,0
U_03069,2025-10-20 23:50:12.421242,Saudi Arabia,Web,1
U_03070,2025-10-21 00:42:46.336633,Saudi Arabia,Andriod,0
U_03071,2025-10-21 01:35:20.252025,Kuwait,Andriod,0
U_03072,2025-10-21 02:27:54.167416,Saudi Arabia,Andriod,0
U_03073,2025-10-21 03:20:28.082808,Saudi Arabia,iOS,0
U_03074,2025-10-21 04:13:01.998199,Saudi Arabia,Andriod,0
U_03075,2025-10-21 05:05:35.913591,Saudi Arabia,Web,0
U_03076,2025-10-21 05:58:09.828982,UAE,Andriod,0
U_03077,2025-10-21 06:50:43.744374,Qatar,Andriod,0
U_03078,2025-10-21 07:43:17.659765,Saudi Arabia,Andriod,0
U_03079,2025-10-21 08:35:51.575157,Saudi Arabia,Andriod,0
U_03080,2025-10-21 09:28:25.490549,Qatar,Web,0
U_03081,2025-10-21 10:20:59.405940,Kuwait,iOS,0
U_03082,2025-10-21 11:13:33.321332,Bahrain,iOS,0
U_03083,2025-10-21 12:06:07.236723,Saudi Arabia,Andriod,1
U_03084,2025-10-21 12:58:41.152115,Saudi Arabia,Andriod,0
U_03085,2025-10-21 13:51:15.067506,Kuwait,iOS,0
U_03086,2025-10-21 14:43:48.982898,Saudi Arabia,iOS,0
U_03087,2025-10-21 15:36:22.898289,Saudi Arabia,iOS,0
U_03088,2025-10-21 16:28:56.813681,Saudi Arabia,Web,0
U_03089,2025-10-21 17:21:30.729072,Saudi Arabia,Andriod,0
U_03090,2025-10-21 18:14:04.644464,Saudi Arabia,Andriod,0
U_03091,2025-10-21 19:06:38.559855,Saudi Arabia,iOS,0
U_03092,2025-10-21 19:59:12.475247,Qatar,iOS,0
U_03093,2025-10-21 20:51:46.390639,Saudi Arabia,iOS,0
U_03094,2025-10-21 21:44:20.306030,UAE,iOS,1
U_03095,2025-10-21 22:36:54.221422,Saudi Arabia,Web,0
U_03096,2025-10-21 23:29:28.136813,Saudi Arabia,Web,0
U_03097,2025-10-22 00:22:02.052205,Qatar,iOS,0
U_03098,2025-10-22 01:14:35.967596,Saudi Arabia,iOS,0
U_03099,2025-10-22 02:07:09.882988,Saudi Arabia,iOS,0
U_03100,2025-10-22 02:59:43.798379,Saudi Arabia,Andriod,0
U_03101,2025-10-22 03:52:17.713771,Saudi Arabia,iOS,0
U_03102,2025-10-22 04:44:51.629162,Kuwait,iOS,0
U_03103,2025-10-22 05:37:25.544554,Bahrain,iOS,0
U_03104,2025-10-22 06:29:59.459945,Saudi Arabia,Andriod,0
U_03105,2025-10-22 07:22:33.375337,Saudi Arabia,Andriod,0
U_03106,2025-10-22 08:15:07.290729,Saudi Arabia,Andriod,0
U_03107,2025-10-22 09:07:41.206120,Kuwait,iOS,0
U_03108,2025-10-22 10:00:15.121512,Saudi Arabia,Web,0
U_03109,2025-10-22 10:52:49.036903,Saudi Arabia,Web,0
U_03110,2025-10-22 11:45:22.952295,Saudi Arabia,iOS,0
U_03111,2025-10-22 12:37:56.867686,Saudi Arabia,iOS,0
U_03112,2025-10-22 13:30:30.783078,Saudi Arabia,Andriod,0
U_03113,2025-10-22 14:23:04.698469,Kuwait,iOS,0
U_03114,2025-10-22 15:15:38.613861,Saudi Arabia,Andriod,0
U_03115,2025-10-22 16:08:12.529252,Saudi Arabia,Andriod,1
U_03116,2025-10-22 17:00:46.444644,UAE,Andriod,0
U_03117,2025-10-22 17:53:20.360036,Kuwait,iOS,0
U_03118,2025-10-22 18:45:54.275427,Saudi Arabia,Andriod,0
U_03119,2025-10-22 19:38:28.190819,Saudi Arabia,Web,0
U_03120,2025-10-22 20:31:02.106210,Saudi Arabia,iOS,0
U_03121,2025-10-22 21:23:36.021602,Saudi Arabia,Andriod,0
U_03122,2025-10-22 22:16:09.936993,Saudi Arabia,iOS,0
U_03123,2025-10-22 23:08:43.852385,Saudi Arabia,iOS,0
U_03124,2025-10-23 00:01:17.767776,Saudi Arabia,Andriod,0
U_03125,2025-10-23 00:53:51.683168,Kuwait,iOS,0
U_03126,2025-10-23 01:46:25.598559,Saudi Arabia,iOS,0
U_03127,2025-10-23 02:38:59.513951,Saudi Arabia,iOS,0
U_03128,2025-10-23 03:31:33.429342,Saudi Arabia,Andriod,0
U_03129,2025-10-23 04:24:07.344734,Qatar,Andriod,0
U_03130,2025-10-23 05:16:41.260126,UAE,iOS,1
U_03131,2025-10-23 06:09:15.175517,UAE,Andriod,0
U_03132,2025-10-23 07:01:49.090909,UAE,iOS,0
U_03133,2025-10-23 07:54:23.006300,Qatar,Andriod,0
U_03134,2025-10-23 08:46:56.921692,Saudi Arabia,Andriod,0
U_03135,2025-10-23 09:39:30.837083,Saudi Arabia,Andriod,1
U_03136,2025-10-23 10:32:04.752475,Saudi Arabia,Web,0
U_03137,2025-10-23 11:24:38.667866,Kuwait,Web,0
U_03138,2025-10-23 12:17:12.583258,Kuwait,iOS,0
U_03139,2025-10-23 13:09:46.498649,Saudi Arabia,Andriod,0
U_03140,2025-10-23 14:02:20.414041,Saudi Arabia,iOS,1
U_03141,2025-10-23 14:54:54.329432,Saudi Arabia,Web,0
U_03142,2025-10-23 15:47:28.244824,Bahrain,iOS,0
U_03143,2025-10-23 16:40:02.160216,Saudi Arabia,iOS,0
U_03144,2025-10-23 17:32:36.075607,Saudi Arabia,iOS,1
U_03145,2025-10-23 18:25:09.990999,Saudi Arabia,iOS,0
U_03146,2025-10-23 19:17:43.906390,Saudi Arabia,Andriod,0
U_03147,2025-10-23 20:10:17.821782,Bahrain,Web,0
U_03148,2025-10-23 21:02:51.737173,Saudi Arabia,Andriod,0
U_03149,2025-10-23 21:55:25.652565,Kuwait,Andriod,1
U_03150,2025-10-23 22:47:59.567956,Saudi Arabia,Andriod,0
U_03151,2025-10-23 23:40:33.483348,Saudi Arabia,iOS,0
U_03152,2025-10-24 00:33:07.398739,Saudi Arabia,iOS,0
U_03153,2025-10-24 01:25:41.314131,Kuwait,iOS,0
U_03154,2025-10-24 02:18:15.229522,Saudi Arabia,iOS,0
U_03155,2025-10-24 03:10:49.144914,Saudi Arabia,iOS,0
U_03156,2025-10-24 04:03:23.060306,Saudi Arabia,iOS,0
U_03157,2025-10-24 04:55:56.975697,Qatar,iOS,0
U_03158,2025-10-24 05:48:30.891089,Saudi Arabia,iOS,0
U_03159,2025-10-24 06:41:04.806480,UAE,Web,0
U_03160,2025-10-24 07:33:38.721872,Saudi Arabia,iOS,0
U_03161,2025-10-24 08:26:12.637263,Saudi Arabia,Andriod,1
U_03162,2025-10-24 09:18:46.552655,Saudi Arabia,Andriod,0
U_03163,2025-10-24 10:11:20.468046,Saudi Arabia,Andriod,0
U_03164,2025-10-24 11:03:54.383438,Saudi Arabia,iOS,0
U_03165,2025-10-24 11:56:28.298829,Saudi Arabia,iOS,0
U_03166,2025-10-24 12:49:02.214221,Saudi Arabia,iOS,1
U_03167,2025-10-24 13:41:36.129612,Bahrain,iOS,0
U_03168,2025-10-24 14:34:10.045004,Saudi Arabia,iOS,1
U_03169,2025-10-24 15:26:43.960396,Kuwait,Andriod,0
U_03170,2025-10-24 16:19:17.875787,Saudi Arabia,Andriod,0
U_03171,2025-10-24 17:11:51.791179,Saudi Arabia,Andriod,0
U_03172,2025-10-24 18:04:25.706570,Saudi Arabia,Andriod,0
U_03173,2025-10-24 18:56:59.621962,Saudi Arabia,iOS,0
U_03174,2025-10-24 19:49:33.537353,Saudi Arabia,Andriod,0
U_03175,2025-10-24 20:42:07.452745,Saudi Arabia,iOS,0
U_03176,2025-10-24 21:34:41.368136,Saudi Arabia,Andriod,0
U_03177,2025-10-24 22:27:15.283528,Saudi Arabia,Andriod,0
U_03178,2025-10-24 23:19:49.198919,Bahrain,Andriod,0
U_03179,2025-10-25 00:12:23.114311,UAE,iOS,0
U_03180,2025-10-25 01:04:57.029702,Saudi Arabia,Andriod,0
U_03181,2025-10-25 01:57:30.945094,Saudi Arabia,iOS,0
U_03182,2025-10-25 02:50:04.860486,Saudi Arabia,iOS,0
U_03183,2025-10-25 03:42:38.775877,Saudi Arabia,iOS,0
U_03184,2025-10-25 04:35:12.691269,Saudi Arabia,iOS,0
U_03185,2025-10-25 05:27:46.606660,Saudi Arabia,Andriod,0
U_03186,2025-10-25 06:20:20.522052,Saudi Arabia,Andriod,0
U_03187,2025-10-25 07:12:54.437443,Saudi Arabia,iOS,0
U_03188,2025-10-25 08:05:28.352835,Saudi Arabia,Web,0
U_03189,2025-10-25 08:58:02.268226,UAE,Web,0
U_03190,2025-10-25 09:50:36.183618,Kuwait,Web,0
U_03191,2025-10-25 10:43:10.099009,Saudi Arabia,Andriod,0
U_03192,2025-10-25 11:35:44.014401,Bahrain,iOS,0
U_03193,2025-10-25 12:28:17.929792,Qatar,iOS,0
U_03194,2025-10-25 13:20:51.845184,Saudi Arabia,Andriod,0
U_03195,2025-10-25 14:13:25.760576,Saudi Arabia,Andriod,0
U_03196,2025-10-25 15:05:59.675967,Saudi Arabia,Andriod,0
U_03197,2025-10-25 15:58:33.591359,Qatar,Web,0
U_03198,2025-10-25 16:51:07.506750,UAE,Andriod,0
U_03199,2025-10-25 17:43:41.422142,Saudi Arabia,iOS,0
U_03200,2025-10-25 18:36:15.337533,Saudi Arabia,iOS,0
U_03201,2025-10-25 19:28:49.252925,Saudi Arabia,iOS,0
U_03202,2025-10-25 20:21:23.168316,Saudi Arabia,Andriod,0
U_03203,2025-10-25 21:13:57.083708,Saudi Arabia,Andriod,1
U_03204,2025-10-25 22:06:30.999099,UAE,Andriod,0
U_03205,2025-10-25 22:59:04.914491,Saudi Arabia,Andriod,0
U_03206,2025-10-25 23:51:38.829882,UAE,Web,0
U_03207,2025-10-26 00:44:12.745274,UAE,Andriod,0
U_03208,2025-10-26 01:36:46.660666,Kuwait,Andriod,1
U_03209,2025-10-26 02:29:20.576057,Saudi Arabia,iOS,0
U_03210,2025-10-26 03:21:54.491449,Saudi Arabia,Andriod,0
U_03211,2025-10-26 04:14:28.406840,Saudi Arabia,Andriod,0
U_03212,2025-10-26 05:07:02.322232,Saudi Arabia,iOS,0
U_03213,2025-10-26 05:59:36.237623,Saudi Arabia,iOS,0
U_03214,2025-10-26 06:52:10.153015,Saudi Arabia,Web,0
U_03215,2025-10-26 07:44:44.068406,Saudi Arabia,iOS,0
U_03216,2025-10-26 08:37:17.983798,Saudi Arabia,Andriod,0
U_03217,2025-10-26 09:29:51.899189,Saudi Arabia,iOS,0
U_03218,2025-10-26 10:22:25.814581,Saudi Arabia,Andriod,0
U_03219,2025-10-26 11:14:59.729972,Kuwait,Andriod,0
U_03220,2025-10-26 12:07:33.645364,Kuwait,iOS,0
U_03221,2025-10-26 13:00:07.560756,Saudi Arabia,Andriod,0
U_03222,2025-10-26 13:52:41.476147,Saudi Arabia,Web,0
U_03223,2025-10-26 14:45:15.391539,Saudi Arabia,Andriod,0
U_03224,2025-10-26 15:37:49.306930,Saudi Arabia,Andriod,0
U_03225,2025-10-26 16:30:23.222322,Saudi Arabia,Andriod,0
U_03226,2025-10-26 17:22:57.137713,Bahrain,iOS,1
U_03227,2025-10-26 18:15:31.053105,Saudi Arabia,Andriod,0
U_03228,2025-10-26 19:08:04.968496,Saudi Arabia,Andriod,0
U_03229,2025-10-26 20:00:38.883888,Saudi Arabia,iOS,0
U_03230,2025-10-26 20:53:12.799279,Saudi Arabia,iOS,0
U_03231,2025-10-26 21:45:46.714671,Saudi Arabia,iOS,0
U_03232,2025-10-26 22:38:20.630063,Saudi Arabia,Andriod,0
U_03233,2025-10-26 23:30:54.545454,Saudi Arabia,Andriod,0
U_03234,2025-10-27 00:23:28.460846,Saudi Arabia,iOS,0
U_03235,2025-10-27 01:16:02.376237,Saudi Arabia,Andriod,0
U_03236,2025-10-27 02:08:36.291629,Saudi Arabia,Web,0
U_03237,2025-10-27 03:01:10.207020,Saudi Arabia,iOS,0
U_03238,2025-10-27 03:53:44.122412,Qatar,Andriod,0
U_03239,2025-10-27 04:46:18.037803,Saudi Arabia,Web,0
U_03240,2025-10-27 05:38:51.953195,Saudi Arabia,Web,0
U_03241,2025-10-27 06:31:25.868586,Saudi Arabia,iOS,0
U_03242,2025-10-27 07:23:59.783978,Saudi Arabia,iOS,0
U_03243,2025-10-27 08:16:33.699369,Saudi Arabia,iOS,0
U_03244,2025-10-27 09:09:07.614761,Saudi Arabia,Andriod,1
U_03245,2025-10-27 10:01:41.530153,Kuwait,Andriod,0
U_03246,2025-10-27 10:54:15.445544,Saudi Arabia,Andriod,1
U_03247,2025-10-27 11:46:49.360936,Saudi Arabia,iOS,0
U_03248,2025-10-27 12:39:23.276327,Saudi Arabia,iOS,0
U_03249,2025-10-27 13:31:57.191719,UAE,Andriod,1
U_03250,2025-10-27 14:24:31.107110,Saudi Arabia,Andriod,0
U_03251,2025-10-27 15:17:05.022502,Saudi Arabia,Andriod,1
U_03252,2025-10-27 16:09:38.937893,Saudi Arabia,Andriod,0
U_03253,2025-10-27 17:02:12.853285,Saudi Arabia,iOS,1
U_03254,2025-10-27 17:54:46.768676,Saudi Arabia,iOS,0
U_03255,2025-10-27 18:47:20.684068,Saudi Arabia,iOS,0
U_03256,2025-10-27 19:39:54.599459,Saudi Arabia,iOS,0
U_03257,2025-10-27 20:32:28.514851,Saudi Arabia,iOS,0
U_03258,2025-10-27 21:25:02.430243,Saudi Arabia,iOS,0
U_03259,2025-10-27 22:17:36.345634,Saudi Arabia,iOS,0
U_03260,2025-10-27 23:10:10.261026,Bahrain,iOS,0
U_03261,2025-10-28 00:02:44.176417,Saudi Arabia,Andriod,1
U_03262,2025-10-28 00:55:18.091809,Saudi Arabia,iOS,0
U_03263,2025-10-28 01:47:52.007200,Saudi Arabia,Andriod,0
U_03264,2025-10-28 02:40:25.922592,Saudi Arabia,Andriod,0
U_03265,2025-10-28 03:32:59.837983,Kuwait,Andriod,0
U_03266,2025-10-28 04:25:33.753375,Saudi Arabia,Web,0
U_03267,2025-10-28 05:18:07.668766,Saudi Arabia,iOS,0
U_03268,2025-10-28 06:10:41.584158,Saudi Arabia,Andriod,0
U_03269,2025-10-28 07:03:15.499549,Saudi Arabia,Web,0
U_03270,2025-10-28 07:55:49.414941,Saudi Arabia,Andriod,0
U_03271,2025-10-28 08:48:23.330333,Saudi Arabia,iOS,0
U_03272,2025-10-28 09:40:57.245724,Saudi Arabia,iOS,0
U_03273,2025-10-28 10:33:31.161116,Kuwait,iOS,0
U_03274,2025-10-28 11:26:05.076507,Saudi Arabia,Andriod,0
U_03275,2025-10-28 12:18:38.991899,UAE,Andriod,0
U_03276,2025-10-28 13:11:12.907290,UAE,iOS,0
U_03277,2025-10-28 14:03:46.822682,UAE,Andriod,0
U_03278,2025-10-28 14:56:20.738073,Saudi Arabia,Andriod,0
U_03279,2025-10-28 15:48:54.653465,Saudi Arabia,Andriod,0
U_03280,2025-10-28 16:41:28.568856,Kuwait,Andriod,0
U_03281,2025-10-28 17:34:02.484248,Saudi Arabia,Andriod,0
U_03282,2025-10-28 18:26:36.399639,Saudi Arabia,iOS,0
U_03283,2025-10-28 19:19:10.315031,UAE,Andriod,1
U_03284,2025-10-28 20:11:44.230423,Bahrain,iOS,0
U_03285,2025-10-28 21:04:18.145814,Saudi Arabia,Andriod,1
U_03286,2025-10-28 21:56:52.061206,Saudi Arabia,Web,0
U_03287,2025-10-28 22:49:25.976597,Saudi Arabia,Andriod,0
U_03288,2025-10-28 23:41:59.891989,UAE,Andriod,0
U_03289,2025-10-29 00:34:33.807380,Bahrain,iOS,1
U_03290,2025-10-29 01:27:07.722772,Saudi Arabia,iOS,0
U_03291,2025-10-29 02:19:41.638163,Saudi Arabia,Andriod,0
U_03292,2025-10-29 03:12:15.553555,UAE,iOS,0
U_03293,2025-10-29 04:04:49.468946,Saudi Arabia,Andriod,0
U_03294,2025-10-29 04:57:23.384338,Saudi Arabia,iOS,0
U_03295,2025-10-29 05:49:57.299729,Qatar,iOS,1
U_03296,2025-10-29 06:42:31.215121,Saudi Arabia,iOS,0
U_03297,2025-10-29 07:35:05.130513,Saudi Arabia,Web,0
U_03298,2025-10-29 08:27:39.045904,Saudi Arabia,Andriod,0
U_03299,2025-10-29 09:20:12.961296,Saudi Arabia,iOS,0
U_03300,2025-10-29 10:12:46.876687,UAE,iOS,0
U_03301,2025-10-29 11:05:20.792079,Saudi Arabia,Andriod,0
U_03302,2025-10-29 11:57:54.707470,Other,iOS,0
U_03303,2025-10-29 12:50:28.622862,Saudi Arabia,Andriod,0
U_03304,2025-10-29 13:43:02.538253,Saudi Arabia,Andriod,1
U_03305,2025-10-29 14:35:36.453645,Saudi Arabia,Andriod,0
U_03306,2025-10-29 15:28:10.369036,Saudi Arabia,Andriod,0
U_03307,2025-10-29 16:20:44.284428,Saudi Arabia,Andriod,1
U_03308,2025-10-29 17:13:18.199819,Saudi Arabia,Web,0
U_03309,2025-10-29 18:05:52.115211,Saudi Arabia,Web,0
U_03310,2025-10-29 18:58:26.030603,Saudi Arabia,Andriod,0
U_03311,2025-10-29 19:50:59.945994,Kuwait,iOS,0
U_03312,2025-10-29 20:43:33.861386,Saudi Arabia,Andriod,0
U_03313,2025-10-29 21:36:07.776777,Kuwait,iOS,0
U_03314,2025-10-29 22:28:41.692169,Saudi Arabia,Andriod,0
U_03315,2025-10-29 23:21:15.607560,Saudi Arabia,Andriod,0
U_03316,2025-10-30 00:13:49.522952,Saudi Arabia,iOS,1
U_03317,2025-10-30 01:06:23.438343,Saudi Arabia,iOS,0
U_03318,2025-10-30 01:58:57.353735,Saudi Arabia,Andriod,0
U_03319,2025-10-30 02:51:31.269126,UAE,Andriod,0
U_03320,2025-10-30 03:44:05.184518,Kuwait,Andriod,0
U_03321,2025-10-30 04:36:39.099909,Saudi Arabia,Andriod,0
U_03322,2025-10-30 05:29:13.015301,Saudi Arabia,iOS,0
U_03323,2025-10-30 06:21:46.930693,Kuwait,Andriod,0
U_03324,2025-10-30 07:14:20.846084,Saudi Arabia,Andriod,0
U_03325,2025-10-30 08:06:54.761476,Kuwait,Andriod,0
U_03326,2025-10-30 08:59:28.676867,Kuwait,iOS,0
U_03327,2025-10-30 09:52:02.592259,UAE,Andriod,0
U_03328,2025-10-30 10:44:36.507650,Saudi Arabia,iOS,0
U_03329,2025-10-30 11:37:10.423042,Saudi Arabia,iOS,0
U_03330,2025-10-30 12:29:44.338433,Saudi Arabia,Web,0
U_03331,2025-10-30 13:22:18.253825,Saudi Arabia,iOS,0
U_03332,2025-10-30 14:14:52.169216,Kuwait,iOS,0
U_03333,2025-10-30 15:07:26.084608,Saudi Arabia,Andriod,0
U_03334,2025-10-30 16:00:00.000000,Saudi Arabia,Andriod,0
U_03335,2025-10-30 16:52:33.915391,Bahrain,Andriod,1
U_03336,2025-10-30 17:45:07.830783,Kuwait,Andriod,1
U_03337,2025-10-30 18:37:41.746174,Bahrain,Andriod,0
U_03338,2025-10-30 19:30:15.661566,Kuwait,iOS,0
U_03339,2025-10-30 20:22:49.576957,Saudi Arabia,iOS,0
U_03340,2025-10-30 21:15:23.492349,Saudi Arabia,iOS,0
U_03341,2025-10-30 22:07:57.407740,Bahrain,Andriod,0
U_03342,2025-10-30 23:00:31.323132,Saudi Arabia,iOS,0
U_03343,2025-10-30 23:53:05.238523,Saudi Arabia,iOS,1
U_03344,2025-10-31 00:45:39.153915,Saudi Arabia,Andriod,0
U_03345,2025-10-31 01:38:13.069306,Saudi Arabia,Andriod,0
U_03346,2025-10-31 02:30:46.984698,Kuwait,Andriod,0
U_03347,2025-10-31 03:23:20.900090,Saudi Arabia,Andriod,0
U_03348,2025-10-31 04:15:54.815481,Saudi Arabia,iOS,0
U_03349,2025-10-31 05:08:28.730873,Saudi Arabia,Andriod,0
U_03350,2025-10-31 06:01:02.646264,Saudi Arabia,Andriod,0
U_03351,2025-10-31 06:53:36.561656,Saudi Arabia,Web,0
U_03352,2025-10-31 07:46:10.477047,Saudi Arabia,iOS,0
U_03353,2025-10-31 08:38:44.392439,Bahrain,Andriod,0
U_03354,2025-10-31 09:31:18.307830,Saudi Arabia,Andriod,0
U_03355,2025-10-31 10:23:52.223222,Saudi Arabia,iOS,0
U_03356,2025-10-31 11:16:26.138613,Saudi Arabia,Andriod,1
U_03357,2025-10-31 12:09:00.054005,Saudi Arabia,iOS,0
U_03358,2025-10-31 13:01:33.969396,Saudi Arabia,Web,0
U_03359,2025-10-31 13:54:07.884788,UAE,Andriod,0
U_03360,2025-10-31 14:46:41.800180,Saudi Arabia,iOS,1
U_03361,2025-10-31 15:39:15.715571,Kuwait,iOS,0
U_03362,2025-10-31 16:31:49.630963,Saudi Arabia,iOS,0
U_03363,2025-10-31 17:24:23.546354,Saudi Arabia,iOS,0
U_03364,2025-10-31 18:16:57.461746,Saudi Arabia,iOS,1
U_03365,2025-10-31 19:09:31.377137,Qatar,iOS,0
U_03366,2025-10-31 20:02:05.292529,Saudi Arabia,Andriod,0
U_03367,2025-10-31 20:54:39.207920,Saudi Arabia,iOS,0
U_03368,2025-10-31 21:47:13.123312,Saudi Arabia,Andriod,0
U_03369,2025-10-31 22:39:47.038703,Saudi Arabia,Andriod,0
U_03370,2025-10-31 23:32:20.954095,Saudi Arabia,Andriod,0
U_03371,2025-11-01 00:24:54.869486,Saudi Arabia,Andriod,0
U_03372,2025-11-01 01:17:28.784878,Saudi Arabia,iOS,1
U_03373,2025-11-01 02:10:02.700270,Saudi Arabia,iOS,0
U_03374,2025-11-01 03:02:36.615661,Saudi Arabia,Andriod,0
U_03375,2025-11-01 03:55:10.531053,UAE,Andriod,0
U_03376,2025-11-01 04:47:44.446444,Kuwait,Andriod,0
U_03377,2025-11-01 05:40:18.361836,Kuwait,Andriod,0
U_03378,2025-11-01 06:32:52.277227,Saudi Arabia,Web,0
U_03379,2025-11-01 07:25:26.192619,Saudi Arabia,Andriod,0
U_03380,2025-11-01 08:18:00.108010,Saudi Arabia,Andriod,0
U_03381,2025-11-01 09:10:34.023402,Saudi Arabia,iOS,0
U_03382,2025-11-01 10:03:07.938793,Saudi Arabia,iOS,0
U_03383,2025-11-01 10:55:41.854185,Saudi Arabia,Andriod,1
U_03384,2025-11-01 11:48:15.769576,Saudi Arabia,Andriod,1
U_03385,2025-11-01 12:40:49.684968,Saudi Arabia,Andriod,1
U_03386,2025-11-01 13:33:23.600360,UAE,iOS,0
U_03387,2025-11-01 14:25:57.515751,Saudi Arabia,Andriod,0
U_03388,2025-11-01 15:18:31.431143,Saudi Arabia,iOS,1
U_03389,2025-11-01 16:11:05.346534,Saudi Arabia,Andriod,0
U_03390,2025-11-01 17:03:39.261926,Saudi Arabia,iOS,0
U_03391,2025-11-01 17:56:13.177317,Saudi Arabia,iOS,0
U_03392,2025-11-01 18:48:47.092709,Bahrain,iOS,0
U_03393,2025-11-01 19:41:21.008100,Bahrain,iOS,0
U_03394,2025-11-01 20:33:54.923492,Saudi Arabia,Andriod,0
U_03395,2025-11-01 21:26:28.838883,Bahrain,iOS,0
U_03396,2025-11-01 22:19:02.754275,Other,iOS,0
U_03397,2025-11-01 23:11:36.669666,UAE,Andriod,0
U_03398,2025-11-02 00:04:10.585058,UAE,Andriod,0
U_03399,2025-11-02 00:56:44.500450,Saudi Arabia,iOS,0
U_03400,2025-11-02 01:49:18.415841,Saudi Arabia,iOS,0
U_03401,2025-11-02 02:41:52.331233,Saudi Arabia,Web,0
U_03402,2025-11-02 03:34:26.246624,Saudi Arabia,Andriod,0
U_03403,2025-11-02 04:27:00.162016,Other,iOS,0
U_03404,2025-11-02 05:19:34.077407,Saudi Arabia,Andriod,0
U_03405,2025-11-02 06:12:07.992799,Kuwait,iOS,0
U_03406,2025-11-02 07:04:41.908190,UAE,iOS,0
U_03407,2025-11-02 07:57:15.823582,UAE,Andriod,0
U_03408,2025-11-02 08:49:49.738973,Other,Andriod,0
U_03409,2025-11-02 09:42:23.654365,Saudi Arabia,iOS,0
U_03410,2025-11-02 10:34:57.569756,Saudi Arabia,Andriod,0
U_03411,2025-11-02 11:27:31.485148,Saudi Arabia,iOS,0
U_03412,2025-11-02 12:20:05.400540,Saudi Arabia,iOS,0
U_03413,2025-11-02 13:12:39.315931,Saudi Arabia,iOS,1
U_03414,2025-11-02 14:05:13.231323,Saudi Arabia,iOS,1
U_03415,2025-11-02 14:57:47.146714,Kuwait,Web,0
U_03416,2025-11-02 15:50:21.062106,Saudi Arabia,Andriod,0
U_03417,2025-11-02 16:42:54.977497,Saudi Arabia,iOS,0
U_03418,2025-11-02 17:35:28.892889,Saudi Arabia,Web,1
U_03419,2025-11-02 18:28:02.808280,Saudi Arabia,Andriod,0
U_03420,2025-11-02 19:20:36.723672,Saudi Arabia,Andriod,0
U_03421,2025-11-02 20:13:10.639063,Kuwait,Web,0
U_03422,2025-11-02 21:05:44.554455,Saudi Arabia,iOS,0
U_03423,2025-11-02 21:58:18.469846,Kuwait,Andriod,0
U_03424,2025-11-02 22:50:52.385238,Saudi Arabia,Andriod,0
U_03425,2025-11-02 23:43:26.300630,UAE,Andriod,0
U_03426,2025-11-03 00:36:00.216021,Saudi Arabia,Andriod,1
U_03427,2025-11-03 01:28:34.131413,Saudi Arabia,iOS,0
U_03428,2025-11-03 02:21:08.046804,Saudi Arabia,Andriod,0
U_03429,2025-11-03 03:13:41.962196,UAE,iOS,0
U_03430,2025-11-03 04:06:15.877587,Saudi Arabia,iOS,0
U_03431,2025-11-03 04:58:49.792979,Saudi Arabia,iOS,1
U_03432,2025-11-03 05:51:23.708370,Other,Web,0
U_03433,2025-11-03 06:43:57.623762,Kuwait,iOS,0
U_03434,2025-11-03 07:36:31.539153,Saudi Arabia,Andriod,0
U_03435,2025-11-03 08:29:05.454545,Kuwait,iOS,0
U_03436,2025-11-03 09:21:39.369936,Saudi Arabia,Web,0
U_03437,2025-11-03 10:14:13.285328,Saudi Arabia,iOS,0
U_03438,2025-11-03 11:06:47.200720,Saudi Arabia,Andriod,0
U_03439,2025-11-03 11:59:21.116111,Bahrain,Andriod,0
U_03440,2025-11-03 12:51:55.031503,Bahrain,Andriod,0
U_03441,2025-11-03 13:44:28.946894,Saudi Arabia,iOS,1
U_03442,2025-11-03 14:37:02.862286,Saudi Arabia,Andriod,0
U_03443,2025-11-03 15:29:36.777677,Saudi Arabia,Web,1
U_03444,2025-11-03 16:22:10.693069,Other,Andriod,0
U_03445,2025-11-03 17:14:44.608460,Other,iOS,0
U_03446,2025-11-03 18:07:18.523852,Saudi Arabia,Andriod,0
U_03447,2025-11-03 18:59:52.439243,UAE,iOS,0
U_03448,2025-11-03 19:52:26.354635,Kuwait,Andriod,0
U_03449,2025-11-03 20:45:00.270027,Saudi Arabia,Andriod,0
U_03450,2025-11-03 21:37:34.185418,Saudi Arabia,iOS,0
U_03451,2025-11-03 22:30:08.100810,Saudi Arabia,Andriod,0
U_03452,2025-11-03 23:22:42.016201,Saudi Arabia,Andriod,1
U_03453,2025-11-04 00:15:15.931593,Saudi Arabia,Andriod,0
U_03454,2025-11-04 01:07:49.846984,Saudi Arabia,iOS,1
U_03455,2025-11-04 02:00:23.762376,Qatar,Andriod,0
U_03456,2025-11-04 02:52:57.677767,Saudi Arabia,Andriod,0
U_03457,2025-11-04 03:45:31.593159,Saudi Arabia,iOS,0
U_03458,2025-11-04 04:38:05.508550,Saudi Arabia,iOS,0
U_03459,2025-11-04 05:30:39.423942,Saudi Arabia,Web,0
U_03460,2025-11-04 06:23:13.339333,Saudi Arabia,iOS,0
U_03461,2025-11-04 07:15:47.254725,Saudi Arabia,Web,0
U_03462,2025-11-04 08:08:21.170117,Saudi Arabia,iOS,0
U_03463,2025-11-04 09:00:55.085508,Saudi Arabia,iOS,0
U_03464,2025-11-04 09:53:29.000900,Saudi Arabia,Andriod,0
U_03465,2025-11-04 10:46:02.916291,Saudi Arabia,Andriod,0
U_03466,2025-11-04 11:38:36.831683,Kuwait,Andriod,0
U_03467,2025-11-04 12:31:10.747074,Saudi Arabia,Andriod,0
U_03468,2025-11-04 13:23:44.662466,Saudi Arabia,Andriod,0
U_03469,2025-11-04 14:16:18.577857,UAE,iOS,1
U_03470,2025-11-04 15:08:52.493249,Saudi Arabia,Andriod,0
U_03471,2025-11-04 16:01:26.408640,Saudi Arabia,iOS,0
U_03472,2025-11-04 16:54:00.324032,Kuwait,Andriod,0
U_03473,2025-11-04 17:46:34.239423,Saudi Arabia,iOS,0
U_03474,2025-11-04 18:39:08.154815,Saudi Arabia,iOS,0
U_03475,2025-11-04 19:31:42.070207,UAE,Andriod,0
U_03476,2025-11-04 20:24:15.985598,UAE,iOS,0
U_03477,2025-11-04 21:16:49.900990,Qatar,iOS,0
U_03478,2025-11-04 22:09:23.816381,Saudi Arabia,Andriod,0
U_03479,2025-11-04 23:01:57.731773,Saudi Arabia,Andriod,0
U_03480,2025-11-04 23:54:31.647164,Saudi Arabia,Andriod,0
U_03481,2025-11-05 00:47:05.562556,Saudi Arabia,Andriod,0
U_03482,2025-11-05 01:39:39.477947,Saudi Arabia,iOS,0
U_03483,2025-11-05 02:32:13.393339,Saudi Arabia,Andriod,0
U_03484,2025-11-05 03:24:47.308730,Bahrain,iOS,1
U_03485,2025-11-05 04:17:21.224122,Saudi Arabia,Andriod,0
U_03486,2025-11-05 05:09:55.139513,Saudi Arabia,Web,0
U_03487,2025-11-05 06:02:29.054905,Saudi Arabia,Andriod,0
U_03488,2025-11-05 06:55:02.970297,Saudi Arabia,Andriod,0
U_03489,2025-11-05 07:47:36.885688,Saudi Arabia,iOS,0
U_03490,2025-11-05 08:40:10.801080,Saudi Arabia,Andriod,0
U_03491,2025-11-05 09:32:44.716471,Saudi Arabia,Andriod,0
U_03492,2025-11-05 10:25:18.631863,Saudi Arabia,iOS,0
U_03493,2025-11-05 11:17:52.547254,Bahrain,iOS,1
U_03494,2025-11-05 12:10:26.462646,Bahrain,Andriod,0
U_03495,2025-11-05 13:03:00.378037,Saudi Arabia,Andriod,1
U_03496,2025-11-05 13:55:34.293429,Saudi Arabia,iOS,0
U_03497,2025-11-05 14:48:08.208820,UAE,Web,0
U_03498,2025-11-05 15:40:42.124212,Bahrain,iOS,0
U_03499,2025-11-05 16:33:16.039603,Saudi Arabia,iOS,0
U_03500,2025-11-05 17:25:49.954995,Kuwait,Andriod,0
U_03501,2025-11-05 18:18:23.870387,Saudi Arabia,iOS,0
U_03502,2025-11-05 19:10:57.785778,UAE,Andriod,1
U_03503,2025-11-05 20:03:31.701170,Other,iOS,0
U_03504,2025-11-05 20:56:05.616561,Saudi Arabia,iOS,0
U_03505,2025-11-05 21:48:39.531953,Bahrain,iOS,0
U_03506,2025-11-05 22:41:13.447344,Saudi Arabia,Web,0
U_03507,2025-11-05 23:33:47.362736,Qatar,Andriod,1
U_03508,2025-11-06 00:26:21.278127,Saudi Arabia,Andriod,0
U_03509,2025-11-06 01:18:55.193519,UAE,iOS,0
U_03510,2025-11-06 02:11:29.108910,Saudi Arabia,Andriod,0
U_03511,2025-11-06 03:04:03.024302,Saudi Arabia,Andriod,0
U_03512,2025-11-06 03:56:36.939693,Saudi Arabia,Web,0
U_03513,2025-11-06 04:49:10.855085,Qatar,Andriod,0
U_03514,2025-11-06 05:41:44.770477,UAE,Andriod,0
U_03515,2025-11-06 06:34:18.685868,UAE,iOS,0
U_03516,2025-11-06 07:26:52.601260,Qatar,Andriod,0
U_03517,2025-11-06 08:19:26.516651,Saudi Arabia,Andriod,0
U_03518,2025-11-06 09:12:00.432043,Saudi Arabia,Web,0
U_03519,2025-11-06 10:04:34.347434,Saudi Arabia,iOS,0
U_03520,2025-11-06 10:57:08.262826,Saudi Arabia,iOS,1
U_03521,2025-11-06 11:49:42.178217,Saudi Arabia,Andriod,0
U_03522,2025-11-06 12:42:16.093609,Saudi Arabia,iOS,0
U_03523,2025-11-06 13:34:50.009000,Saudi Arabia,iOS,1
U_03524,2025-11-06 14:27:23.924392,Saudi Arabia,Andriod,0
U_03525,2025-11-06 15:19:57.839783,Saudi Arabia,Andriod,0
U_03526,2025-11-06 16:12:31.755175,Saudi Arabia,Andriod,0
U_03527,2025-11-06 17:05:05.670567,Qatar,Andriod,0
U_03528,2025-11-06 17:57:39.585958,Kuwait,iOS,0
U_03529,2025-11-06 18:50:13.501350,Qatar,Andriod,0
U_03530,2025-11-06 19:42:47.416741,Saudi Arabia,iOS,0
U_03531,2025-11-06 20:35:21.332133,Saudi Arabia,Web,0
U_03532,2025-11-06 21:27:55.247524,Kuwait,Andriod,1
U_03533,2025-11-06 22:20:29.162916,Saudi Arabia,iOS,0
U_03534,2025-11-06 23:13:03.078307,Saudi Arabia,iOS,1
U_03535,2025-11-07 00:05:36.993699,Saudi Arabia,Andriod,0
U_03536,2025-11-07 00:58:10.909090,Saudi Arabia,iOS,0
U_03537,2025-11-07 01:50:44.824482,Saudi Arabia,iOS,0
U_03538,2025-11-07 02:43:18.739873,Saudi Arabia,Andriod,1
U_03539,2025-11-07 03:35:52.655265,Saudi Arabia,Andriod,0
U_03540,2025-11-07 04:28:26.570657,Saudi Arabia,iOS,0
U_03541,2025-11-07 05:21:00.486048,Saudi Arabia,Andriod,0
U_03542,2025-11-07 06:13:34.401440,UAE,Andriod,0
U_03543,2025-11-07 07:06:08.316831,Saudi Arabia,iOS,0
U_03544,2025-11-07 07:58:42.232223,Saudi Arabia,Andriod,1
U_03545,2025-11-07 08:51:16.147614,UAE,iOS,1
U_03546,2025-11-07 09:43:50.063006,Saudi Arabia,Andriod,0
U_03547,2025-11-07 10:36:23.978397,Saudi Arabia,Andriod,0
U_03548,2025-11-07 11:28:57.893789,Saudi Arabia,Andriod,1
U_03549,2025-11-07 12:21:31.809180,Saudi Arabia,Andriod,1
U_03550,2025-11-07 13:14:05.724572,Saudi Arabia,iOS,0
U_03551,2025-11-07 14:06:39.639963,UAE,iOS,0
U_03552,2025-11-07 14:59:13.555355,Saudi Arabia,Andriod,0
U_03553,2025-11-07 15:51:47.470747,Saudi Arabia,Andriod,0
U_03554,2025-11-07 16:44:21.386138,Saudi Arabia,iOS,0
U_03555,2025-11-07 17:36:55.301530,Saudi Arabia,Andriod,0
U_03556,2025-11-07 18:29:29.216921,Saudi Arabia,iOS,0
U_03557,2025-11-07 19:22:03.132313,Saudi Arabia,iOS,0
U_03558,2025-11-07 20:14:37.047704,Saudi Arabia,Andriod,0
U_03559,2025-11-07 21:07:10.963096,Saudi Arabia,iOS,0
U_03560,2025-11-07 21:59:44.878487,Saudi Arabia,Andriod,0
U_03561,2025-11-07 22:52:18.793879,Saudi Arabia,iOS,1
U_03562,2025-11-07 23:44:52.709270,UAE,iOS,0
U_03563,2025-11-08 00:37:26.624662,Saudi Arabia,Andriod,0
U_03564,2025-11-08 01:30:00.540054,Saudi Arabia,Andriod,1
U_03565,2025-11-08 02:22:34.455445,Saudi Arabia,Andriod,0
U_03566,2025-11-08 03:15:08.370837,Kuwait,Andriod,0
U_03567,2025-11-08 04:07:42.286228,Saudi Arabia,iOS,1
U_03568,2025-11-08 05:00:16.201620,Saudi Arabia,Andriod,0
U_03569,2025-11-08 05:52:50.117011,Kuwait,Web,0
U_03570,2025-11-08 06:45:24.032403,UAE,Andriod,0
U_03571,2025-11-08 07:37:57.947794,Saudi Arabia,iOS,0
U_03572,2025-11-08 08:30:31.863186,Saudi Arabia,iOS,0
U_03573,2025-11-08 09:23:05.778577,UAE,Web,1
U_03574,2025-11-08 10:15:39.693969,Other,Andriod,0
U_03575,2025-11-08 11:08:13.609360,Bahrain,Andriod,1
U_03576,2025-11-08 12:00:47.524752,Saudi Arabia,Andriod,1
U_03577,2025-11-08 12:53:21.440144,Saudi Arabia,iOS,0
U_03578,2025-11-08 13:45:55.355535,Saudi Arabia,Andriod,0
U_03579,2025-11-08 14:38:29.270927,Kuwait,Web,0
U_03580,2025-11-08 15:31:03.186318,Saudi Arabia,Andriod,0
U_03581,2025-11-08 16:23:37.101710,Saudi Arabia,iOS,0
U_03582,2025-11-08 17:16:11.017101,UAE,iOS,1
U_03583,2025-11-08 18:08:44.932493,Saudi Arabia,iOS,0
U_03584,2025-11-08 19:01:18.847884,UAE,Andriod,0
U_03585,2025-11-08 19:53:52.763276,Saudi Arabia,iOS,0
U_03586,2025-11-08 20:46:26.678667,Saudi Arabia,iOS,0
U_03587,2025-11-08 21:39:00.594059,Saudi Arabia,Web,0
U_03588,2025-11-08 22:31:34.509450,Kuwait,iOS,1
U_03589,2025-11-08 23:24:08.424842,Saudi Arabia,iOS,1
U_03590,2025-11-09 00:16:42.340234,Saudi Arabia,iOS,0
U_03591,2025-11-09 01:09:16.255625,Qatar,iOS,0
U_03592,2025-11-09 02:01:50.171017,Saudi Arabia,Andriod,0
U_03593,2025-11-09 02:54:24.086408,Saudi Arabia,Web,0
U_03594,2025-11-09 03:46:58.001800,Saudi Arabia,Andriod,0
U_03595,2025-11-09 04:39:31.917191,Saudi Arabia,Andriod,0
U_03596,2025-11-09 05:32:05.832583,Saudi Arabia,Andriod,0
U_03597,2025-11-09 06:24:39.747974,Saudi Arabia,Andriod,0
U_03598,2025-11-09 07:17:13.663366,Saudi Arabia,iOS,0
U_03599,2025-11-09 08:09:47.578757,Saudi Arabia,iOS,0
U_03600,2025-11-09 09:02:21.494149,Saudi Arabia,Web,0
U_03601,2025-11-09 09:54:55.409540,Saudi Arabia,iOS,0
U_03602,2025-11-09 10:47:29.324932,Saudi Arabia,iOS,0
U_03603,2025-11-09 11:40:03.240324,Saudi Arabia,Andriod,0
U_03604,2025-11-09 12:32:37.155715,Saudi Arabia,Andriod,0
U_03605,2025-11-09 13:25:11.071107,Saudi Arabia,iOS,0
U_03606,2025-11-09 14:17:44.986498,Saudi Arabia,iOS,0
U_03607,2025-11-09 15:10:18.901890,UAE,iOS,1
U_03608,2025-11-09 16:02:52.817281,Saudi Arabia,Andriod,0
U_03609,2025-11-09 16:55:26.732673,Bahrain,iOS,0
U_03610,2025-11-09 17:48:00.648064,Qatar,Andriod,0
U_03611,2025-11-09 18:40:34.563456,Saudi Arabia,Andriod,0
U_03612,2025-11-09 19:33:08.478847,Saudi Arabia,Andriod,0
U_03613,2025-11-09 20:25:42.394239,Saudi Arabia,iOS,0
U_03614,2025-11-09 21:18:16.309630,Kuwait,iOS,0
U_03615,2025-11-09 22:10:50.225022,Saudi Arabia,Andriod,0
U_03616,2025-11-09 23:03:24.140414,Saudi Arabia,Andriod,1
U_03617,2025-11-09 23:55:58.055805,Saudi Arabia,iOS,0
U_03618,2025-11-10 00:48:31.971197,UAE,Andriod,0
U_03619,2025-11-10 01:41:05.886588,Kuwait,iOS,0
U_03620,2025-11-10 02:33:39.801980,Saudi Arabia,iOS,0
U_03621,2025-11-10 03:26:13.717371,Saudi Arabia,Andriod,0
U_03622,2025-11-10 04:18:47.632763,Saudi Arabia,iOS,0
U_03623,2025-11-10 05:11:21.548154,Saudi Arabia,Andriod,0
U_03624,2025-11-10 06:03:55.463546,UAE,Andriod,0
U_03625,2025-11-10 06:56:29.378937,Saudi Arabia,Andriod,0
U_03626,2025-11-10 07:49:03.294329,Saudi Arabia,Andriod,0
U_03627,2025-11-10 08:41:37.209720,Saudi Arabia,Andriod,0
U_03628,2025-11-10 09:34:11.125112,UAE,iOS,1
U_03629,2025-11-10 10:26:45.040504,Kuwait,Andriod,0
U_03630,2025-11-10 11:19:18.955895,Saudi Arabia,Web,0
U_03631,2025-11-10 12:11:52.871287,Kuwait,iOS,0
U_03632,2025-11-10 13:04:26.786678,Saudi Arabia,iOS,0
U_03633,2025-11-10 13:57:00.702070,Saudi Arabia,iOS,0
U_03634,2025-11-10 14:49:34.617461,Saudi Arabia,Andriod,0
U_03635,2025-11-10 15:42:08.532853,Saudi Arabia,Andriod,1
U_03636,2025-11-10 16:34:42.448244,Saudi Arabia,Andriod,0
U_03637,2025-11-10 17:27:16.363636,Bahrain,Andriod,1
U_03638,2025-11-10 18:19:50.279027,Saudi Arabia,Andriod,0
U_03639,2025-11-10 19:12:24.194419,Saudi Arabia,Andriod,0
U_03640,2025-11-10 20:04:58.109810,Saudi Arabia,Andriod,0
U_03641,2025-11-10 20:57:32.025202,Saudi Arabia,Andriod,0
U_03642,2025-11-10 21:50:05.940594,Bahrain,Andriod,0
U_03643,2025-11-10 22:42:39.855985,Saudi Arabia,Andriod,0
U_03644,2025-11-10 23:35:13.771377,Saudi Arabia,Andriod,0
U_03645,2025-11-11 00:27:47.686768,Kuwait,Andriod,1
U_03646,2025-11-11 01:20:21.602160,Saudi Arabia,Andriod,0
U_03647,2025-11-11 02:12:55.517551,Saudi Arabia,Andriod,0
U_03648,2025-11-11 03:05:29.432943,Saudi Arabia,Andriod,0
U_03649,2025-11-11 03:58:03.348334,Saudi Arabia,Andriod,0
U_03650,2025-11-11 04:50:37.263726,Other,Andriod,0
U_03651,2025-11-11 05:43:11.179117,Kuwait,Andriod,1
U_03652,2025-11-11 06:35:45.094509,Saudi Arabia,iOS,0
U_03653,2025-11-11 07:28:19.009900,UAE,iOS,0
U_03654,2025-11-11 08:20:52.925292,Saudi Arabia,Andriod,0
U_03655,2025-11-11 09:13:26.840684,Saudi Arabia,Andriod,0
U_03656,2025-11-11 10:06:00.756075,Saudi Arabia,Web,0
U_03657,2025-11-11 10:58:34.671467,Saudi Arabia,iOS,0
U_03658,2025-11-11 11:51:08.586858,Saudi Arabia,iOS,0
U_03659,2025-11-11 12:43:42.502250,Saudi Arabia,iOS,0
U_03660,2025-11-11 13:36:16.417641,Bahrain,iOS,0
U_03661,2025-11-11 14:28:50.333033,Saudi Arabia,Andriod,0
U_03662,2025-11-11 15:21:24.248424,Saudi Arabia,iOS,0
U_03663,2025-11-11 16:13:58.163816,Saudi Arabia,Andriod,0
U_03664,2025-11-11 17:06:32.079207,Saudi Arabia,Andriod,1
U_03665,2025-11-11 17:59:05.994599,Saudi Arabia,Andriod,0
U_03666,2025-11-11 18:51:39.909991,Saudi Arabia,Andriod,0
U_03667,2025-11-11 19:44:13.825382,UAE,Andriod,0
U_03668,2025-11-11 20:36:47.740774,Saudi Arabia,iOS,0
U_03669,2025-11-11 21:29:21.656165,Saudi Arabia,Andriod,0
U_03670,2025-11-11 22:21:55.571557,Saudi Arabia,Andriod,0
U_03671,2025-11-11 23:14:29.486948,Saudi Arabia,iOS,0
U_03672,2025-11-12 00:07:03.402340,Saudi Arabia,iOS,0
U_03673,2025-11-12 00:59:37.317731,Kuwait,iOS,0
U_03674,2025-11-12 01:52:11.233123,Saudi Arabia,iOS,1
U_03675,2025-11-12 02:44:45.148514,Saudi Arabia,Web,0
U_03676,2025-11-12 03:37:19.063906,Saudi Arabia,Andriod,0
U_03677,2025-11-12 04:29:52.979297,Saudi Arabia,iOS,0
U_03678,2025-11-12 05:22:26.894689,Saudi Arabia,Andriod,0
U_03679,2025-11-12 06:15:00.810081,UAE,Andriod,0
U_03680,2025-11-12 07:07:34.725472,Saudi Arabia,iOS,0
U_03681,2025-11-12 08:00:08.640864,Kuwait,Web,1
U_03682,2025-11-12 08:52:42.556255,Saudi Arabia,Andriod,1
U_03683,2025-11-12 09:45:16.471647,Kuwait,Andriod,0
U_03684,2025-11-12 10:37:50.387038,Saudi Arabia,Andriod,0
U_03685,2025-11-12 11:30:24.302430,Saudi Arabia,Andriod,0
U_03686,2025-11-12 12:22:58.217821,Saudi Arabia,iOS,0
U_03687,2025-11-12 13:15:32.133213,Bahrain,Andriod,0
U_03688,2025-11-12 14:08:06.048604,Saudi Arabia,Web,0
U_03689,2025-11-12 15:00:39.963996,Saudi Arabia,iOS,0
U_03690,2025-11-12 15:53:13.879387,Saudi Arabia,Andriod,0
U_03691,2025-11-12 16:45:47.794779,UAE,Andriod,0
U_03692,2025-11-12 17:38:21.710171,Saudi Arabia,iOS,0
U_03693,2025-11-12 18:30:55.625562,Kuwait,Andriod,0
U_03694,2025-11-12 19:23:29.540954,Saudi Arabia,iOS,1
U_03695,2025-11-12 20:16:03.456345,Saudi Arabia,Andriod,0
U_03696,2025-11-12 21:08:37.371737,Saudi Arabia,iOS,0
U_03697,2025-11-12 22:01:11.287128,Qatar,Web,0
U_03698,2025-11-12 22:53:45.202520,Saudi Arabia,iOS,0
U_03699,2025-11-12 23:46:19.117911,Qatar,iOS,1
U_03700,2025-11-13 00:38:53.033303,Saudi Arabia,iOS,0
U_03701,2025-11-13 01:31:26.948694,Saudi Arabia,Web,0
U_03702,2025-11-13 02:24:00.864086,Saudi Arabia,Andriod,0
U_03703,2025-11-13 03:16:34.779477,Saudi Arabia,Andriod,1
U_03704,2025-11-13 04:09:08.694869,UAE,Andriod,0
U_03705,2025-11-13 05:01:42.610261,Qatar,Andriod,1
U_03706,2025-11-13 05:54:16.525652,Bahrain,iOS,1
U_03707,2025-11-13 06:46:50.441044,Kuwait,Andriod,0
U_03708,2025-11-13 07:39:24.356435,Saudi Arabia,iOS,1
U_03709,2025-11-13 08:31:58.271827,Saudi Arabia,Web,0
U_03710,2025-11-13 09:24:32.187218,Qatar,Andriod,0
U_03711,2025-11-13 10:17:06.102610,Saudi Arabia,Andriod,0
U_03712,2025-11-13 11:09:40.018001,Kuwait,iOS,1
U_03713,2025-11-13 12:02:13.933393,Kuwait,Andriod,0
U_03714,2025-11-13 12:54:47.848784,Saudi Arabia,iOS,0
U_03715,2025-11-13 13:47:21.764176,Other,iOS,0
U_03716,2025-11-13 14:39:55.679567,Saudi Arabia,iOS,1
U_03717,2025-11-13 15:32:29.594959,Saudi Arabia,Andriod,0
U_03718,2025-11-13 16:25:03.510351,Saudi Arabia,Andriod,0
U_03719,2025-11-13 17:17:37.425742,Saudi Arabia,iOS,0
U_03720,2025-11-13 18:10:11.341134,Saudi Arabia,iOS,0
U_03721,2025-11-13 19:02:45.256525,Saudi Arabia,Andriod,0
U_03722,2025-11-13 19:55:19.171917,UAE,Andriod,0
U_03723,2025-11-13 20:47:53.087308,Qatar,iOS,0
U_03724,2025-11-13 21:40:27.002700,Saudi Arabia,iOS,1
U_03725,2025-11-13 22:33:00.918091,Saudi Arabia,Web,0
U_03726,2025-11-13 23:25:34.833483,Bahrain,Web,0
U_03727,2025-11-14 00:18:08.748874,Saudi Arabia,Web,0
U_03728,2025-11-14 01:10:42.664266,Saudi Arabia,Andriod,0
U_03729,2025-11-14 02:03:16.579657,Saudi Arabia,iOS,0
U_03730,2025-11-14 02:55:50.495049,Saudi Arabia,iOS,0
U_03731,2025-11-14 03:48:24.410441,Saudi Arabia,iOS,1
U_03732,2025-11-14 04:40:58.325832,Qatar,iOS,0
U_03733,2025-11-14 05:33:32.241224,Saudi Arabia,Web,0
U_03734,2025-11-14 06:26:06.156615,Saudi Arabia,Andriod,0
U_03735,2025-11-14 07:18:40.072007,Saudi Arabia,Andriod,0
U_03736,2025-11-14 08:11:13.987398,Saudi Arabia,iOS,0
U_03737,2025-11-14 09:03:47.902790,Saudi Arabia,Web,1
U_03738,2025-11-14 09:56:21.818181,Kuwait,Andriod,0
U_03739,2025-11-14 10:48:55.733573,Kuwait,iOS,0
U_03740,2025-11-14 11:41:29.648964,Saudi Arabia,Andriod,0
U_03741,2025-11-14 12:34:03.564356,Bahrain,iOS,0
U_03742,2025-11-14 13:26:37.479747,UAE,iOS,0
U_03743,2025-11-14 14:19:11.395139,Kuwait,Andriod,0
U_03744,2025-11-14 15:11:45.310531,Saudi Arabia,Andriod,0
U_03745,2025-11-14 16:04:19.225922,Saudi Arabia,iOS,0
U_03746,2025-11-14 16:56:53.141314,Saudi Arabia,iOS,0
U_03747,2025-11-14 17:49:27.056705,Saudi Arabia,Web,0
U_03748,2025-11-14 18:42:00.972097,Saudi Arabia,Andriod,1
U_03749,2025-11-14 19:34:34.887488,Saudi Arabia,Andriod,1
U_03750,2025-11-14 20:27:08.802880,Bahrain,iOS,0
U_03751,2025-11-14 21:19:42.718271,Bahrain,iOS,0
U_03752,2025-11-14 22:12:16.633663,Bahrain,iOS,0
U_03753,2025-11-14 23:04:50.549054,Saudi Arabia,iOS,1
U_03754,2025-11-14 23:57:24.464446,Saudi Arabia,iOS,0
U_03755,2025-11-15 00:49:58.379837,Saudi Arabia,iOS,0
U_03756,2025-11-15 01:42:32.295229,Saudi Arabia,Andriod,0
U_03757,2025-11-15 02:35:06.210621,Saudi Arabia,iOS,0
U_03758,2025-11-15 03:27:40.126012,Saudi Arabia,Andriod,0
U_03759,2025-11-15 04:20:14.041404,Saudi Arabia,iOS,0
U_03760,2025-11-15 05:12:47.956795,UAE,Andriod,0
U_03761,2025-11-15 06:05:21.872187,Saudi Arabia,iOS,0
U_03762,2025-11-15 06:57:55.787578,Kuwait,Andriod,0
U_03763,2025-11-15 07:50:29.702970,Saudi Arabia,iOS,1
U_03764,2025-11-15 08:43:03.618361,Saudi Arabia,Web,0
U_03765,2025-11-15 09:35:37.533753,Saudi Arabia,Andriod,0
U_03766,2025-11-15 10:28:11.449144,Saudi Arabia,Andriod,0
U_03767,2025-11-15 11:20:45.364536,Saudi Arabia,iOS,0
U_03768,2025-11-15 12:13:19.279927,Saudi Arabia,Andriod,0
U_03769,2025-11-15 13:05:53.195319,Saudi Arabia,Andriod,0
U_03770,2025-11-15 13:58:27.110711,Saudi Arabia,iOS,0
U_03771,2025-11-15 14:51:01.026102,Saudi Arabia,Andriod,0
U_03772,2025-11-15 15:43:34.941494,Bahrain,Andriod,0
U_03773,2025-11-15 16:36:08.856885,Saudi Arabia,Andriod,0
U_03774,2025-11-15 17:28:42.772277,Kuwait,Andriod,0
U_03775,2025-11-15 18:21:16.687668,Saudi Arabia,Andriod,0
U_03776,2025-11-15 19:13:50.603060,Qatar,Web,0
U_03777,2025-11-15 20:06:24.518451,UAE,Andriod,0
U_03778,2025-11-15 20:58:58.433843,Saudi Arabia,Andriod,0
U_03779,2025-11-15 21:51:32.349234,Saudi Arabia,Andriod,0
U_03780,2025-11-15 22:44:06.264626,Bahrain,Andriod,0
U_03781,2025-11-15 23:36:40.180018,Saudi Arabia,Web,0
U_03782,2025-11-16 00:29:14.095409,Saudi Arabia,iOS,0
U_03783,2025-11-16 01:21:48.010801,Saudi Arabia,iOS,0
U_03784,2025-11-16 02:14:21.926192,UAE,iOS,0
U_03785,2025-11-16 03:06:55.841584,UAE,iOS,0
U_03786,2025-11-16 03:59:29.756975,Saudi Arabia,iOS,1
U_03787,2025-11-16 04:52:03.672367,Saudi Arabia,Andriod,0
U_03788,2025-11-16 05:44:37.587758,Saudi Arabia,iOS,0
U_03789,2025-11-16 06:37:11.503150,Saudi Arabia,Andriod,0
U_03790,2025-11-16 07:29:45.418541,Other,Andriod,0
U_03791,2025-11-16 08:22:19.333933,Saudi Arabia,iOS,0
U_03792,2025-11-16 09:14:53.249324,Saudi Arabia,iOS,0
U_03793,2025-11-16 10:07:27.164716,Saudi Arabia,Andriod,0
U_03794,2025-11-16 11:00:01.080108,Kuwait,Andriod,0
U_03795,2025-11-16 11:52:34.995499,Saudi Arabia,Andriod,0
U_03796,2025-11-16 12:45:08.910891,Saudi Arabia,Andriod,0
U_03797,2025-11-16 13:37:42.826282,Saudi Arabia,Web,0
U_03798,2025-11-16 14:30:16.741674,Saudi Arabia,Andriod,0
U_03799,2025-11-16 15:22:50.657065,Saudi Arabia,Web,0
U_03800,2025-11-16 16:15:24.572457,Saudi Arabia,Andriod,0
U_03801,2025-11-16 17:07:58.487848,Saudi Arabia,Andriod,0
U_03802,2025-11-16 18:00:32.403240,Qatar,iOS,0
U_03803,2025-11-16 18:53:06.318631,UAE,Web,0
U_03804,2025-11-16 19:45:40.234023,Other,Andriod,0
U_03805,2025-11-16 20:38:14.149414,Saudi Arabia,Andriod,0
U_03806,2025-11-16 21:30:48.064806,Qatar,iOS,0
U_03807,2025-11-16 22:23:21.980198,Saudi Arabia,iOS,0
U_03808,2025-11-16 23:15:55.895589,Saudi Arabia,iOS,0
U_03809,2025-11-17 00:08:29.810981,Saudi Arabia,iOS,0
U_03810,2025-11-17 01:01:03.726372,Saudi Arabia,iOS,0
U_03811,2025-11-17 01:53:37.641764,Saudi Arabia,Andriod,0
U_03812,2025-11-17 02:46:11.557155,Saudi Arabia,iOS,0
U_03813,2025-11-17 03:38:45.472547,Saudi Arabia,iOS,0
U_03814,2025-11-17 04:31:19.387938,Saudi Arabia,iOS,0
U_03815,2025-11-17 05:23:53.303330,Saudi Arabia,Andriod,0
U_03816,2025-11-17 06:16:27.218721,Saudi Arabia,iOS,1
U_03817,2025-11-17 07:09:01.134113,Saudi Arabia,iOS,0
U_03818,2025-11-17 08:01:35.049504,UAE,Andriod,0
U_03819,2025-11-17 08:54:08.964896,UAE,Andriod,0
U_03820,2025-11-17 09:46:42.880288,Saudi Arabia,iOS,0
U_03821,2025-11-17 10:39:16.795679,Saudi Arabia,iOS,0
U_03822,2025-11-17 11:31:50.711071,Saudi Arabia,iOS,0
U_03823,2025-11-17 12:24:24.626462,UAE,Web,1
U_03824,2025-11-17 13:16:58.541854,Saudi Arabia,iOS,0
U_03825,2025-11-17 14:09:32.457245,Saudi Arabia,Andriod,0
U_03826,2025-11-17 15:02:06.372637,Saudi Arabia,iOS,0
U_03827,2025-11-17 15:54:40.288028,Saudi Arabia,Andriod,0
U_03828,2025-11-17 16:47:14.203420,Saudi Arabia,iOS,0
U_03829,2025-11-17 17:39:48.118811,UAE,iOS,0
U_03830,2025-11-17 18:32:22.034203,Saudi Arabia,Andriod,1
U_03831,2025-11-17 19:24:55.949594,Saudi Arabia,iOS,0
U_03832,2025-11-17 20:17:29.864986,UAE,iOS,0
U_03833,2025-11-17 21:10:03.780378,UAE,Andriod,0
U_03834,2025-11-17 22:02:37.695769,Saudi Arabia,Web,0
U_03835,2025-11-17 22:55:11.611161,Saudi Arabia,iOS,0
U_03836,2025-11-17 23:47:45.526552,Saudi Arabia,Andriod,0
U_03837,2025-11-18 00:40:19.441944,Qatar,Web,0
U_03838,2025-11-18 01:32:53.357335,Saudi Arabia,Andriod,0
U_03839,2025-11-18 02:25:27.272727,Qatar,Andriod,0
U_03840,2025-11-18 03:18:01.188118,Saudi Arabia,Andriod,0
U_03841,2025-11-18 04:10:35.103510,Saudi Arabia,iOS,1
U_03842,2025-11-18 05:03:09.018901,Saudi Arabia,Andriod,0
U_03843,2025-11-18 05:55:42.934293,Saudi Arabia,iOS,0
U_03844,2025-11-18 06:48:16.849684,Saudi Arabia,iOS,0
U_03845,2025-11-18 07:40:50.765076,Saudi Arabia,Andriod,0
U_03846,2025-11-18 08:33:24.680468,Saudi Arabia,iOS,0
U_03847,2025-11-18 09:25:58.595859,Qatar,Andriod,0
U_03848,2025-11-18 10:18:32.511251,Saudi Arabia,Andriod,0
U_03849,2025-11-18 11:11:06.426642,Kuwait,Andriod,0
U_03850,2025-11-18 12:03:40.342034,Saudi Arabia,iOS,0
U_03851,2025-11-18 12:56:14.257425,Saudi Arabia,iOS,0
U_03852,2025-11-18 13:48:48.172817,Saudi Arabia,Andriod,0
U_03853,2025-11-18 14:41:22.088208,Saudi Arabia,Web,0
U_03854,2025-11-18 15:33:56.003600,Qatar,iOS,1
U_03855,2025-11-18 16:26:29.918991,Saudi Arabia,iOS,0
U_03856,2025-11-18 17:19:03.834383,Saudi Arabia,Andriod,1
U_03857,2025-11-18 18:11:37.749774,Saudi Arabia,iOS,0
U_03858,2025-11-18 19:04:11.665166,Saudi Arabia,Andriod,1
U_03859,2025-11-18 19:56:45.580558,Saudi Arabia,Andriod,0
U_03860,2025-11-18 20:49:19.495949,UAE,Andriod,0
U_03861,2025-11-18 21:41:53.411341,UAE,iOS,0
U_03862,2025-11-18 22:34:27.326732,Saudi Arabia,iOS,0
U_03863,2025-11-18 23:27:01.242124,Saudi Arabia,iOS,0
U_03864,2025-11-19 00:19:35.157515,Saudi Arabia,Andriod,0
U_03865,2025-11-19 01:12:09.072907,Saudi Arabia,Andriod,0
U_03866,2025-11-19 02:04:42.988298,Saudi Arabia,Andriod,0
U_03867,2025-11-19 02:57:16.903690,Saudi Arabia,Andriod,0
U_03868,2025-11-19 03:49:50.819081,Saudi Arabia,iOS,0
U_03869,2025-11-19 04:42:24.734473,Saudi Arabia,Andriod,0
U_03870,2025-11-19 05:34:58.649864,Saudi Arabia,Andriod,0
U_03871,2025-11-19 06:27:32.565256,Saudi Arabia,Andriod,0
U_03872,2025-11-19 07:20:06.480648,Saudi Arabia,iOS,0
U_03873,2025-11-19 08:12:40.396039,Saudi Arabia,Andriod,0
U_03874,2025-11-19 09:05:14.311431,UAE,Andriod,0
U_03875,2025-11-19 09:57:48.226822,Saudi Arabia,Andriod,0
U_03876,2025-11-19 10:50:22.142214,Saudi Arabia,iOS,0
U_03877,2025-11-19 11:42:56.057605,Saudi Arabia,Andriod,0
U_03878,2025-11-19 12:35:29.972997,UAE,iOS,0
U_03879,2025-11-19 13:28:03.888388,Saudi Arabia,Andriod,0
U_03880,2025-11-19 14:20:37.803780,Saudi Arabia,Web,0
U_03881,2025-11-19 15:13:11.719171,Saudi Arabia,Andriod,0
U_03882,2025-11-19 16:05:45.634563,Kuwait,Andriod,0
U_03883,2025-11-19 16:58:19.549954,Qatar,Andriod,0
U_03884,2025-11-19 17:50:53.465346,Saudi Arabia,iOS,0
U_03885,2025-11-19 18:43:27.380738,Bahrain,iOS,0
U_03886,2025-11-19 19:36:01.296129,Qatar,Web,1
U_03887,2025-11-19 20:28:35.211521,Bahrain,Andriod,0
U_03888,2025-11-19 21:21:09.126912,Saudi Arabia,iOS,0
U_03889,2025-11-19 22:13:43.042304,Saudi Arabia,iOS,0
U_03890,2025-11-19 23:06:16.957695,Saudi Arabia,Andriod,0
U_03891,2025-11-19 23:58:50.873087,Kuwait,Andriod,0
U_03892,2025-11-20 00:51:24.788478,Saudi Arabia,Andriod,0
U_03893,2025-11-20 01:43:58.703870,Saudi Arabia,iOS,0
U_03894,2025-11-20 02:36:32.619261,Saudi Arabia,Web,0
U_03895,2025-11-20 03:29:06.534653,Kuwait,Andriod,0
U_03896,2025-11-20 04:21:40.450045,UAE,Andriod,0
U_03897,2025-11-20 05:14:14.365436,Saudi Arabia,Andriod,0
U_03898,2025-11-20 06:06:48.280828,UAE,iOS,0
U_03899,2025-11-20 06:59:22.196219,Saudi Arabia,Web,0
U_03900,2025-11-20 07:51:56.111611,UAE,iOS,1
U_03901,2025-11-20 08:44:30.027002,Saudi Arabia,iOS,0
U_03902,2025-11-20 09:37:03.942394,Saudi Arabia,Andriod,1
U_03903,2025-11-20 10:29:37.857785,Bahrain,Andriod,0
U_03904,2025-11-20 11:22:11.773177,Saudi Arabia,Andriod,0
U_03905,2025-11-20 12:14:45.688568,UAE,Andriod,0
U_03906,2025-11-20 13:07:19.603960,Saudi Arabia,iOS,0
U_03907,2025-11-20 13:59:53.519351,Saudi Arabia,Web,0
U_03908,2025-11-20 14:52:27.434743,Saudi Arabia,iOS,0
U_03909,2025-11-20 15:45:01.350135,Saudi Arabia,Andriod,0
U_03910,2025-11-20 16:37:35.265526,Saudi Arabia,iOS,0
U_03911,2025-11-20 17:30:09.180918,Saudi Arabia,Andriod,1
U_03912,2025-11-20 18:22:43.096309,Saudi Arabia,iOS,0
U_03913,2025-11-20 19:15:17.011701,Saudi Arabia,Andriod,0
U_03914,2025-11-20 20:07:50.927092,Qatar,Andriod,0
U_03915,2025-11-20 21:00:24.842484,Qatar,Andriod,0
U_03916,2025-11-20 21:52:58.757875,Saudi Arabia,Andriod,0
U_03917,2025-11-20 22:45:32.673267,Kuwait,Andriod,0
U_03918,2025-11-20 23:38:06.588658,Saudi Arabia,Andriod,0
U_03919,2025-11-21 00:30:40.504050,Saudi Arabia,Web,0
U_03920,2025-11-21 01:23:14.419441,UAE,Andriod,0
U_03921,2025-11-21 02:15:48.334833,Qatar,iOS,0
U_03922,2025-11-21 03:08:22.250225,Saudi Arabia,iOS,0
U_03923,2025-11-21 04:00:56.165616,Kuwait,iOS,0
U_03924,2025-11-21 04:53:30.081008,Saudi Arabia,iOS,1
U_03925,2025-11-21 05:46:03.996399,Other,Andriod,0
U_03926,2025-11-21 06:38:37.911791,Saudi Arabia,iOS,0
U_03927,2025-11-21 07:31:11.827182,Saudi Arabia,iOS,0
U_03928,2025-11-21 08:23:45.742574,Saudi Arabia,iOS,0
U_03929,2025-11-21 09:16:19.657965,Saudi Arabia,Andriod,0
U_03930,2025-11-21 10:08:53.573357,Saudi Arabia,Andriod,0
U_03931,2025-11-21 11:01:27.488748,Qatar,iOS,0
U_03932,2025-11-21 11:54:01.404140,Saudi Arabia,Andriod,0
U_03933,2025-11-21 12:46:35.319531,Saudi Arabia,iOS,0
U_03934,2025-11-21 13:39:09.234923,Saudi Arabia,Web,0
U_03935,2025-11-21 14:31:43.150315,Saudi Arabia,Andriod,0
U_03936,2025-11-21 15:24:17.065706,Saudi Arabia,iOS,0
U_03937,2025-11-21 16:16:50.981098,Saudi Arabia,Andriod,0
U_03938,2025-11-21 17:09:24.896489,Saudi Arabia,Andriod,0
U_03939,2025-11-21 18:01:58.811881,Saudi Arabia,Andriod,0
U_03940,2025-11-21 18:54:32.727272,Saudi Arabia,Andriod,0
U_03941,2025-11-21 19:47:06.642664,Kuwait,iOS,0
U_03942,2025-11-21 20:39:40.558055,Bahrain,iOS,1
U_03943,2025-11-21 21:32:14.473447,Saudi Arabia,iOS,0
U_03944,2025-11-21 22:24:48.388838,Saudi Arabia,iOS,0
U_03945,2025-11-21 23:17:22.304230,Saudi Arabia,iOS,0
U_03946,2025-11-22 00:09:56.219621,Saudi Arabia,Web,0
U_03947,2025-11-22 01:02:30.135013,Saudi Arabia,iOS,0
U_03948,2025-11-22 01:55:04.050405,Saudi Arabia,Andriod,0
U_03949,2025-11-22 02:47:37.965796,Saudi Arabia,Andriod,0
U_03950,2025-11-22 03:40:11.881188,Saudi Arabia,Andriod,1
U_03951,2025-11-22 04:32:45.796579,Saudi Arabia,Web,1
U_03952,2025-11-22 05:25:19.711971,UAE,Andriod,0
U_03953,2025-11-22 06:17:53.627362,Qatar,Web,0
U_03954,2025-11-22 07:10:27.542754,Saudi Arabia,Andriod,0
U_03955,2025-11-22 08:03:01.458145,Saudi Arabia,Web,0
U_03956,2025-11-22 08:55:35.373537,UAE,Andriod,0
U_03957,2025-11-22 09:48:09.288928,Bahrain,iOS,0
U_03958,2025-11-22 10:40:43.204320,Saudi Arabia,Andriod,0
U_03959,2025-11-22 11:33:17.119711,Saudi Arabia,Andriod,0
U_03960,2025-11-22 12:25:51.035103,Saudi Arabia,iOS,0
U_03961,2025-11-22 13:18:24.950495,Saudi Arabia,iOS,0
U_03962,2025-11-22 14:10:58.865886,Saudi Arabia,Andriod,0
U_03963,2025-11-22 15:03:32.781278,Saudi Arabia,Web,0
U_03964,2025-11-22 15:56:06.696669,Saudi Arabia,iOS,0
U_03965,2025-11-22 16:48:40.612061,Saudi Arabia,Andriod,0
U_03966,2025-11-22 17:41:14.527452,Kuwait,Andriod,0
U_03967,2025-11-22 18:33:48.442844,Saudi Arabia,Web,0
U_03968,2025-11-22 19:26:22.358235,Saudi Arabia,Web,0
U_03969,2025-11-22 20:18:56.273627,Saudi Arabia,Andriod,0
U_03970,2025-11-22 21:11:30.189018,Saudi Arabia,Andriod,0
U_03971,2025-11-22 22:04:04.104410,Qatar,iOS,1
U_03972,2025-11-22 22:56:38.019801,Saudi Arabia,Andriod,0
U_03973,2025-11-22 23:49:11.935193,Saudi Arabia,Andriod,0
U_03974,2025-11-23 00:41:45.850585,Kuwait,Andriod,0
U_03975,2025-11-23 01:34:19.765976,Saudi Arabia,Andriod,0
U_03976,2025-11-23 02:26:53.681368,Bahrain,iOS,0
U_03977,2025-11-23 03:19:27.596759,Saudi Arabia,Andriod,0
U_03978,2025-11-23 04:12:01.512151,Saudi Arabia,iOS,1
U_03979,2025-11-23 05:04:35.427542,Saudi Arabia,iOS,0
U_03980,2025-11-23 05:57:09.342934,Saudi Arabia,iOS,0
U_03981,2025-11-23 06:49:43.258325,UAE,iOS,0
U_03982,2025-11-23 07:42:17.173717,UAE,Andriod,0
U_03983,2025-11-23 08:34:51.089108,Saudi Arabia,iOS,0
U_03984,2025-11-23 09:27:25.004500,Saudi Arabia,iOS,0
U_03985,2025-11-23 10:19:58.919891,UAE,Web,0
U_03986,2025-11-23 11:12:32.835283,Qatar,iOS,0
U_03987,2025-11-23 12:05:06.750675,Saudi Arabia,iOS,0
U_03988,2025-11-23 12:57:40.666066,Saudi Arabia,iOS,0
U_03989,2025-11-23 13:50:14.581458,Saudi Arabia,iOS,0
U_03990,2025-11-23 14:42:48.496849,UAE,iOS,0
U_03991,2025-11-23 15:35:22.412241,Saudi Arabia,iOS,0
U_03992,2025-11-23 16:27:56.327632,Saudi Arabia,Andriod,0
U_03993,2025-11-23 17:20:30.243024,Kuwait,iOS,0
U_03994,2025-11-23 18:13:04.158415,Saudi Arabia,iOS,1
U_03995,2025-11-23 19:05:38.073807,Saudi Arabia,Andriod,0
U_03996,2025-11-23 19:58:11.989198,Saudi Arabia,Andriod,1
U_03997,2025-11-23 20:50:45.904590,Saudi Arabia,Web,0
U_03998,2025-11-23 21:43:19.819981,Saudi Arabia,Andriod,0
U_03999,2025-11-23 22:35:53.735373,Saudi Arabia,iOS,0
U_04000,2025-11-23 23:28:27.650765,Saudi Arabia,Andriod,0
U_04001,2025-11-24 00:21:01.566156,Saudi Arabia,iOS,0
U_04002,2025-11-24 01:13:35.481548,UAE,iOS,0
U_04003,2025-11-24 02:06:09.396939,Kuwait,Andriod,0
U_04004,2025-11-24 02:58:43.312331,Saudi Arabia,Andriod,1
U_04005,2025-11-24 03:51:17.227722,Saudi Arabia,Andriod,1
U_04006,2025-11-24 04:43:51.143114,Saudi Arabia,Web,0
U_04007,2025-11-24 05:36:25.058505,Saudi Arabia,iOS,0
U_04008,2025-11-24 06:28:58.973897,Saudi Arabia,Andriod,0
U_04009,2025-11-24 07:21:32.889288,Saudi Arabia,Andriod,0
U_04010,2025-11-24 08:14:06.804680,Saudi Arabia,Web,0
U_04011,2025-11-24 09:06:40.720072,Saudi Arabia,Andriod,0
U_04012,2025-11-24 09:59:14.635463,Saudi Arabia,Web,0
U_04013,2025-11-24 10:51:48.550855,Saudi Arabia,iOS,0
U_04014,2025-11-24 11:44:22.466246,Saudi Arabia,Andriod,0
U_04015,2025-11-24 12:36:56.381638,Saudi Arabia,iOS,1
U_04016,2025-11-24 13:29:30.297029,Saudi Arabia,iOS,0
U_04017,2025-11-24 14:22:04.212421,Bahrain,Web,0
U_04018,2025-11-24 15:14:38.127812,Bahrain,iOS,0
U_04019,2025-11-24 16:07:12.043204,Saudi Arabia,Web,0
U_04020,2025-11-24 16:59:45.958595,Saudi Arabia,iOS,0
U_04021,2025-11-24 17:52:19.873987,Saudi Arabia,Andriod,0
U_04022,2025-11-24 18:44:53.789378,Saudi Arabia,iOS,0
U_04023,2025-11-24 19:37:27.704770,Saudi Arabia,iOS,0
U_04024,2025-11-24 20:30:01.620162,UAE,iOS,0
U_04025,2025-11-24 21:22:35.535553,Saudi Arabia,Andriod,0
U_04026,2025-11-24 22:15:09.450945,UAE,iOS,0
U_04027,2025-11-24 23:07:43.366336,Saudi Arabia,Andriod,1
U_04028,2025-11-25 00:00:17.281728,Saudi Arabia,iOS,0
U_04029,2025-11-25 00:52:51.197119,Kuwait,iOS,0
U_04030,2025-11-25 01:45:25.112511,Saudi Arabia,iOS,1
U_04031,2025-11-25 02:37:59.027902,Saudi Arabia,Andriod,1
U_04032,2025-11-25 03:30:32.943294,Saudi Arabia,Andriod,0
U_04033,2025-11-25 04:23:06.858685,Saudi Arabia,Andriod,0
U_04034,2025-11-25 05:15:40.774077,Other,iOS,0
U_04035,2025-11-25 06:08:14.689468,Saudi Arabia,Andriod,0
U_04036,2025-11-25 07:00:48.604860,Other,Andriod,0
U_04037,2025-11-25 07:53:22.520252,Qatar,iOS,0
U_04038,2025-11-25 08:45:56.435643,Kuwait,Andriod,0
U_04039,2025-11-25 09:38:30.351035,Saudi Arabia,Andriod,0
U_04040,2025-11-25 10:31:04.266426,Saudi Arabia,iOS,1
U_04041,2025-11-25 11:23:38.181818,UAE,iOS,0
U_04042,2025-11-25 12:16:12.097209,Saudi Arabia,iOS,0
U_04043,2025-11-25 13:08:46.012601,Saudi Arabia,Andriod,1
U_04044,2025-11-25 14:01:19.927992,Saudi Arabia,iOS,0
U_04045,2025-11-25 14:53:53.843384,Saudi Arabia,iOS,0
U_04046,2025-11-25 15:46:27.758775,Saudi Arabia,iOS,0
U_04047,2025-11-25 16:39:01.674167,Saudi Arabia,iOS,0
U_04048,2025-11-25 17:31:35.589558,Saudi Arabia,iOS,0
U_04049,2025-11-25 18:24:09.504950,UAE,Web,0
U_04050,2025-11-25 19:16:43.420342,Saudi Arabia,iOS,0
U_04051,2025-11-25 20:09:17.335733,Qatar,Andriod,0
U_04052,2025-11-25 21:01:51.251125,Saudi Arabia,iOS,0
U_04053,2025-11-25 21:54:25.166516,UAE,Andriod,0
U_04054,2025-11-25 22:46:59.081908,Saudi Arabia,Andriod,0
U_04055,2025-11-25 23:39:32.997299,Kuwait,iOS,0
U_04056,2025-11-26 00:32:06.912691,Saudi Arabia,Andriod,1
U_04057,2025-11-26 01:24:40.828082,UAE,Andriod,0
U_04058,2025-11-26 02:17:14.743474,Saudi Arabia,Andriod,0
U_04059,2025-11-26 03:09:48.658865,Bahrain,Andriod,0
U_04060,2025-11-26 04:02:22.574257,Other,Web,0
U_04061,2025-11-26 04:54:56.489648,Saudi Arabia,Andriod,0
U_04062,2025-11-26 05:47:30.405040,Saudi Arabia,Web,0
U_04063,2025-11-26 06:40:04.320432,Kuwait,Andriod,0
U_04064,2025-11-26 07:32:38.235823,Saudi Arabia,Andriod,0
U_04065,2025-11-26 08:25:12.151215,UAE,Andriod,0
U_04066,2025-11-26 09:17:46.066606,Saudi Arabia,Andriod,0
U_04067,2025-11-26 10:10:19.981998,Saudi Arabia,Web,0
U_04068,2025-11-26 11:02:53.897389,Qatar,iOS,0
U_04069,2025-11-26 11:55:27.812781,Saudi Arabia,Andriod,1
U_04070,2025-11-26 12:48:01.728172,UAE,iOS,0
U_04071,2025-11-26 13:40:35.643564,Saudi Arabia,Andriod,1
U_04072,2025-11-26 14:33:09.558955,Saudi Arabia,iOS,0
U_04073,2025-11-26 15:25:43.474347,Saudi Arabia,iOS,0
U_04074,2025-11-26 16:18:17.389738,Saudi Arabia,Web,0
U_04075,2025-11-26 17:10:51.305130,Saudi Arabia,iOS,0
U_04076,2025-11-26 18:03:25.220522,Saudi Arabia,Andriod,0
U_04077,2025-11-26 18:55:59.135913,Saudi Arabia,Andriod,0
U_04078,2025-11-26 19:48:33.051305,Saudi Arabia,iOS,0
U_04079,2025-11-26 20:41:06.966696,Kuwait,iOS,0
U_04080,2025-11-26 21:33:40.882088,Saudi Arabia,Andriod,0
U_04081,2025-11-26 22:26:14.797479,Saudi Arabia,iOS,0
U_04082,2025-11-26 23:18:48.712871,Saudi Arabia,Andriod,0
U_04083,2025-11-27 00:11:22.628262,Saudi Arabia,Web,0
U_04084,2025-11-27 01:03:56.543654,Kuwait,iOS,0
U_04085,2025-11-27 01:56:30.459045,Saudi Arabia,iOS,1
U_04086,2025-11-27 02:49:04.374437,Saudi Arabia,Andriod,0
U_04087,2025-11-27 03:41:38.289828,Saudi Arabia,Andriod,0
U_04088,2025-11-27 04:34:12.205220,Saudi Arabia,iOS,0
U_04089,2025-11-27 05:26:46.120612,UAE,iOS,0
U_04090,2025-11-27 06:19:20.036003,Saudi Arabia,Andriod,0
U_04091,2025-11-27 07:11:53.951395,Kuwait,Web,0
U_04092,2025-11-27 08:04:27.866786,Saudi Arabia,iOS,0
U_04093,2025-11-27 08:57:01.782178,Saudi Arabia,Andriod,0
U_04094,2025-11-27 09:49:35.697569,Bahrain,Web,0
U_04095,2025-11-27 10:42:09.612961,Saudi Arabia,Andriod,0
U_04096,2025-11-27 11:34:43.528352,Saudi Arabia,Andriod,0
U_04097,2025-11-27 12:27:17.443744,Saudi Arabia,Andriod,0
U_04098,2025-11-27 13:19:51.359135,Saudi Arabia,Web,1
U_04099,2025-11-27 14:12:25.274527,Saudi Arabia,Andriod,0
U_04100,2025-11-27 15:04:59.189918,Saudi Arabia,Andriod,0
U_04101,2025-11-27 15:57:33.105310,Saudi Arabia,Andriod,0
U_04102,2025-11-27 16:50:07.020702,Saudi Arabia,Andriod,0
U_04103,2025-11-27 17:42:40.936093,Saudi Arabia,iOS,0
U_04104,2025-11-27 18:35:14.851485,Saudi Arabia,iOS,0
U_04105,2025-11-27 19:27:48.766876,Saudi Arabia,Andriod,0
U_04106,2025-11-27 20:20:22.682268,Saudi Arabia,iOS,0
U_04107,2025-11-27 21:12:56.597659,Qatar,Andriod,0
U_04108,2025-11-27 22:05:30.513051,Saudi Arabia,iOS,0
U_04109,2025-11-27 22:58:04.428442,Bahrain,Andriod,0
U_04110,2025-11-27 23:50:38.343834,Saudi Arabia,iOS,0
U_04111,2025-11-28 00:43:12.259225,Saudi Arabia,Andriod,0
U_04112,2025-11-28 01:35:46.174617,Saudi Arabia,Andriod,0
U_04113,2025-11-28 02:28:20.090009,Saudi Arabia,iOS,0
U_04114,2025-11-28 03:20:54.005400,Saudi Arabia,Andriod,1
U_04115,2025-11-28 04:13:27.920792,Saudi Arabia,iOS,0
U_04116,2025-11-28 05:06:01.836183,Saudi Arabia,iOS,0
U_04117,2025-11-28 05:58:35.751575,Bahrain,iOS,0
U_04118,2025-11-28 06:51:09.666966,Saudi Arabia,iOS,0
U_04119,2025-11-28 07:43:43.582358,Saudi Arabia,Web,1
U_04120,2025-11-28 08:36:17.497749,Kuwait,iOS,0
U_04121,2025-11-28 09:28:51.413141,Saudi Arabia,Andriod,0
U_04122,2025-11-28 10:21:25.328532,Saudi Arabia,iOS,0
U_04123,2025-11-28 11:13:59.243924,Saudi Arabia,Andriod,0
U_04124,2025-11-28 12:06:33.159315,Bahrain,iOS,0
U_04125,2025-11-28 12:59:07.074707,Kuwait,Andriod,0
U_04126,2025-11-28 13:51:40.990099,Saudi Arabia,Andriod,0
U_04127,2025-11-28 14:44:14.905490,Saudi Arabia,Andriod,0
U_04128,2025-11-28 15:36:48.820882,Qatar,iOS,0
U_04129,2025-11-28 16:29:22.736273,Saudi Arabia,Andriod,0
U_04130,2025-11-28 17:21:56.651665,Saudi Arabia,iOS,1
U_04131,2025-11-28 18:14:30.567056,Saudi Arabia,iOS,0
U_04132,2025-11-28 19:07:04.482448,Saudi Arabia,Andriod,1
U_04133,2025-11-28 19:59:38.397839,Saudi Arabia,Andriod,0
U_04134,2025-11-28 20:52:12.313231,Saudi Arabia,Andriod,0
U_04135,2025-11-28 21:44:46.228622,Saudi Arabia,Andriod,0
U_04136,2025-11-28 22:37:20.144014,Saudi Arabia,iOS,0
U_04137,2025-11-28 23:29:54.059405,Kuwait,iOS,0
U_04138,2025-11-29 00:22:27.974797,Saudi Arabia,iOS,0
U_04139,2025-11-29 01:15:01.890189,Saudi Arabia,Andriod,0
U_04140,2025-11-29 02:07:35.805580,Saudi Arabia,Andriod,0
U_04141,2025-11-29 03:00:09.720972,Saudi Arabia,iOS,0
U_04142,2025-11-29 03:52:43.636363,Saudi Arabia,Andriod,1
U_04143,2025-11-29 04:45:17.551755,Saudi Arabia,Andriod,0
U_04144,2025-11-29 05:37:51.467146,UAE,Andriod,0
U_04145,2025-11-29 06:30:25.382538,Bahrain,Andriod,0
U_04146,2025-11-29 07:22:59.297929,Saudi Arabia,Andriod,0
U_04147,2025-11-29 08:15:33.213321,Saudi Arabia,Andriod,0
U_04148,2025-11-29 09:08:07.128712,Saudi Arabia,iOS,0
U_04149,2025-11-29 10:00:41.044104,Kuwait,iOS,0
U_04150,2025-11-29 10:53:14.959495,Kuwait,iOS,0
U_04151,2025-11-29 11:45:48.874887,Saudi Arabia,Andriod,0
U_04152,2025-11-29 12:38:22.790279,Saudi Arabia,Andriod,0
U_04153,2025-11-29 13:30:56.705670,Kuwait,Andriod,0
U_04154,2025-11-29 14:23:30.621062,Saudi Arabia,iOS,0
U_04155,2025-11-29 15:16:04.536453,Saudi Arabia,Andriod,0
U_04156,2025-11-29 16:08:38.451845,Saudi Arabia,Andriod,0
U_04157,2025-11-29 17:01:12.367236,Saudi Arabia,Andriod,0
U_04158,2025-11-29 17:53:46.282628,UAE,Andriod,0
U_04159,2025-11-29 18:46:20.198019,Qatar,Andriod,1
U_04160,2025-11-29 19:38:54.113411,Saudi Arabia,iOS,0
U_04161,2025-11-29 20:31:28.028802,Saudi Arabia,iOS,1
U_04162,2025-11-29 21:24:01.944194,Saudi Arabia,iOS,1
U_04163,2025-11-29 22:16:35.859585,Saudi Arabia,Andriod,0
U_04164,2025-11-29 23:09:09.774977,Saudi Arabia,iOS,0
U_04165,2025-11-30 00:01:43.690369,Saudi Arabia,Andriod,0
U_04166,2025-11-30 00:54:17.605760,Saudi Arabia,Andriod,0
U_04167,2025-11-30 01:46:51.521152,Saudi Arabia,iOS,1
U_04168,2025-11-30 02:39:25.436543,Saudi Arabia,Andriod,0
U_04169,2025-11-30 03:31:59.351935,Saudi Arabia,iOS,1
U_04170,2025-11-30 04:24:33.267326,Saudi Arabia,iOS,0
U_04171,2025-11-30 05:17:07.182718,Saudi Arabia,Andriod,0
U_04172,2025-11-30 06:09:41.098109,Other,iOS,0
U_04173,2025-11-30 07:02:15.013501,Saudi Arabia,Andriod,0
U_04174,2025-11-30 07:54:48.928892,Saudi Arabia,Andriod,0
U_04175,2025-11-30 08:47:22.844284,UAE,Web,0
U_04176,2025-11-30 09:39:56.759675,Other,Andriod,1
U_04177,2025-11-30 10:32:30.675067,Saudi Arabia,iOS,0
U_04178,2025-11-30 11:25:04.590459,UAE,Andriod,0
U_04179,2025-11-30 12:17:38.505850,Saudi Arabia,iOS,0
U_04180,2025-11-30 13:10:12.421242,Saudi Arabia,iOS,0
U_04181,2025-11-30 14:02:46.336633,Saudi Arabia,iOS,0
U_04182,2025-11-30 14:55:20.252025,Saudi Arabia,iOS,0
U_04183,2025-11-30 15:47:54.167416,Saudi Arabia,Andriod,0
U_04184,2025-11-30 16:40:28.082808,Saudi Arabia,iOS,0
U_04185,2025-11-30 17:33:01.998199,Saudi Arabia,Andriod,0
U_04186,2025-11-30 18:25:35.913591,Saudi Arabia,Andriod,1
U_04187,2025-11-30 19:18:09.828982,Saudi Arabia,Andriod,0
U_04188,2025-11-30 20:10:43.744374,Saudi Arabia,Web,0
U_04189,2025-11-30 21:03:17.659765,Saudi Arabia,iOS,0
U_04190,2025-11-30 21:55:51.575157,Kuwait,Andriod,0
U_04191,2025-11-30 22:48:25.490549,Kuwait,Andriod,0
U_04192,2025-11-30 23:40:59.405940,UAE,iOS,0
U_04193,2025-12-01 00:33:33.321332,Saudi Arabia,Andriod,0
U_04194,2025-12-01 01:26:07.236723,Kuwait,Andriod,0
U_04195,2025-12-01 02:18:41.152115,Saudi Arabia,iOS,1
U_04196,2025-12-01 03:11:15.067506,Saudi Arabia,iOS,0
U_04197,2025-12-01 04:03:48.982898,Saudi Arabia,iOS,0
U_04198,2025-12-01 04:56:22.898289,Saudi Arabia,Andriod,0
U_04199,2025-12-01 05:48:56.813681,Saudi Arabia,Andriod,0
U_04200,2025-12-01 06:41:30.729072,Saudi Arabia,Andriod,1
U_04201,2025-12-01 07:34:04.644464,UAE,Andriod,0
U_04202,2025-12-01 08:26:38.559855,Saudi Arabia,Andriod,0
U_04203,2025-12-01 09:19:12.475247,Saudi Arabia,Andriod,1
U_04204,2025-12-01 10:11:46.390639,Qatar,Andriod,0
U_04205,2025-12-01 11:04:20.306030,Saudi Arabia,Andriod,0
U_04206,2025-12-01 11:56:54.221422,Saudi Arabia,Andriod,0
U_04207,2025-12-01 12:49:28.136813,Saudi Arabia,Andriod,0
U_04208,2025-12-01 13:42:02.052205,Saudi Arabia,Andriod,0
U_04209,2025-12-01 14:34:35.967596,Saudi Arabia,Web,0
U_04210,2025-12-01 15:27:09.882988,Saudi Arabia,iOS,0
U_04211,2025-12-01 16:19:43.798379,Saudi Arabia,iOS,0
U_04212,2025-12-01 17:12:17.713771,Saudi Arabia,Web,0
U_04213,2025-12-01 18:04:51.629162,Saudi Arabia,iOS,0
U_04214,2025-12-01 18:57:25.544554,Saudi Arabia,Andriod,0
U_04215,2025-12-01 19:49:59.459945,Saudi Arabia,iOS,1
U_04216,2025-12-01 20:42:33.375337,UAE,iOS,0
U_04217,2025-12-01 21:35:07.290729,Saudi Arabia,iOS,0
U_04218,2025-12-01 22:27:41.206120,Saudi Arabia,iOS,0
U_04219,2025-12-01 23:20:15.121512,Saudi Arabia,iOS,0
U_04220,2025-12-02 00:12:49.036903,Saudi Arabia,Andriod,1
U_04221,2025-12-02 01:05:22.952295,Saudi Arabia,Andriod,0
U_04222,2025-12-02 01:57:56.867686,Saudi Arabia,Web,1
U_04223,2025-12-02 02:50:30.783078,Bahrain,Andriod,0
U_04224,2025-12-02 03:43:04.698469,UAE,Andriod,0
U_04225,2025-12-02 04:35:38.613861,Saudi Arabia,Andriod,0
U_04226,2025-12-02 05:28:12.529252,Kuwait,Andriod,0
U_04227,2025-12-02 06:20:46.444644,Saudi Arabia,Andriod,0
U_04228,2025-12-02 07:13:20.360036,Saudi Arabia,iOS,0
U_04229,2025-12-02 08:05:54.275427,Saudi Arabia,iOS,0
U_04230,2025-12-02 08:58:28.190819,Saudi Arabia,iOS,0
U_04231,2025-12-02 09:51:02.106210,Kuwait,iOS,0
U_04232,2025-12-02 10:43:36.021602,Saudi Arabia,Andriod,0
U_04233,2025-12-02 11:36:09.936993,Saudi Arabia,iOS,0
U_04234,2025-12-02 12:28:43.852385,Bahrain,Andriod,0
U_04235,2025-12-02 13:21:17.767776,Saudi Arabia,Web,0
U_04236,2025-12-02 14:13:51.683168,Saudi Arabia,Web,1
U_04237,2025-12-02 15:06:25.598559,Saudi Arabia,Web,0
U_04238,2025-12-02 15:58:59.513951,Kuwait,iOS,0
U_04239,2025-12-02 16:51:33.429342,Kuwait,Andriod,1
U_04240,2025-12-02 17:44:07.344734,Saudi Arabia,iOS,0
U_04241,2025-12-02 18:36:41.260126,Saudi Arabia,Andriod,0
U_04242,2025-12-02 19:29:15.175517,Saudi Arabia,Andriod,0
U_04243,2025-12-02 20:21:49.090909,Kuwait,Andriod,0
U_04244,2025-12-02 21:14:23.006300,Saudi Arabia,Andriod,0
U_04245,2025-12-02 22:06:56.921692,Saudi Arabia,Andriod,0
U_04246,2025-12-02 22:59:30.837083,Qatar,iOS,0
U_04247,2025-12-02 23:52:04.752475,Saudi Arabia,iOS,0
U_04248,2025-12-03 00:44:38.667866,Saudi Arabia,Andriod,0
U_04249,2025-12-03 01:37:12.583258,Saudi Arabia,Andriod,0
U_04250,2025-12-03 02:29:46.498649,Qatar,Web,0
U_04251,2025-12-03 03:22:20.414041,Saudi Arabia,iOS,0
U_04252,2025-12-03 04:14:54.329432,Saudi Arabia,Andriod,1
U_04253,2025-12-03 05:07:28.244824,Saudi Arabia,Andriod,0
U_04254,2025-12-03 06:00:02.160216,Saudi Arabia,Andriod,1
U_04255,2025-12-03 06:52:36.075607,Saudi Arabia,Andriod,0
U_04256,2025-12-03 07:45:09.990999,Saudi Arabia,Web,0
U_04257,2025-12-03 08:37:43.906390,Other,iOS,0
U_04258,2025-12-03 09:30:17.821782,Saudi Arabia,Web,0
U_04259,2025-12-03 10:22:51.737173,Saudi Arabia,iOS,1
U_04260,2025-12-03 11:15:25.652565,Saudi Arabia,iOS,0
U_04261,2025-12-03 12:07:59.567956,Saudi Arabia,Andriod,0
U_04262,2025-12-03 13:00:33.483348,Bahrain,Andriod,0
U_04263,2025-12-03 13:53:07.398739,Saudi Arabia,Andriod,0
U_04264,2025-12-03 14:45:41.314131,Saudi Arabia,Andriod,0
U_04265,2025-12-03 15:38:15.229522,Saudi Arabia,Andriod,1
U_04266,2025-12-03 16:30:49.144914,Saudi Arabia,iOS,0
U_04267,2025-12-03 17:23:23.060306,Saudi Arabia,Web,1
U_04268,2025-12-03 18:15:56.975697,Saudi Arabia,iOS,0
U_04269,2025-12-03 19:08:30.891089,UAE,Andriod,0
U_04270,2025-12-03 20:01:04.806480,Qatar,iOS,0
U_04271,2025-12-03 20:53:38.721872,Saudi Arabia,Andriod,0
U_04272,2025-12-03 21:46:12.637263,Qatar,Andriod,0
U_04273,2025-12-03 22:38:46.552655,Saudi Arabia,iOS,0
U_04274,2025-12-03 23:31:20.468046,Saudi Arabia,iOS,0
U_04275,2025-12-04 00:23:54.383438,Saudi Arabia,iOS,0
U_04276,2025-12-04 01:16:28.298829,Saudi Arabia,iOS,0
U_04277,2025-12-04 02:09:02.214221,Saudi Arabia,iOS,0
U_04278,2025-12-04 03:01:36.129612,Saudi Arabia,Andriod,0
U_04279,2025-12-04 03:54:10.045004,Saudi Arabia,Andriod,0
U_04280,2025-12-04 04:46:43.960396,Saudi Arabia,Andriod,0
U_04281,2025-12-04 05:39:17.875787,Saudi Arabia,Andriod,0
U_04282,2025-12-04 06:31:51.791179,Kuwait,Andriod,0
U_04283,2025-12-04 07:24:25.706570,Saudi Arabia,Andriod,0
U_04284,2025-12-04 08:16:59.621962,Saudi Arabia,Andriod,0
U_04285,2025-12-04 09:09:33.537353,Saudi Arabia,Andriod,0
U_04286,2025-12-04 10:02:07.452745,Saudi Arabia,Andriod,0
U_04287,2025-12-04 10:54:41.368136,UAE,iOS,0
U_04288,2025-12-04 11:47:15.283528,Saudi Arabia,Andriod,0
U_04289,2025-12-04 12:39:49.198919,Saudi Arabia,Andriod,0
U_04290,2025-12-04 13:32:23.114311,UAE,iOS,0
U_04291,2025-12-04 14:24:57.029702,Saudi Arabia,Andriod,0
U_04292,2025-12-04 15:17:30.945094,Saudi Arabia,iOS,0
U_04293,2025-12-04 16:10:04.860486,Saudi Arabia,iOS,0
U_04294,2025-12-04 17:02:38.775877,Bahrain,iOS,0
U_04295,2025-12-04 17:55:12.691269,Saudi Arabia,Andriod,0
U_04296,2025-12-04 18:47:46.606660,Saudi Arabia,Andriod,0
U_04297,2025-12-04 19:40:20.522052,Saudi Arabia,Andriod,0
U_04298,2025-12-04 20:32:54.437443,Saudi Arabia,iOS,0
U_04299,2025-12-04 21:25:28.352835,Saudi Arabia,Andriod,0
U_04300,2025-12-04 22:18:02.268226,Saudi Arabia,Andriod,0
U_04301,2025-12-04 23:10:36.183618,Saudi Arabia,iOS,1
U_04302,2025-12-05 00:03:10.099009,Qatar,Andriod,0
U_04303,2025-12-05 00:55:44.014401,Kuwait,iOS,0
U_04304,2025-12-05 01:48:17.929792,Saudi Arabia,iOS,0
U_04305,2025-12-05 02:40:51.845184,UAE,Andriod,0
U_04306,2025-12-05 03:33:25.760576,Saudi Arabia,Andriod,0
U_04307,2025-12-05 04:25:59.675967,Saudi Arabia,iOS,0
U_04308,2025-12-05 05:18:33.591359,Saudi Arabia,iOS,0
U_04309,2025-12-05 06:11:07.506750,UAE,iOS,0
U_04310,2025-12-05 07:03:41.422142,Kuwait,iOS,0
U_04311,2025-12-05 07:56:15.337533,Saudi Arabia,iOS,0
U_04312,2025-12-05 08:48:49.252925,Qatar,iOS,0
U_04313,2025-12-05 09:41:23.168316,Saudi Arabia,Andriod,0
U_04314,2025-12-05 10:33:57.083708,UAE,Andriod,0
U_04315,2025-12-05 11:26:30.999099,Qatar,Andriod,0
U_04316,2025-12-05 12:19:04.914491,Saudi Arabia,Andriod,0
U_04317,2025-12-05 13:11:38.829882,Kuwait,iOS,0
U_04318,2025-12-05 14:04:12.745274,Saudi Arabia,iOS,0
U_04319,2025-12-05 14:56:46.660666,Saudi Arabia,Andriod,0
U_04320,2025-12-05 15:49:20.576057,Saudi Arabia,iOS,0
U_04321,2025-12-05 16:41:54.491449,Saudi Arabia,iOS,0
U_04322,2025-12-05 17:34:28.406840,Qatar,iOS,0
U_04323,2025-12-05 18:27:02.322232,Saudi Arabia,Andriod,0
U_04324,2025-12-05 19:19:36.237623,Saudi Arabia,Andriod,0
U_04325,2025-12-05 20:12:10.153015,UAE,Web,0
U_04326,2025-12-05 21:04:44.068406,Qatar,Andriod,1
U_04327,2025-12-05 21:57:17.983798,Saudi Arabia,Andriod,0
U_04328,2025-12-05 22:49:51.899189,Other,iOS,0
U_04329,2025-12-05 23:42:25.814581,Saudi Arabia,iOS,0
U_04330,2025-12-06 00:34:59.729972,UAE,iOS,0
U_04331,2025-12-06 01:27:33.645364,Saudi Arabia,iOS,0
U_04332,2025-12-06 02:20:07.560756,Saudi Arabia,iOS,0
U_04333,2025-12-06 03:12:41.476147,Saudi Arabia,iOS,0
U_04334,2025-12-06 04:05:15.391539,Saudi Arabia,iOS,0
U_04335,2025-12-06 04:57:49.306930,Saudi Arabia,iOS,0
U_04336,2025-12-06 05:50:23.222322,Saudi Arabia,Web,0
U_04337,2025-12-06 06:42:57.137713,Saudi Arabia,Andriod,0
U_04338,2025-12-06 07:35:31.053105,Bahrain,Web,0
U_04339,2025-12-06 08:28:04.968496,Saudi Arabia,iOS,0
U_04340,2025-12-06 09:20:38.883888,Saudi Arabia,Andriod,0
U_04341,2025-12-06 10:13:12.799279,Saudi Arabia,iOS,0
U_04342,2025-12-06 11:05:46.714671,Saudi Arabia,iOS,0
U_04343,2025-12-06 11:58:20.630063,UAE,iOS,0
U_04344,2025-12-06 12:50:54.545454,UAE,Web,0
U_04345,2025-12-06 13:43:28.460846,Saudi Arabia,Web,0
U_04346,2025-12-06 14:36:02.376237,Saudi Arabia,iOS,0
U_04347,2025-12-06 15:28:36.291629,Kuwait,iOS,1
U_04348,2025-12-06 16:21:10.207020,Saudi Arabia,Andriod,0
U_04349,2025-12-06 17:13:44.122412,UAE,iOS,0
U_04350,2025-12-06 18:06:18.037803,Saudi Arabia,iOS,0
U_04351,2025-12-06 18:58:51.953195,Kuwait,iOS,0
U_04352,2025-12-06 19:51:25.868586,Saudi Arabia,Andriod,0
U_04353,2025-12-06 20:43:59.783978,Saudi Arabia,iOS,0
U_04354,2025-12-06 21:36:33.699369,Qatar,iOS,0
U_04355,2025-12-06 22:29:07.614761,Saudi Arabia,iOS,0
U_04356,2025-12-06 23:21:41.530153,Saudi Arabia,Andriod,1
U_04357,2025-12-07 00:14:15.445544,Saudi Arabia,Web,0
U_04358,2025-12-07 01:06:49.360936,Saudi Arabia,iOS,0
U_04359,2025-12-07 01:59:23.276327,Saudi Arabia,Andriod,0
U_04360,2025-12-07 02:51:57.191719,Saudi Arabia,Andriod,0
U_04361,2025-12-07 03:44:31.107110,Saudi Arabia,Web,0
U_04362,2025-12-07 04:37:05.022502,Saudi Arabia,Andriod,0
U_04363,2025-12-07 05:29:38.937893,Kuwait,Andriod,0
U_04364,2025-12-07 06:22:12.853285,Saudi Arabia,Andriod,0
U_04365,2025-12-07 07:14:46.768676,Saudi Arabia,iOS,0
U_04366,2025-12-07 08:07:20.684068,Saudi Arabia,Andriod,0
U_04367,2025-12-07 08:59:54.599459,Saudi Arabia,Web,0
U_04368,2025-12-07 09:52:28.514851,Saudi Arabia,Andriod,0
U_04369,2025-12-07 10:45:02.430243,Saudi Arabia,Web,0
U_04370,2025-12-07 11:37:36.345634,Saudi Arabia,Andriod,0
U_04371,2025-12-07 12:30:10.261026,Saudi Arabia,Andriod,0
U_04372,2025-12-07 13:22:44.176417,Saudi Arabia,Andriod,0
U_04373,2025-12-07 14:15:18.091809,Saudi Arabia,Andriod,0
U_04374,2025-12-07 15:07:52.007200,Saudi Arabia,Andriod,0
U_04375,2025-12-07 16:00:25.922592,Saudi Arabia,Web,1
U_04376,2025-12-07 16:52:59.837983,Saudi Arabia,Andriod,0
U_04377,2025-12-07 17:45:33.753375,Saudi Arabia,Andriod,0
U_04378,2025-12-07 18:38:07.668766,UAE,Andriod,0
U_04379,2025-12-07 19:30:41.584158,Saudi Arabia,iOS,0
U_04380,2025-12-07 20:23:15.499549,Saudi Arabia,iOS,0
U_04381,2025-12-07 21:15:49.414941,Saudi Arabia,Web,0
U_04382,2025-12-07 22:08:23.330333,Saudi Arabia,Andriod,0
U_04383,2025-12-07 23:00:57.245724,Saudi Arabia,iOS,0
U_04384,2025-12-07 23:53:31.161116,Saudi Arabia,iOS,0
U_04385,2025-12-08 00:46:05.076507,UAE,Andriod,0
U_04386,2025-12-08 01:38:38.991899,Saudi Arabia,Andriod,0
U_04387,2025-12-08 02:31:12.907290,Qatar,Andriod,0
U_04388,2025-12-08 03:23:46.822682,Saudi Arabia,Andriod,1
U_04389,2025-12-08 04:16:20.738073,Saudi Arabia,iOS,1
U_04390,2025-12-08 05:08:54.653465,Saudi Arabia,iOS,1
U_04391,2025-12-08 06:01:28.568856,Saudi Arabia,iOS,0
U_04392,2025-12-08 06:54:02.484248,Saudi Arabia,Andriod,0
U_04393,2025-12-08 07:46:36.399639,Saudi Arabia,iOS,0
U_04394,2025-12-08 08:39:10.315031,Saudi Arabia,Andriod,0
U_04395,2025-12-08 09:31:44.230423,Qatar,Andriod,0
U_04396,2025-12-08 10:24:18.145814,UAE,Andriod,0
U_04397,2025-12-08 11:16:52.061206,Saudi Arabia,Web,0
U_04398,2025-12-08 12:09:25.976597,Saudi Arabia,iOS,0
U_04399,2025-12-08 13:01:59.891989,Saudi Arabia,Andriod,0
U_04400,2025-12-08 13:54:33.807380,Saudi Arabia,iOS,1
U_04401,2025-12-08 14:47:07.722772,Saudi Arabia,iOS,0
U_04402,2025-12-08 15:39:41.638163,Saudi Arabia,Andriod,0
U_04403,2025-12-08 16:32:15.553555,Saudi Arabia,iOS,0
U_04404,2025-12-08 17:24:49.468946,Saudi Arabia,Andriod,0
U_04405,2025-12-08 18:17:23.384338,Other,Andriod,0
U_04406,2025-12-08 19:09:57.299729,Saudi Arabia,iOS,1
U_04407,2025-12-08 20:02:31.215121,Qatar,iOS,1
U_04408,2025-12-08 20:55:05.130513,Saudi Arabia,Andriod,1
U_04409,2025-12-08 21:47:39.045904,Saudi Arabia,Andriod,0
U_04410,2025-12-08 22:40:12.961296,Saudi Arabia,Andriod,0
U_04411,2025-12-08 23:32:46.876687,Saudi Arabia,Andriod,0
U_04412,2025-12-09 00:25:20.792079,Saudi Arabia,Andriod,0
U_04413,2025-12-09 01:17:54.707470,Saudi Arabia,Andriod,0
U_04414,2025-12-09 02:10:28.622862,Saudi Arabia,iOS,0
U_04415,2025-12-09 03:03:02.538253,Saudi Arabia,Andriod,0
U_04416,2025-12-09 03:55:36.453645,Saudi Arabia,Andriod,0
U_04417,2025-12-09 04:48:10.369036,Saudi Arabia,Andriod,0
U_04418,2025-12-09 05:40:44.284428,Saudi Arabia,Andriod,0
U_04419,2025-12-09 06:33:18.199819,Saudi Arabia,Web,1
U_04420,2025-12-09 07:25:52.115211,Saudi Arabia,iOS,0
U_04421,2025-12-09 08:18:26.030603,Saudi Arabia,Web,1
U_04422,2025-12-09 09:10:59.945994,Qatar,Andriod,0
U_04423,2025-12-09 10:03:33.861386,Saudi Arabia,Andriod,0
U_04424,2025-12-09 10:56:07.776777,Kuwait,iOS,0
U_04425,2025-12-09 11:48:41.692169,Saudi Arabia,iOS,0
U_04426,2025-12-09 12:41:15.607560,Saudi Arabia,Andriod,0
U_04427,2025-12-09 13:33:49.522952,Saudi Arabia,Andriod,0
U_04428,2025-12-09 14:26:23.438343,Saudi Arabia,iOS,0
U_04429,2025-12-09 15:18:57.353735,Saudi Arabia,Andriod,0
U_04430,2025-12-09 16:11:31.269126,Kuwait,iOS,0
U_04431,2025-12-09 17:04:05.184518,Saudi Arabia,Web,0
U_04432,2025-12-09 17:56:39.099909,Saudi Arabia,Andriod,0
U_04433,2025-12-09 18:49:13.015301,Saudi Arabia,iOS,0
U_04434,2025-12-09 19:41:46.930693,Bahrain,Andriod,0
U_04435,2025-12-09 20:34:20.846084,Saudi Arabia,Web,0
U_04436,2025-12-09 21:26:54.761476,Saudi Arabia,iOS,0
U_04437,2025-12-09 22:19:28.676867,Saudi Arabia,Andriod,0
U_04438,2025-12-09 23:12:02.592259,Kuwait,Andriod,0
U_04439,2025-12-10 00:04:36.507650,Other,Andriod,0
U_04440,2025-12-10 00:57:10.423042,Saudi Arabia,iOS,0
U_04441,2025-12-10 01:49:44.338433,UAE,iOS,0
U_04442,2025-12-10 02:42:18.253825,UAE,Andriod,0
U_04443,2025-12-10 03:34:52.169216,Saudi Arabia,iOS,0
U_04444,2025-12-10 04:27:26.084608,Saudi Arabia,Andriod,0
U_04445,2025-12-10 05:20:00.000000,Saudi Arabia,iOS,0
U_04446,2025-12-10 06:12:33.915391,Qatar,Andriod,0
U_04447,2025-12-10 07:05:07.830783,Saudi Arabia,Andriod,0
U_04448,2025-12-10 07:57:41.746174,Kuwait,Andriod,0
U_04449,2025-12-10 08:50:15.661566,Saudi Arabia,Andriod,0
U_04450,2025-12-10 09:42:49.576957,Kuwait,Web,0
U_04451,2025-12-10 10:35:23.492349,Saudi Arabia,Andriod,0
U_04452,2025-12-10 11:27:57.407740,Saudi Arabia,iOS,0
U_04453,2025-12-10 12:20:31.323132,UAE,Andriod,0
U_04454,2025-12-10 13:13:05.238523,UAE,Web,0
U_04455,2025-12-10 14:05:39.153915,UAE,iOS,0
U_04456,2025-12-10 14:58:13.069306,Saudi Arabia,iOS,0
U_04457,2025-12-10 15:50:46.984698,Saudi Arabia,iOS,0
U_04458,2025-12-10 16:43:20.900090,Saudi Arabia,iOS,0
U_04459,2025-12-10 17:35:54.815481,Saudi Arabia,Andriod,0
U_04460,2025-12-10 18:28:28.730873,Saudi Arabia,Andriod,0
U_04461,2025-12-10 19:21:02.646264,Saudi Arabia,Web,0
U_04462,2025-12-10 20:13:36.561656,Saudi Arabia,Andriod,0
U_04463,2025-12-10 21:06:10.477047,Other,iOS,0
U_04464,2025-12-10 21:58:44.392439,Saudi Arabia,iOS,0
U_04465,2025-12-10 22:51:18.307830,Saudi Arabia,Web,0
U_04466,2025-12-10 23:43:52.223222,Saudi Arabia,iOS,0
U_04467,2025-12-11 00:36:26.138613,Saudi Arabia,iOS,0
U_04468,2025-12-11 01:29:00.054005,Saudi Arabia,Web,0
U_04469,2025-12-11 02:21:33.969396,Qatar,Andriod,0
U_04470,2025-12-11 03:14:07.884788,UAE,iOS,0
U_04471,2025-12-11 04:06:41.800180,Bahrain,Andriod,0
U_04472,2025-12-11 04:59:15.715571,Other,Web,0
U_04473,2025-12-11 05:51:49.630963,Saudi Arabia,iOS,0
U_04474,2025-12-11 06:44:23.546354,Saudi Arabia,Andriod,0
U_04475,2025-12-11 07:36:57.461746,Saudi Arabia,iOS,1
U_04476,2025-12-11 08:29:31.377137,Saudi Arabia,Andriod,0
U_04477,2025-12-11 09:22:05.292529,Saudi Arabia,Web,0
U_04478,2025-12-11 10:14:39.207920,Saudi Arabia,Web,0
U_04479,2025-12-11 11:07:13.123312,Saudi Arabia,iOS,0
U_04480,2025-12-11 11:59:47.038703,Saudi Arabia,iOS,0
U_04481,2025-12-11 12:52:20.954095,Saudi Arabia,iOS,1
U_04482,2025-12-11 13:44:54.869486,Saudi Arabia,Andriod,0
U_04483,2025-12-11 14:37:28.784878,Saudi Arabia,iOS,0
U_04484,2025-12-11 15:30:02.700270,Saudi Arabia,Andriod,0
U_04485,2025-12-11 16:22:36.615661,Saudi Arabia,iOS,0
U_04486,2025-12-11 17:15:10.531053,Kuwait,Andriod,1
U_04487,2025-12-11 18:07:44.446444,Saudi Arabia,iOS,0
U_04488,2025-12-11 19:00:18.361836,Saudi Arabia,Andriod,0
U_04489,2025-12-11 19:52:52.277227,Kuwait,iOS,0
U_04490,2025-12-11 20:45:26.192619,Saudi Arabia,iOS,1
U_04491,2025-12-11 21:38:00.108010,Saudi Arabia,Andriod,0
U_04492,2025-12-11 22:30:34.023402,Saudi Arabia,Andriod,0
U_04493,2025-12-11 23:23:07.938793,Saudi Arabia,iOS,0
U_04494,2025-12-12 00:15:41.854185,Kuwait,iOS,0
U_04495,2025-12-12 01:08:15.769576,Kuwait,Andriod,0
U_04496,2025-12-12 02:00:49.684968,Saudi Arabia,iOS,0
U_04497,2025-12-12 02:53:23.600360,Saudi Arabia,Andriod,0
U_04498,2025-12-12 03:45:57.515751,Saudi Arabia,Andriod,1
U_04499,2025-12-12 04:38:31.431143,Saudi Arabia,iOS,0
U_04500,2025-12-12 05:31:05.346534,Saudi Arabia,Andriod,0
U_04501,2025-12-12 06:23:39.261926,Saudi Arabia,Andriod,0
U_04502,2025-12-12 07:16:13.177317,Saudi Arabia,Web,1
U_04503,2025-12-12 08:08:47.092709,Saudi Arabia,iOS,0
U_04504,2025-12-12 09:01:21.008100,Saudi Arabia,Andriod,0
U_04505,2025-12-12 09:53:54.923492,Saudi Arabia,iOS,1
U_04506,2025-12-12 10:46:28.838883,Saudi Arabia,Andriod,0
U_04507,2025-12-12 11:39:02.754275,Kuwait,Andriod,0
U_04508,2025-12-12 12:31:36.669666,Saudi Arabia,iOS,0
U_04509,2025-12-12 13:24:10.585058,Saudi Arabia,Web,0
U_04510,2025-12-12 14:16:44.500450,Qatar,Andriod,0
U_04511,2025-12-12 15:09:18.415841,Saudi Arabia,Web,0
U_04512,2025-12-12 16:01:52.331233,Saudi Arabia,Andriod,0
U_04513,2025-12-12 16:54:26.246624,Saudi Arabia,iOS,0
U_04514,2025-12-12 17:47:00.162016,Saudi Arabia,iOS,0
U_04515,2025-12-12 18:39:34.077407,Saudi Arabia,iOS,0
U_04516,2025-12-12 19:32:07.992799,Saudi Arabia,iOS,0
U_04517,2025-12-12 20:24:41.908190,Saudi Arabia,Andriod,0
U_04518,2025-12-12 21:17:15.823582,Bahrain,Andriod,1
U_04519,2025-12-12 22:09:49.738973,Saudi Arabia,Web,0
U_04520,2025-12-12 23:02:23.654365,Saudi Arabia,Andriod,1
U_04521,2025-12-12 23:54:57.569756,UAE,Andriod,0
U_04522,2025-12-13 00:47:31.485148,Saudi Arabia,Web,0
U_04523,2025-12-13 01:40:05.400540,Bahrain,Andriod,0
U_04524,2025-12-13 02:32:39.315931,Saudi Arabia,iOS,1
U_04525,2025-12-13 03:25:13.231323,UAE,Andriod,1
U_04526,2025-12-13 04:17:47.146714,Saudi Arabia,iOS,0
U_04527,2025-12-13 05:10:21.062106,Kuwait,iOS,0
U_04528,2025-12-13 06:02:54.977497,Bahrain,iOS,0
U_04529,2025-12-13 06:55:28.892889,Saudi Arabia,Andriod,0
U_04530,2025-12-13 07:48:02.808280,Saudi Arabia,Andriod,1
U_04531,2025-12-13 08:40:36.723672,Saudi Arabia,Andriod,0
U_04532,2025-12-13 09:33:10.639063,Saudi Arabia,Web,0
U_04533,2025-12-13 10:25:44.554455,Saudi Arabia,iOS,0
U_04534,2025-12-13 11:18:18.469846,Saudi Arabia,Andriod,0
U_04535,2025-12-13 12:10:52.385238,Saudi Arabia,Andriod,0
U_04536,2025-12-13 13:03:26.300630,Saudi Arabia,iOS,0
U_04537,2025-12-13 13:56:00.216021,Saudi Arabia,Andriod,0
U_04538,2025-12-13 14:48:34.131413,Saudi Arabia,iOS,0
U_04539,2025-12-13 15:41:08.046804,Saudi Arabia,Andriod,0
U_04540,2025-12-13 16:33:41.962196,Saudi Arabia,iOS,0
U_04541,2025-12-13 17:26:15.877587,Saudi Arabia,iOS,0
U_04542,2025-12-13 18:18:49.792979,Saudi Arabia,Andriod,0
U_04543,2025-12-13 19:11:23.708370,Saudi Arabia,iOS,0
U_04544,2025-12-13 20:03:57.623762,Saudi Arabia,iOS,0
U_04545,2025-12-13 20:56:31.539153,Saudi Arabia,Andriod,0
U_04546,2025-12-13 21:49:05.454545,UAE,iOS,0
U_04547,2025-12-13 22:41:39.369936,Saudi Arabia,Andriod,0
U_04548,2025-12-13 23:34:13.285328,Saudi Arabia,Andriod,0
U_04549,2025-12-14 00:26:47.200720,Saudi Arabia,Andriod,1
U_04550,2025-12-14 01:19:21.116111,Kuwait,Andriod,0
U_04551,2025-12-14 02:11:55.031503,Qatar,iOS,0
U_04552,2025-12-14 03:04:28.946894,Saudi Arabia,iOS,0
U_04553,2025-12-14 03:57:02.862286,Saudi Arabia,Andriod,0
U_04554,2025-12-14 04:49:36.777677,Bahrain,Andriod,0
U_04555,2025-12-14 05:42:10.693069,Saudi Arabia,iOS,0
U_04556,2025-12-14 06:34:44.608460,Saudi Arabia,Andriod,0
U_04557,2025-12-14 07:27:18.523852,Saudi Arabia,Andriod,0
U_04558,2025-12-14 08:19:52.439243,Saudi Arabia,Andriod,0
U_04559,2025-12-14 09:12:26.354635,Qatar,Andriod,0
U_04560,2025-12-14 10:05:00.270027,Other,iOS,0
U_04561,2025-12-14 10:57:34.185418,Kuwait,Andriod,0
U_04562,2025-12-14 11:50:08.100810,Saudi Arabia,iOS,0
U_04563,2025-12-14 12:42:42.016201,UAE,Andriod,0
U_04564,2025-12-14 13:35:15.931593,Saudi Arabia,Andriod,0
U_04565,2025-12-14 14:27:49.846984,Saudi Arabia,Andriod,0
U_04566,2025-12-14 15:20:23.762376,Bahrain,iOS,0
U_04567,2025-12-14 16:12:57.677767,Saudi Arabia,Web,0
U_04568,2025-12-14 17:05:31.593159,Saudi Arabia,Andriod,1
U_04569,2025-12-14 17:58:05.508550,Saudi Arabia,Andriod,1
U_04570,2025-12-14 18:50:39.423942,UAE,Andriod,0
U_04571,2025-12-14 19:43:13.339333,Saudi Arabia,iOS,0
U_04572,2025-12-14 20:35:47.254725,Saudi Arabia,Web,0
U_04573,2025-12-14 21:28:21.170117,Saudi Arabia,Andriod,0
U_04574,2025-12-14 22:20:55.085508,Kuwait,Andriod,0
U_04575,2025-12-14 23:13:29.000900,Kuwait,iOS,0
U_04576,2025-12-15 00:06:02.916291,Saudi Arabia,iOS,1
U_04577,2025-12-15 00:58:36.831683,Saudi Arabia,Web,0
U_04578,2025-12-15 01:51:10.747074,Saudi Arabia,Andriod,0
U_04579,2025-12-15 02:43:44.662466,Qatar,iOS,0
U_04580,2025-12-15 03:36:18.577857,Saudi Arabia,iOS,0
U_04581,2025-12-15 04:28:52.493249,Qatar,Andriod,0
U_04582,2025-12-15 05:21:26.408640,Saudi Arabia,iOS,0
U_04583,2025-12-15 06:14:00.324032,Kuwait,Andriod,0
U_04584,2025-12-15 07:06:34.239423,Kuwait,Andriod,1
U_04585,2025-12-15 07:59:08.154815,Saudi Arabia,Andriod,0
U_04586,2025-12-15 08:51:42.070207,Qatar,iOS,0
U_04587,2025-12-15 09:44:15.985598,Saudi Arabia,Web,0
U_04588,2025-12-15 10:36:49.900990,Saudi Arabia,iOS,0
U_04589,2025-12-15 11:29:23.816381,Saudi Arabia,Andriod,0
U_04590,2025-12-15 12:21:57.731773,Kuwait,iOS,0
U_04591,2025-12-15 13:14:31.647164,Saudi Arabia,Andriod,0
U_04592,2025-12-15 14:07:05.562556,Saudi Arabia,Web,0
U_04593,2025-12-15 14:59:39.477947,Saudi Arabia,Andriod,1
U_04594,2025-12-15 15:52:13.393339,Saudi Arabia,Andriod,0
U_04595,2025-12-15 16:44:47.308730,Saudi Arabia,Andriod,0
U_04596,2025-12-15 17:37:21.224122,Saudi Arabia,Andriod,0
U_04597,2025-12-15 18:29:55.139513,Kuwait,Web,0
U_04598,2025-12-15 19:22:29.054905,Saudi Arabia,Web,0
U_04599,2025-12-15 20:15:02.970297,Saudi Arabia,iOS,0
U_04600,2025-12-15 21:07:36.885688,Saudi Arabia,Web,0
U_04601,2025-12-15 22:00:10.801080,Saudi Arabia,iOS,0
U_04602,2025-12-15 22:52:44.716471,Kuwait,iOS,0
U_04603,2025-12-15 23:45:18.631863,Bahrain,iOS,0
U_04604,2025-12-16 00:37:52.547254,Saudi Arabia,iOS,0
U_04605,2025-12-16 01:30:26.462646,Kuwait,Andriod,1
U_04606,2025-12-16 02:23:00.378037,Bahrain,Andriod,0
U_04607,2025-12-16 03:15:34.293429,UAE,Andriod,0
U_04608,2025-12-16 04:08:08.208820,Saudi Arabia,Andriod,0
U_04609,2025-12-16 05:00:42.124212,Qatar,Andriod,0
U_04610,2025-12-16 05:53:16.039603,Saudi Arabia,Andriod,1
U_04611,2025-12-16 06:45:49.954995,Saudi Arabia,iOS,0
U_04612,2025-12-16 07:38:23.870387,Saudi Arabia,Andriod,0
U_04613,2025-12-16 08:30:57.785778,Saudi Arabia,Andriod,0
U_04614,2025-12-16 09:23:31.701170,Saudi Arabia,Andriod,0
U_04615,2025-12-16 10:16:05.616561,Saudi Arabia,Andriod,0
U_04616,2025-12-16 11:08:39.531953,Saudi Arabia,Andriod,0
U_04617,2025-12-16 12:01:13.447344,UAE,iOS,0
U_04618,2025-12-16 12:53:47.362736,UAE,iOS,0
U_04619,2025-12-16 13:46:21.278127,Saudi Arabia,Andriod,0
U_04620,2025-12-16 14:38:55.193519,UAE,Andriod,0
U_04621,2025-12-16 15:31:29.108910,UAE,Andriod,0
U_04622,2025-12-16 16:24:03.024302,Kuwait,iOS,0
U_04623,2025-12-16 17:16:36.939693,Saudi Arabia,iOS,0
U_04624,2025-12-16 18:09:10.855085,Saudi Arabia,Andriod,1
U_04625,2025-12-16 19:01:44.770477,Qatar,Andriod,0
U_04626,2025-12-16 19:54:18.685868,Saudi Arabia,Andriod,0
U_04627,2025-12-16 20:46:52.601260,Saudi Arabia,iOS,0
U_04628,2025-12-16 21:39:26.516651,Saudi Arabia,iOS,0
U_04629,2025-12-16 22:32:00.432043,Saudi Arabia,Andriod,1
U_04630,2025-12-16 23:24:34.347434,Saudi Arabia,iOS,0
U_04631,2025-12-17 00:17:08.262826,Saudi Arabia,Andriod,0
U_04632,2025-12-17 01:09:42.178217,Saudi Arabia,Andriod,1
U_04633,2025-12-17 02:02:16.093609,UAE,iOS,0
U_04634,2025-12-17 02:54:50.009000,UAE,Andriod,0
U_04635,2025-12-17 03:47:23.924392,Saudi Arabia,Andriod,0
U_04636,2025-12-17 04:39:57.839783,Qatar,iOS,0
U_04637,2025-12-17 05:32:31.755175,Saudi Arabia,iOS,0
U_04638,2025-12-17 06:25:05.670567,Saudi Arabia,Andriod,0
U_04639,2025-12-17 07:17:39.585958,Kuwait,Andriod,0
U_04640,2025-12-17 08:10:13.501350,UAE,Andriod,0
U_04641,2025-12-17 09:02:47.416741,Qatar,Andriod,0
U_04642,2025-12-17 09:55:21.332133,Saudi Arabia,Andriod,0
U_04643,2025-12-17 10:47:55.247524,UAE,Andriod,0
U_04644,2025-12-17 11:40:29.162916,Saudi Arabia,Andriod,0
U_04645,2025-12-17 12:33:03.078307,Kuwait,Andriod,0
U_04646,2025-12-17 13:25:36.993699,Kuwait,iOS,0
U_04647,2025-12-17 14:18:10.909090,Saudi Arabia,Andriod,0
U_04648,2025-12-17 15:10:44.824482,Saudi Arabia,Andriod,0
U_04649,2025-12-17 16:03:18.739873,UAE,Andriod,0
U_04650,2025-12-17 16:55:52.655265,Saudi Arabia,Andriod,0
U_04651,2025-12-17 17:48:26.570657,Saudi Arabia,iOS,0
U_04652,2025-12-17 18:41:00.486048,Kuwait,Andriod,0
U_04653,2025-12-17 19:33:34.401440,Saudi Arabia,iOS,0
U_04654,2025-12-17 20:26:08.316831,UAE,Andriod,0
U_04655,2025-12-17 21:18:42.232223,Saudi Arabia,Andriod,0
U_04656,2025-12-17 22:11:16.147614,Saudi Arabia,Andriod,0
U_04657,2025-12-17 23:03:50.063006,UAE,Andriod,1
U_04658,2025-12-17 23:56:23.978397,Saudi Arabia,Andriod,0
U_04659,2025-12-18 00:48:57.893789,Saudi Arabia,iOS,0
U_04660,2025-12-18 01:41:31.809180,Kuwait,Web,0
U_04661,2025-12-18 02:34:05.724572,Saudi Arabia,Andriod,0
U_04662,2025-12-18 03:26:39.639963,Saudi Arabia,Andriod,1
U_04663,2025-12-18 04:19:13.555355,Saudi Arabia,iOS,0
U_04664,2025-12-18 05:11:47.470747,UAE,Andriod,1
U_04665,2025-12-18 06:04:21.386138,UAE,iOS,0
U_04666,2025-12-18 06:56:55.301530,Kuwait,Andriod,0
U_04667,2025-12-18 07:49:29.216921,Saudi Arabia,iOS,0
U_04668,2025-12-18 08:42:03.132313,UAE,Andriod,0
U_04669,2025-12-18 09:34:37.047704,Saudi Arabia,Andriod,0
U_04670,2025-12-18 10:27:10.963096,Saudi Arabia,iOS,0
U_04671,2025-12-18 11:19:44.878487,Saudi Arabia,Andriod,0
U_04672,2025-12-18 12:12:18.793879,UAE,Andriod,0
U_04673,2025-12-18 13:04:52.709270,Kuwait,iOS,0
U_04674,2025-12-18 13:57:26.624662,Saudi Arabia,Andriod,0
U_04675,2025-12-18 14:50:00.540054,Saudi Arabia,iOS,0
U_04676,2025-12-18 15:42:34.455445,Bahrain,iOS,0
U_04677,2025-12-18 16:35:08.370837,Saudi Arabia,iOS,0
U_04678,2025-12-18 17:27:42.286228,Qatar,Andriod,0
U_04679,2025-12-18 18:20:16.201620,Saudi Arabia,Andriod,0
U_04680,2025-12-18 19:12:50.117011,Saudi Arabia,Andriod,0
U_04681,2025-12-18 20:05:24.032403,Saudi Arabia,Andriod,0
U_04682,2025-12-18 20:57:57.947794,Saudi Arabia,iOS,1
U_04683,2025-12-18 21:50:31.863186,Qatar,Andriod,0
U_04684,2025-12-18 22:43:05.778577,Saudi Arabia,iOS,0
U_04685,2025-12-18 23:35:39.693969,Kuwait,Andriod,0
U_04686,2025-12-19 00:28:13.609360,Saudi Arabia,iOS,0
U_04687,2025-12-19 01:20:47.524752,Saudi Arabia,iOS,0
U_04688,2025-12-19 02:13:21.440144,Saudi Arabia,Andriod,0
U_04689,2025-12-19 03:05:55.355535,Saudi Arabia,Web,0
U_04690,2025-12-19 03:58:29.270927,Qatar,iOS,0
U_04691,2025-12-19 04:51:03.186318,Saudi Arabia,Andriod,0
U_04692,2025-12-19 05:43:37.101710,Saudi Arabia,iOS,0
U_04693,2025-12-19 06:36:11.017101,Saudi Arabia,Andriod,0
U_04694,2025-12-19 07:28:44.932493,Saudi Arabia,Andriod,0
U_04695,2025-12-19 08:21:18.847884,Saudi Arabia,iOS,0
U_04696,2025-12-19 09:13:52.763276,UAE,iOS,0
U_04697,2025-12-19 10:06:26.678667,Saudi Arabia,iOS,0
U_04698,2025-12-19 10:59:00.594059,Saudi Arabia,iOS,0
U_04699,2025-12-19 11:51:34.509450,Saudi Arabia,iOS,0
U_04700,2025-12-19 12:44:08.424842,Other,Andriod,0
U_04701,2025-12-19 13:36:42.340234,Saudi Arabia,Web,0
U_04702,2025-12-19 14:29:16.255625,Saudi Arabia,iOS,1
U_04703,2025-12-19 15:21:50.171017,Saudi Arabia,Andriod,0
U_04704,2025-12-19 16:14:24.086408,Saudi Arabia,Andriod,0
U_04705,2025-12-19 17:06:58.001800,Saudi Arabia,Web,0
U_04706,2025-12-19 17:59:31.917191,Saudi Arabia,Andriod,0
U_04707,2025-12-19 18:52:05.832583,Kuwait,Andriod,0
U_04708,2025-12-19 19:44:39.747974,Saudi Arabia,Andriod,0
U_04709,2025-12-19 20:37:13.663366,UAE,iOS,0
U_04710,2025-12-19 21:29:47.578757,Saudi Arabia,iOS,0
U_04711,2025-12-19 22:22:21.494149,Saudi Arabia,Andriod,0
U_04712,2025-12-19 23:14:55.409540,Saudi Arabia,iOS,0
U_04713,2025-12-20 00:07:29.324932,Saudi Arabia,Andriod,0
U_04714,2025-12-20 01:00:03.240324,Kuwait,iOS,0
U_04715,2025-12-20 01:52:37.155715,Saudi Arabia,Andriod,0
U_04716,2025-12-20 02:45:11.071107,Saudi Arabia,iOS,0
U_04717,2025-12-20 03:37:44.986498,Saudi Arabia,Web,0
U_04718,2025-12-20 04:30:18.901890,Other,Andriod,0
U_04719,2025-12-20 05:22:52.817281,Saudi Arabia,iOS,0
U_04720,2025-12-20 06:15:26.732673,Bahrain,iOS,0
U_04721,2025-12-20 07:08:00.648064,Saudi Arabia,Andriod,0
U_04722,2025-12-20 08:00:34.563456,Saudi Arabia,iOS,0
U_04723,2025-12-20 08:53:08.478847,Saudi Arabia,iOS,0
U_04724,2025-12-20 09:45:42.394239,Saudi Arabia,iOS,0
U_04725,2025-12-20 10:38:16.309630,Saudi Arabia,Web,1
U_04726,2025-12-20 11:30:50.225022,Saudi Arabia,Andriod,0
U_04727,2025-12-20 12:23:24.140414,Bahrain,Andriod,0
U_04728,2025-12-20 13:15:58.055805,UAE,Andriod,0
U_04729,2025-12-20 14:08:31.971197,Kuwait,Web,1
U_04730,2025-12-20 15:01:05.886588,Saudi Arabia,Web,0
U_04731,2025-12-20 15:53:39.801980,Saudi Arabia,Web,0
U_04732,2025-12-20 16:46:13.717371,Saudi Arabia,iOS,0
U_04733,2025-12-20 17:38:47.632763,Kuwait,iOS,0
U_04734,2025-12-20 18:31:21.548154,Bahrain,Andriod,0
U_04735,2025-12-20 19:23:55.463546,Saudi Arabia,Andriod,0
U_04736,2025-12-20 20:16:29.378937,Saudi Arabia,iOS,0
U_04737,2025-12-20 21:09:03.294329,Saudi Arabia,iOS,0
U_04738,2025-12-20 22:01:37.209720,Saudi Arabia,Andriod,0
U_04739,2025-12-20 22:54:11.125112,Saudi Arabia,Andriod,1
U_04740,2025-12-20 23:46:45.040504,Saudi Arabia,iOS,0
U_04741,2025-12-21 00:39:18.955895,Kuwait,Andriod,0
U_04742,2025-12-21 01:31:52.871287,Saudi Arabia,Andriod,0
U_04743,2025-12-21 02:24:26.786678,Saudi Arabia,Andriod,0
U_04744,2025-12-21 03:17:00.702070,Other,Andriod,0
U_04745,2025-12-21 04:09:34.617461,Saudi Arabia,iOS,0
U_04746,2025-12-21 05:02:08.532853,Saudi Arabia,Andriod,0
U_04747,2025-12-21 05:54:42.448244,Saudi Arabia,Andriod,0
U_04748,2025-12-21 06:47:16.363636,Saudi Arabia,Andriod,0
U_04749,2025-12-21 07:39:50.279027,Saudi Arabia,iOS,0
U_04750,2025-12-21 08:32:24.194419,UAE,Web,1
U_04751,2025-12-21 09:24:58.109810,Saudi Arabia,iOS,0
U_04752,2025-12-21 10:17:32.025202,Saudi Arabia,iOS,0
U_04753,2025-12-21 11:10:05.940594,Saudi Arabia,Andriod,0
U_04754,2025-12-21 12:02:39.855985,Saudi Arabia,Andriod,0
U_04755,2025-12-21 12:55:13.771377,UAE,Andriod,0
U_04756,2025-12-21 13:47:47.686768,UAE,Andriod,0
U_04757,2025-12-21 14:40:21.602160,Saudi Arabia,Andriod,0
U_04758,2025-12-21 15:32:55.517551,Kuwait,Andriod,0
U_04759,2025-12-21 16:25:29.432943,Saudi Arabia,Andriod,0
U_04760,2025-12-21 17:18:03.348334,Other,iOS,1
U_04761,2025-12-21 18:10:37.263726,Saudi Arabia,Andriod,0
U_04762,2025-12-21 19:03:11.179117,Other,Andriod,0
U_04763,2025-12-21 19:55:45.094509,Kuwait,iOS,0
U_04764,2025-12-21 20:48:19.009900,Saudi Arabia,Andriod,0
U_04765,2025-12-21 21:40:52.925292,Saudi Arabia,Web,0
U_04766,2025-12-21 22:33:26.840684,Other,iOS,0
U_04767,2025-12-21 23:26:00.756075,UAE,Andriod,0
U_04768,2025-12-22 00:18:34.671467,Saudi Arabia,Web,0
U_04769,2025-12-22 01:11:08.586858,Kuwait,iOS,0
U_04770,2025-12-22 02:03:42.502250,Saudi Arabia,iOS,1
U_04771,2025-12-22 02:56:16.417641,Saudi Arabia,Andriod,0
U_04772,2025-12-22 03:48:50.333033,Saudi Arabia,Andriod,0
U_04773,2025-12-22 04:41:24.248424,Saudi Arabia,Andriod,0
U_04774,2025-12-22 05:33:58.163816,UAE,Andriod,0
U_04775,2025-12-22 06:26:32.079207,Saudi Arabia,Andriod,0
U_04776,2025-12-22 07:19:05.994599,UAE,Andriod,0
U_04777,2025-12-22 08:11:39.909991,Saudi Arabia,iOS,0
U_04778,2025-12-22 09:04:13.825382,Saudi Arabia,iOS,0
U_04779,2025-12-22 09:56:47.740774,Saudi Arabia,Andriod,0
U_04780,2025-12-22 10:49:21.656165,Saudi Arabia,Andriod,0
U_04781,2025-12-22 11:41:55.571557,Saudi Arabia,Andriod,0
U_04782,2025-12-22 12:34:29.486948,Saudi Arabia,Web,0
U_04783,2025-12-22 13:27:03.402340,Saudi Arabia,Andriod,0
U_04784,2025-12-22 14:19:37.317731,Saudi Arabia,Andriod,0
U_04785,2025-12-22 15:12:11.233123,Saudi Arabia,Andriod,0
U_04786,2025-12-22 16:04:45.148514,Saudi Arabia,Andriod,0
U_04787,2025-12-22 16:57:19.063906,UAE,Andriod,0
U_04788,2025-12-22 17:49:52.979297,Bahrain,Andriod,0
U_04789,2025-12-22 18:42:26.894689,Saudi Arabia,iOS,0
U_04790,2025-12-22 19:35:00.810081,Saudi Arabia,Web,0
U_04791,2025-12-22 20:27:34.725472,Saudi Arabia,Andriod,0
U_04792,2025-12-22 21:20:08.640864,Qatar,iOS,0
U_04793,2025-12-22 22:12:42.556255,Saudi Arabia,Andriod,0
U_04794,2025-12-22 23:05:16.471647,Saudi Arabia,Andriod,0
U_04795,2025-12-22 23:57:50.387038,Saudi Arabia,iOS,0
U_04796,2025-12-23 00:50:24.302430,Saudi Arabia,Andriod,0
U_04797,2025-12-23 01:42:58.217821,Saudi Arabia,iOS,1
U_04798,2025-12-23 02:35:32.133213,Kuwait,iOS,1
U_04799,2025-12-23 03:28:06.048604,Saudi Arabia,Andriod,0
U_04800,2025-12-23 04:20:39.963996,Saudi Arabia,Andriod,0
U_04801,2025-12-23 05:13:13.879387,Saudi Arabia,Web,0
U_04802,2025-12-23 06:05:47.794779,Saudi Arabia,Andriod,1
U_04803,2025-12-23 06:58:21.710171,Bahrain,Web,0
U_04804,2025-12-23 07:50:55.625562,Saudi Arabia,iOS,1
U_04805,2025-12-23 08:43:29.540954,UAE,iOS,0
U_04806,2025-12-23 09:36:03.456345,Saudi Arabia,Andriod,0
U_04807,2025-12-23 10:28:37.371737,Saudi Arabia,iOS,0
U_04808,2025-12-23 11:21:11.287128,Qatar,Andriod,0
U_04809,2025-12-23 12:13:45.202520,Saudi Arabia,Andriod,0
U_04810,2025-12-23 13:06:19.117911,UAE,Web,1
U_04811,2025-12-23 13:58:53.033303,Saudi Arabia,iOS,0
U_04812,2025-12-23 14:51:26.948694,UAE,Andriod,0
U_04813,2025-12-23 15:44:00.864086,Saudi Arabia,Andriod,0
U_04814,2025-12-23 16:36:34.779477,Saudi Arabia,iOS,0
U_04815,2025-12-23 17:29:08.694869,Kuwait,Andriod,1
U_04816,2025-12-23 18:21:42.610261,Qatar,Andriod,0
U_04817,2025-12-23 19:14:16.525652,Bahrain,Andriod,0
U_04818,2025-12-23 20:06:50.441044,UAE,iOS,0
U_04819,2025-12-23 20:59:24.356435,Bahrain,iOS,0
U_04820,2025-12-23 21:51:58.271827,Saudi Arabia,Andriod,0
U_04821,2025-12-23 22:44:32.187218,Saudi Arabia,iOS,0
U_04822,2025-12-23 23:37:06.102610,Saudi Arabia,iOS,0
U_04823,2025-12-24 00:29:40.018001,Saudi Arabia,iOS,0
U_04824,2025-12-24 01:22:13.933393,Saudi Arabia,iOS,0
U_04825,2025-12-24 02:14:47.848784,Saudi Arabia,iOS,0
U_04826,2025-12-24 03:07:21.764176,Saudi Arabia,iOS,0
U_04827,2025-12-24 03:59:55.679567,Saudi Arabia,Andriod,0
U_04828,2025-12-24 04:52:29.594959,Saudi Arabia,Andriod,0
U_04829,2025-12-24 05:45:03.510351,Saudi Arabia,Andriod,1
U_04830,2025-12-24 06:37:37.425742,Saudi Arabia,Andriod,0
U_04831,2025-12-24 07:30:11.341134,Kuwait,Andriod,0
U_04832,2025-12-24 08:22:45.256525,Kuwait,Andriod,0
U_04833,2025-12-24 09:15:19.171917,Saudi Arabia,Andriod,0
U_04834,2025-12-24 10:07:53.087308,Saudi Arabia,Andriod,0
U_04835,2025-12-24 11:00:27.002700,Saudi Arabia,Andriod,0
U_04836,2025-12-24 11:53:00.918091,Saudi Arabia,Andriod,0
U_04837,2025-12-24 12:45:34.833483,Saudi Arabia,Andriod,0
U_04838,2025-12-24 13:38:08.748874,Saudi Arabia,Andriod,0
U_04839,2025-12-24 14:30:42.664266,Saudi Arabia,iOS,0
U_04840,2025-12-24 15:23:16.579657,Saudi Arabia,iOS,1
U_04841,2025-12-24 16:15:50.495049,Qatar,iOS,0
U_04842,2025-12-24 17:08:24.410441,Qatar,iOS,0
U_04843,2025-12-24 18:00:58.325832,Saudi Arabia,iOS,0
U_04844,2025-12-24 18:53:32.241224,Saudi Arabia,Andriod,0
U_04845,2025-12-24 19:46:06.156615,Saudi Arabia,Andriod,0
U_04846,2025-12-24 20:38:40.072007,Saudi Arabia,Andriod,0
U_04847,2025-12-24 21:31:13.987398,Qatar,iOS,0
U_04848,2025-12-24 22:23:47.902790,Saudi Arabia,Web,0
U_04849,2025-12-24 23:16:21.818181,Kuwait,Andriod,0
U_04850,2025-12-25 00:08:55.733573,Saudi Arabia,iOS,0
U_04851,2025-12-25 01:01:29.648964,Other,Andriod,1
U_04852,2025-12-25 01:54:03.564356,Saudi Arabia,Andriod,1
U_04853,2025-12-25 02:46:37.479747,Kuwait,Andriod,0
U_04854,2025-12-25 03:39:11.395139,Saudi Arabia,iOS,0
U_04855,2025-12-25 04:31:45.310531,Saudi Arabia,Andriod,0
U_04856,2025-12-25 05:24:19.225922,Saudi Arabia,Andriod,0
U_04857,2025-12-25 06:16:53.141314,Saudi Arabia,Andriod,0
U_04858,2025-12-25 07:09:27.056705,Qatar,Andriod,0
U_04859,2025-12-25 08:02:00.972097,Bahrain,Andriod,0
U_04860,2025-12-25 08:54:34.887488,Bahrain,Andriod,0
U_04861,2025-12-25 09:47:08.802880,Saudi Arabia,iOS,0
U_04862,2025-12-25 10:39:42.718271,UAE,Andriod,0
U_04863,2025-12-25 11:32:16.633663,Saudi Arabia,iOS,0
U_04864,2025-12-25 12:24:50.549054,Saudi Arabia,Andriod,0
U_04865,2025-12-25 13:17:24.464446,Saudi Arabia,Andriod,0
U_04866,2025-12-25 14:09:58.379837,Saudi Arabia,iOS,0
U_04867,2025-12-25 15:02:32.295229,Saudi Arabia,Andriod,0
U_04868,2025-12-25 15:55:06.210621,Saudi Arabia,Andriod,1
U_04869,2025-12-25 16:47:40.126012,Saudi Arabia,iOS,0
U_04870,2025-12-25 17:40:14.041404,UAE,Andriod,1
U_04871,2025-12-25 18:32:47.956795,Saudi Arabia,iOS,0
U_04872,2025-12-25 19:25:21.872187,Saudi Arabia,Andriod,0
U_04873,2025-12-25 20:17:55.787578,Saudi Arabia,iOS,0
U_04874,2025-12-25 21:10:29.702970,Saudi Arabia,Andriod,0
U_04875,2025-12-25 22:03:03.618361,Saudi Arabia,Andriod,0
U_04876,2025-12-25 22:55:37.533753,Saudi Arabia,Andriod,0
U_04877,2025-12-25 23:48:11.449144,Saudi Arabia,iOS,1
U_04878,2025-12-26 00:40:45.364536,Saudi Arabia,Web,0
U_04879,2025-12-26 01:33:19.279927,Saudi Arabia,Andriod,0
U_04880,2025-12-26 02:25:53.195319,UAE,iOS,0
U_04881,2025-12-26 03:18:27.110711,Saudi Arabia,Andriod,0
U_04882,2025-12-26 04:11:01.026102,Saudi Arabia,iOS,0
U_04883,2025-12-26 05:03:34.941494,UAE,Andriod,0
U_04884,2025-12-26 05:56:08.856885,Saudi Arabia,Andriod,0
U_04885,2025-12-26 06:48:42.772277,Saudi Arabia,Andriod,0
U_04886,2025-12-26 07:41:16.687668,Bahrain,Andriod,0
U_04887,2025-12-26 08:33:50.603060,Saudi Arabia,Andriod,0
U_04888,2025-12-26 09:26:24.518451,Saudi Arabia,iOS,0
U_04889,2025-12-26 10:18:58.433843,Saudi Arabia,Web,1
U_04890,2025-12-26 11:11:32.349234,Saudi Arabia,Web,0
U_04891,2025-12-26 12:04:06.264626,Saudi Arabia,Andriod,0
U_04892,2025-12-26 12:56:40.180018,Saudi Arabia,Andriod,0
U_04893,2025-12-26 13:49:14.095409,Saudi Arabia,iOS,0
U_04894,2025-12-26 14:41:48.010801,Saudi Arabia,Andriod,0
U_04895,2025-12-26 15:34:21.926192,Saudi Arabia,iOS,0
U_04896,2025-12-26 16:26:55.841584,Saudi Arabia,iOS,0
U_04897,2025-12-26 17:19:29.756975,Saudi Arabia,Andriod,0
U_04898,2025-12-26 18:12:03.672367,Saudi Arabia,iOS,0
U_04899,2025-12-26 19:04:37.587758,Saudi Arabia,iOS,0
U_04900,2025-12-26 19:57:11.503150,Bahrain,Andriod,0
U_04901,2025-12-26 20:49:45.418541,Saudi Arabia,iOS,0
U_04902,2025-12-26 21:42:19.333933,Saudi Arabia,iOS,0
U_04903,2025-12-26 22:34:53.249324,Saudi Arabia,iOS,0
U_04904,2025-12-26 23:27:27.164716,Saudi Arabia,iOS,0
U_04905,2025-12-27 00:20:01.080108,Bahrain,Andriod,1
U_04906,2025-12-27 01:12:34.995499,Saudi Arabia,Andriod,0
U_04907,2025-12-27 02:05:08.910891,Qatar,Andriod,1
U_04908,2025-12-27 02:57:42.826282,Saudi Arabia,Andriod,0
U_04909,2025-12-27 03:50:16.741674,Kuwait,iOS,0
U_04910,2025-12-27 04:42:50.657065,Saudi Arabia,iOS,0
U_04911,2025-12-27 05:35:24.572457,Bahrain,iOS,0
U_04912,2025-12-27 06:27:58.487848,Saudi Arabia,Andriod,0
U_04913,2025-12-27 07:20:32.403240,Saudi Arabia,Andriod,0
U_04914,2025-12-27 08:13:06.318631,Saudi Arabia,Andriod,0
U_04915,2025-12-27 09:05:40.234023,Saudi Arabia,iOS,0
U_04916,2025-12-27 09:58:14.149414,Bahrain,iOS,0
U_04917,2025-12-27 10:50:48.064806,Saudi Arabia,Andriod,0
U_04918,2025-12-27 11:43:21.980198,Saudi Arabia,iOS,0
U_04919,2025-12-27 12:35:55.895589,Kuwait,Andriod,0
U_04920,2025-12-27 13:28:29.810981,Saudi Arabia,Andriod,0
U_04921,2025-12-27 14:21:03.726372,Qatar,Andriod,1
U_04922,2025-12-27 15:13:37.641764,Kuwait,Web,0
U_04923,2025-12-27 16:06:11.557155,Saudi Arabia,Web,0
U_04924,2025-12-27 16:58:45.472547,Bahrain,Andriod,1
U_04925,2025-12-27 17:51:19.387938,Saudi Arabia,Andriod,0
U_04926,2025-12-27 18:43:53.303330,Saudi Arabia,iOS,0
U_04927,2025-12-27 19:36:27.218721,Saudi Arabia,Web,0
U_04928,2025-12-27 20:29:01.134113,Saudi Arabia,Andriod,0
U_04929,2025-12-27 21:21:35.049504,Kuwait,iOS,0
U_04930,2025-12-27 22:14:08.964896,Bahrain,Andriod,0
U_04931,2025-12-27 23:06:42.880288,Saudi Arabia,iOS,0
U_04932,2025-12-27 23:59:16.795679,Saudi Arabia,Andriod,0
U_04933,2025-12-28 00:51:50.711071,Qatar,Andriod,0
U_04934,2025-12-28 01:44:24.626462,Saudi Arabia,iOS,0
U_04935,2025-12-28 02:36:58.541854,Saudi Arabia,iOS,0
U_04936,2025-12-28 03:29:32.457245,Saudi Arabia,Web,0
U_04937,2025-12-28 04:22:06.372637,Bahrain,Andriod,0
U_04938,2025-12-28 05:14:40.288028,Saudi Arabia,Andriod,0
U_04939,2025-12-28 06:07:14.203420,Kuwait,iOS,0
U_04940,2025-12-28 06:59:48.118811,UAE,Andriod,0
U_04941,2025-12-28 07:52:22.034203,Saudi Arabia,Andriod,0
U_04942,2025-12-28 08:44:55.949594,Saudi Arabia,iOS,0
U_04943,2025-12-28 09:37:29.864986,UAE,iOS,0
U_04944,2025-12-28 10:30:03.780378,Saudi Arabia,iOS,1
U_04945,2025-12-28 11:22:37.695769,Kuwait,iOS,0
U_04946,2025-12-28 12:15:11.611161,Qatar,Web,1
U_04947,2025-12-28 13:07:45.526552,Saudi Arabia,iOS,0
U_04948,2025-12-28 14:00:19.441944,Kuwait,Andriod,1
U_04949,2025-12-28 14:52:53.357335,UAE,Andriod,0
U_04950,2025-12-28 15:45:27.272727,UAE,iOS,1
U_04951,2025-12-28 16:38:01.188118,Saudi Arabia,Andriod,0
U_04952,2025-12-28 17:30:35.103510,Saudi Arabia,iOS,1
U_04953,2025-12-28 18:23:09.018901,Saudi Arabia,Andriod,0
U_04954,2025-12-28 19:15:42.934293,Saudi Arabia,iOS,0
U_04955,2025-12-28 20:08:16.849684,Saudi Arabia,Andriod,0
U_04956,2025-12-28 21:00:50.765076,Kuwait,Andriod,0
U_04957,2025-12-28 21:53:24.680468,Saudi Arabia,Andriod,0
U_04958,2025-12-28 22:45:58.595859,Saudi Arabia,Andriod,1
U_04959,2025-12-28 23:38:32.511251,Saudi Arabia,Andriod,0
U_04960,2025-12-29 00:31:06.426642,Kuwait,iOS,0
U_04961,2025-12-29 01:23:40.342034,Saudi Arabia,Andriod,0
U_04962,2025-12-29 02:16:14.257425,Saudi Arabia,Andriod,0
U_04963,2025-12-29 03:08:48.172817,Saudi Arabia,Andriod,0
U_04964,2025-12-29 04:01:22.088208,Kuwait,iOS,1
U_04965,2025-12-29 04:53:56.003600,Saudi Arabia,iOS,0
U_04966,2025-12-29 05:46:29.918991,Saudi Arabia,Andriod,0
U_04967,2025-12-29 06:39:03.834383,Qatar,Andriod,0
U_04968,2025-12-29 07:31:37.749774,Kuwait,iOS,0
U_04969,2025-12-29 08:24:11.665166,Qatar,Andriod,0
U_04970,2025-12-29 09:16:45.580558,Saudi Arabia,Andriod,0
U_04971,2025-12-29 10:09:19.495949,Saudi Arabia,Web,0
U_04972,2025-12-29 11:01:53.411341,Bahrain,Andriod,0
U_04973,2025-12-29 11:54:27.326732,Saudi Arabia,iOS,0
U_04974,2025-12-29 12:47:01.242124,Kuwait,iOS,0
U_04975,2025-12-29 13:39:35.157515,Saudi Arabia,iOS,1
U_04976,2025-12-29 14:32:09.072907,Saudi Arabia,Andriod,0
U_04977,2025-12-29 15:24:42.988298,Saudi Arabia,Andriod,0
U_04978,2025-12-29 16:17:16.903690,Saudi Arabia,iOS,0
U_04979,2025-12-29 17:09:50.819081,Saudi Arabia,Andriod,0
U_04980,2025-12-29 18:02:24.734473,Saudi Arabia,Andriod,0
U_04981,2025-12-29 18:54:58.649864,Qatar,iOS,0
U_04982,2025-12-29 19:47:32.565256,Saudi Arabia,iOS,0
U_04983,2025-12-29 20:40:06.480648,Saudi Arabia,Web,0
U_04984,2025-12-29 21:32:40.396039,UAE,iOS,0
U_04985,2025-12-29 22:25:14.311431,Saudi Arabia,Andriod,0
U_04986,2025-12-29 23:17:48.226822,Saudi Arabia,Andriod,0
U_04987,2025-12-30 00:10:22.142214,Kuwait,Andriod,0
U_04988,2025-12-30 01:02:56.057605,Saudi Arabia,Andriod,0
U_04989,2025-12-30 01:55:29.972997,Kuwait,Andriod,0
U_04990,2025-12-30 02:48:03.888388,Kuwait,Andriod,1
U_04991,2025-12-30 03:40:37.803780,Qatar,Web,0
U_04992,2025-12-30 04:33:11.719171,Saudi Arabia,Andriod,0
U_04993,2025-12-30 05:25:45.634563,Saudi Arabia,iOS,1
U_04994,2025-12-30 06:18:19.549954,Saudi Arabia,iOS,0
U_04995,2025-12-30 07:10:53.465346,Saudi Arabia,Andriod,0
U_04996,2025-12-30 08:03:27.380738,Bahrain,Andriod,0
U_04997,2025-12-30 08:56:01.296129,Saudi Arabia,iOS,0
U_04998,2025-12-30 09:48:35.211521,Saudi Arabia,iOS,1
U_04999,2025-12-30 10:41:09.126912,UAE,Andriod,0
U_05000,2025-12-30 11:33:43.042304,Saudi Arabia,iOS,1
U_05001,2025-12-30 12:26:16.957695,Saudi Arabia,Andriod,0
U_05002,2025-12-30 13:18:50.873087,Saudi Arabia,Andriod,0
U_05003,2025-12-30 14:11:24.788478,UAE,Andriod,0
U_05004,2025-12-30 15:03:58.703870,Saudi Arabia,iOS,1
U_05005,2025-12-30 15:56:32.619261,UAE,iOS,0
U_05006,2025-12-30 16:49:06.534653,Saudi Arabia,iOS,0
U_05007,2025-12-30 17:41:40.450045,Kuwait,iOS,0
U_05008,2025-12-30 18:34:14.365436,UAE,Andriod,0
U_05009,2025-12-30 19:26:48.280828,Saudi Arabia,Andriod,0
U_05010,2025-12-30 20:19:22.196219,Saudi Arabia,iOS,0
U_05011,2025-12-30 21:11:56.111611,Saudi Arabia,iOS,1
U_05012,2025-12-30 22:04:30.027002,Kuwait,iOS,0
U_05013,2025-12-30 22:57:03.942394,Saudi Arabia,Web,0
U_05014,2025-12-30 23:49:37.857785,Saudi Arabia,Andriod,0
U_05015,2025-12-31 00:42:11.773177,Saudi Arabia,Andriod,0
U_05016,2025-12-31 01:34:45.688568,Saudi Arabia,Andriod,0
U_05017,2025-12-31 02:27:19.603960,Saudi Arabia,Andriod,1
U_05018,2025-12-31 03:19:53.519351,Saudi Arabia,Andriod,0
U_05019,2025-12-31 04:12:27.434743,Saudi Arabia,iOS,0
U_05020,2025-12-31 05:05:01.350135,UAE,Andriod,0
U_05021,2025-12-31 05:57:35.265526,Saudi Arabia,iOS,0
U_05022,2025-12-31 06:50:09.180918,Saudi Arabia,Andriod,0
U_05023,2025-12-31 07:42:43.096309,Qatar,iOS,0
U_05024,2025-12-31 08:35:17.011701,Kuwait,Andriod,0
U_05025,2025-12-31 09:27:50.927092,Qatar,iOS,0
U_05026,2025-12-31 10:20:24.842484,Saudi Arabia,Andriod,0
U_05027,2025-12-31 11:12:58.757875,Saudi Arabia,iOS,0
U_05028,2025-12-31 12:05:32.673267,Saudi Arabia,Andriod,1
U_05029,2025-12-31 12:58:06.588658,Kuwait,Andriod,0
U_05030,2025-12-31 13:50:40.504050,Saudi Arabia,iOS,0
U_05031,2025-12-31 14:43:14.419441,Saudi Arabia,Andriod,0
U_05032,2025-12-31 15:35:48.334833,Saudi Arabia,Web,0
U_05033,2025-12-31 16:28:22.250225,Saudi Arabia,iOS,0
U_05034,2025-12-31 17:20:56.165616,Saudi Arabia,Web,1
U_05035,2025-12-31 18:13:30.081008,Saudi Arabia,Andriod,0
U_05036,2025-12-31 19:06:03.996399,Saudi Arabia,Andriod,0
U_05037,2025-12-31 19:58:37.911791,Saudi Arabia,iOS,0
U_05038,2025-12-31 20:51:11.827182,Qatar,Andriod,0
U_05039,2025-12-31 21:43:45.742574,Kuwait,Andriod,0
U_05040,2025-12-31 22:36:19.657965,Bahrain,Andriod,0
U_05041,2025-12-31 23:28:53.573357,Kuwait,Andriod,1
U_05042,2026-01-01 00:21:27.488748,Saudi Arabia,iOS,0
U_05043,2026-01-01 01:14:01.404140,Saudi Arabia,iOS,0
U_05044,2026-01-01 02:06:35.319531,Saudi Arabia,Andriod,0
U_05045,2026-01-01 02:59:09.234923,Saudi Arabia,Andriod,0
U_05046,2026-01-01 03:51:43.150315,Saudi Arabia,Andriod,0
U_05047,2026-01-01 04:44:17.065706,Saudi Arabia,iOS,0
U_05048,2026-01-01 05:36:50.981098,Saudi Arabia,Andriod,0
U_05049,2026-01-01 06:29:24.896489,Saudi Arabia,iOS,0
U_05050,2026-01-01 07:21:58.811881,Saudi Arabia,Andriod,0
U_05051,2026-01-01 08:14:32.727272,Saudi Arabia,Andriod,0
U_05052,2026-01-01 09:07:06.642664,UAE,Andriod,0
U_05053,2026-01-01 09:59:40.558055,Saudi Arabia,iOS,0
U_05054,2026-01-01 10:52:14.473447,Saudi Arabia,Andriod,0
U_05055,2026-01-01 11:44:48.388838,Saudi Arabia,Andriod,1
U_05056,2026-01-01 12:37:22.304230,Saudi Arabia,Andriod,0
U_05057,2026-01-01 13:29:56.219621,Saudi Arabia,iOS,1
U_05058,2026-01-01 14:22:30.135013,Saudi Arabia,Andriod,0
U_05059,2026-01-01 15:15:04.050405,Saudi Arabia,iOS,0
U_05060,2026-01-01 16:07:37.965796,Saudi Arabia,Andriod,0
U_05061,2026-01-01 17:00:11.881188,Qatar,iOS,0
U_05062,2026-01-01 17:52:45.796579,Bahrain,iOS,0
U_05063,2026-01-01 18:45:19.711971,Saudi Arabia,iOS,0
U_05064,2026-01-01 19:37:53.627362,Saudi Arabia,iOS,0
U_05065,2026-01-01 20:30:27.542754,Kuwait,iOS,0
U_05066,2026-01-01 21:23:01.458145,Saudi Arabia,Andriod,0
U_05067,2026-01-01 22:15:35.373537,Saudi Arabia,iOS,0
U_05068,2026-01-01 23:08:09.288928,Saudi Arabia,Andriod,1
U_05069,2026-01-02 00:00:43.204320,Bahrain,iOS,0
U_05070,2026-01-02 00:53:17.119711,Saudi Arabia,Web,0
U_05071,2026-01-02 01:45:51.035103,Saudi Arabia,Web,0
U_05072,2026-01-02 02:38:24.950495,Kuwait,iOS,0
U_05073,2026-01-02 03:30:58.865886,Saudi Arabia,Andriod,1
U_05074,2026-01-02 04:23:32.781278,Saudi Arabia,iOS,0
U_05075,2026-01-02 05:16:06.696669,Qatar,Web,0
U_05076,2026-01-02 06:08:40.612061,Saudi Arabia,Andriod,0
U_05077,2026-01-02 07:01:14.527452,Saudi Arabia,iOS,1
U_05078,2026-01-02 07:53:48.442844,Saudi Arabia,iOS,0
U_05079,2026-01-02 08:46:22.358235,Saudi Arabia,iOS,0
U_05080,2026-01-02 09:38:56.273627,Saudi Arabia,iOS,0
U_05081,2026-01-02 10:31:30.189018,Saudi Arabia,Andriod,1
U_05082,2026-01-02 11:24:04.104410,Saudi Arabia,Andriod,1
U_05083,2026-01-02 12:16:38.019801,UAE,iOS,0
U_05084,2026-01-02 13:09:11.935193,Saudi Arabia,iOS,0
U_05085,2026-01-02 14:01:45.850585,Saudi Arabia,iOS,0
U_05086,2026-01-02 14:54:19.765976,Saudi Arabia,iOS,0
U_05087,2026-01-02 15:46:53.681368,Kuwait,Andriod,0
U_05088,2026-01-02 16:39:27.596759,Saudi Arabia,iOS,0
U_05089,2026-01-02 17:32:01.512151,Saudi Arabia,Andriod,0
U_05090,2026-01-02 18:24:35.427542,Saudi Arabia,iOS,0
U_05091,2026-01-02 19:17:09.342934,Saudi Arabia,iOS,0
U_05092,2026-01-02 20:09:43.258325,Saudi Arabia,Andriod,1
U_05093,2026-01-02 21:02:17.173717,UAE,Andriod,0
U_05094,2026-01-02 21:54:51.089108,Saudi Arabia,Andriod,0
U_05095,2026-01-02 22:47:25.004500,Saudi Arabia,Andriod,0
U_05096,2026-01-02 23:39:58.919891,Saudi Arabia,Andriod,0
U_05097,2026-01-03 00:32:32.835283,UAE,iOS,0
U_05098,2026-01-03 01:25:06.750675,Saudi Arabia,Andriod,1
U_05099,2026-01-03 02:17:40.666066,Saudi Arabia,Andriod,0
U_05100,2026-01-03 03:10:14.581458,Saudi Arabia,iOS,0
U_05101,2026-01-03 04:02:48.496849,Saudi Arabia,Andriod,0
U_05102,2026-01-03 04:55:22.412241,Saudi Arabia,iOS,1
U_05103,2026-01-03 05:47:56.327632,Saudi Arabia,iOS,0
U_05104,2026-01-03 06:40:30.243024,Saudi Arabia,Andriod,0
U_05105,2026-01-03 07:33:04.158415,Saudi Arabia,Andriod,0
U_05106,2026-01-03 08:25:38.073807,Saudi Arabia,Andriod,1
U_05107,2026-01-03 09:18:11.989198,Saudi Arabia,iOS,0
U_05108,2026-01-03 10:10:45.904590,Saudi Arabia,Andriod,0
U_05109,2026-01-03 11:03:19.819981,Kuwait,Andriod,1
U_05110,2026-01-03 11:55:53.735373,Qatar,iOS,0
U_05111,2026-01-03 12:48:27.650765,Qatar,Andriod,0
U_05112,2026-01-03 13:41:01.566156,UAE,Andriod,0
U_05113,2026-01-03 14:33:35.481548,Saudi Arabia,Web,0
U_05114,2026-01-03 15:26:09.396939,Kuwait,iOS,0
U_05115,2026-01-03 16:18:43.312331,Saudi Arabia,iOS,0
U_05116,2026-01-03 17:11:17.227722,Saudi Arabia,Andriod,0
U_05117,2026-01-03 18:03:51.143114,Saudi Arabia,Andriod,0
U_05118,2026-01-03 18:56:25.058505,Saudi Arabia,Andriod,0
U_05119,2026-01-03 19:48:58.973897,Kuwait,iOS,0
U_05120,2026-01-03 20:41:32.889288,Saudi Arabia,Andriod,0
U_05121,2026-01-03 21:34:06.804680,Saudi Arabia,Andriod,0
U_05122,2026-01-03 22:26:40.720072,Bahrain,iOS,0
U_05123,2026-01-03 23:19:14.635463,Saudi Arabia,Andriod,1
U_05124,2026-01-04 00:11:48.550855,Saudi Arabia,Andriod,0
U_05125,2026-01-04 01:04:22.466246,Bahrain,iOS,0
U_05126,2026-01-04 01:56:56.381638,Saudi Arabia,iOS,1
U_05127,2026-01-04 02:49:30.297029,Saudi Arabia,Andriod,1
U_05128,2026-01-04 03:42:04.212421,Saudi Arabia,Andriod,0
U_05129,2026-01-04 04:34:38.127812,Saudi Arabia,Andriod,0
U_05130,2026-01-04 05:27:12.043204,UAE,iOS,0
U_05131,2026-01-04 06:19:45.958595,Saudi Arabia,iOS,0
U_05132,2026-01-04 07:12:19.873987,Saudi Arabia,Web,1
U_05133,2026-01-04 08:04:53.789378,Saudi Arabia,Web,0
U_05134,2026-01-04 08:57:27.704770,Saudi Arabia,iOS,0
U_05135,2026-01-04 09:50:01.620162,Qatar,Andriod,0
U_05136,2026-01-04 10:42:35.535553,Saudi Arabia,iOS,0
U_05137,2026-01-04 11:35:09.450945,Saudi Arabia,iOS,0
U_05138,2026-01-04 12:27:43.366336,Saudi Arabia,iOS,1
U_05139,2026-01-04 13:20:17.281728,Saudi Arabia,iOS,0
U_05140,2026-01-04 14:12:51.197119,Qatar,Andriod,0
U_05141,2026-01-04 15:05:25.112511,Saudi Arabia,Andriod,0
U_05142,2026-01-04 15:57:59.027902,Saudi Arabia,Web,0
U_05143,2026-01-04 16:50:32.943294,Saudi Arabia,Andriod,0
U_05144,2026-01-04 17:43:06.858685,Kuwait,Andriod,0
U_05145,2026-01-04 18:35:40.774077,Saudi Arabia,Andriod,0
U_05146,2026-01-04 19:28:14.689468,UAE,Web,0
U_05147,2026-01-04 20:20:48.604860,Saudi Arabia,Andriod,0
U_05148,2026-01-04 21:13:22.520252,Bahrain,Andriod,1
U_05149,2026-01-04 22:05:56.435643,Saudi Arabia,Web,0
U_05150,2026-01-04 22:58:30.351035,Saudi Arabia,iOS,0
U_05151,2026-01-04 23:51:04.266426,Saudi Arabia,Andriod,0
U_05152,2026-01-05 00:43:38.181818,Saudi Arabia,Andriod,0
U_05153,2026-01-05 01:36:12.097209,Bahrain,Web,0
U_05154,2026-01-05 02:28:46.012601,Kuwait,iOS,1
U_05155,2026-01-05 03:21:19.927992,Saudi Arabia,Andriod,0
U_05156,2026-01-05 04:13:53.843384,Saudi Arabia,Andriod,1
U_05157,2026-01-05 05:06:27.758775,Saudi Arabia,iOS,0
U_05158,2026-01-05 05:59:01.674167,Kuwait,Andriod,0
U_05159,2026-01-05 06:51:35.589558,Saudi Arabia,iOS,1
U_05160,2026-01-05 07:44:09.504950,Saudi Arabia,iOS,0
U_05161,2026-01-05 08:36:43.420342,Saudi Arabia,Andriod,0
U_05162,2026-01-05 09:29:17.335733,Saudi Arabia,Andriod,0
U_05163,2026-01-05 10:21:51.251125,Saudi Arabia,Andriod,0
U_05164,2026-01-05 11:14:25.166516,Saudi Arabia,Andriod,0
U_05165,2026-01-05 12:06:59.081908,Saudi Arabia,iOS,0
U_05166,2026-01-05 12:59:32.997299,Other,iOS,0
U_05167,2026-01-05 13:52:06.912691,Saudi Arabia,iOS,0
U_05168,2026-01-05 14:44:40.828082,Saudi Arabia,iOS,0
U_05169,2026-01-05 15:37:14.743474,Saudi Arabia,Andriod,1
U_05170,2026-01-05 16:29:48.658865,Kuwait,Andriod,0
U_05171,2026-01-05 17:22:22.574257,Saudi Arabia,iOS,0
U_05172,2026-01-05 18:14:56.489648,Saudi Arabia,iOS,0
U_05173,2026-01-05 19:07:30.405040,Saudi Arabia,Andriod,0
U_05174,2026-01-05 20:00:04.320432,Saudi Arabia,iOS,0
U_05175,2026-01-05 20:52:38.235823,Saudi Arabia,Web,0
U_05176,2026-01-05 21:45:12.151215,UAE,Andriod,1
U_05177,2026-01-05 22:37:46.066606,Bahrain,iOS,1
U_05178,2026-01-05 23:30:19.981998,Saudi Arabia,iOS,0
U_05179,2026-01-06 00:22:53.897389,Saudi Arabia,Andriod,0
U_05180,2026-01-06 01:15:27.812781,Bahrain,iOS,0
U_05181,2026-01-06 02:08:01.728172,Saudi Arabia,iOS,0
U_05182,2026-01-06 03:00:35.643564,UAE,iOS,0
U_05183,2026-01-06 03:53:09.558955,Saudi Arabia,Andriod,0
U_05184,2026-01-06 04:45:43.474347,Qatar,Andriod,0
U_05185,2026-01-06 05:38:17.389738,Kuwait,iOS,0
U_05186,2026-01-06 06:30:51.305130,Qatar,Andriod,0
U_05187,2026-01-06 07:23:25.220522,Saudi Arabia,Andriod,0
U_05188,2026-01-06 08:15:59.135913,Saudi Arabia,Andriod,0
U_05189,2026-01-06 09:08:33.051305,Qatar,iOS,0
U_05190,2026-01-06 10:01:06.966696,Saudi Arabia,Andriod,0
U_05191,2026-01-06 10:53:40.882088,Saudi Arabia,Web,1
U_05192,2026-01-06 11:46:14.797479,Kuwait,iOS,1
U_05193,2026-01-06 12:38:48.712871,Kuwait,iOS,0
U_05194,2026-01-06 13:31:22.628262,Bahrain,iOS,0
U_05195,2026-01-06 14:23:56.543654,Saudi Arabia,iOS,0
U_05196,2026-01-06 15:16:30.459045,Kuwait,iOS,0
U_05197,2026-01-06 16:09:04.374437,Kuwait,Andriod,0
U_05198,2026-01-06 17:01:38.289828,Saudi Arabia,Web,0
U_05199,2026-01-06 17:54:12.205220,Saudi Arabia,iOS,0
U_05200,2026-01-06 18:46:46.120612,Saudi Arabia,Andriod,0
U_05201,2026-01-06 19:39:20.036003,Saudi Arabia,Andriod,0
U_05202,2026-01-06 20:31:53.951395,Other,Andriod,0
U_05203,2026-01-06 21:24:27.866786,Saudi Arabia,Andriod,0
U_05204,2026-01-06 22:17:01.782178,Kuwait,iOS,0
U_05205,2026-01-06 23:09:35.697569,Qatar,Andriod,0
U_05206,2026-01-07 00:02:09.612961,Saudi Arabia,Andriod,0
U_05207,2026-01-07 00:54:43.528352,UAE,Andriod,0
U_05208,2026-01-07 01:47:17.443744,Saudi Arabia,Andriod,0
U_05209,2026-01-07 02:39:51.359135,UAE,iOS,0
U_05210,2026-01-07 03:32:25.274527,Saudi Arabia,iOS,0
U_05211,2026-01-07 04:24:59.189918,Qatar,Web,0
U_05212,2026-01-07 05:17:33.105310,Saudi Arabia,Andriod,0
U_05213,2026-01-07 06:10:07.020702,Saudi Arabia,Andriod,0
U_05214,2026-01-07 07:02:40.936093,Kuwait,iOS,0
U_05215,2026-01-07 07:55:14.851485,Saudi Arabia,Andriod,0
U_05216,2026-01-07 08:47:48.766876,Saudi Arabia,Andriod,0
U_05217,2026-01-07 09:40:22.682268,Saudi Arabia,Andriod,0
U_05218,2026-01-07 10:32:56.597659,Kuwait,iOS,0
U_05219,2026-01-07 11:25:30.513051,Saudi Arabia,iOS,0
U_05220,2026-01-07 12:18:04.428442,Saudi Arabia,Andriod,0
U_05221,2026-01-07 13:10:38.343834,Saudi Arabia,Andriod,1
U_05222,2026-01-07 14:03:12.259225,Saudi Arabia,Web,1
U_05223,2026-01-07 14:55:46.174617,Saudi Arabia,Web,0
U_05224,2026-01-07 15:48:20.090009,Saudi Arabia,Web,0
U_05225,2026-01-07 16:40:54.005400,Saudi Arabia,iOS,0
U_05226,2026-01-07 17:33:27.920792,Saudi Arabia,iOS,1
U_05227,2026-01-07 18:26:01.836183,Saudi Arabia,iOS,0
U_05228,2026-01-07 19:18:35.751575,Bahrain,iOS,0
U_05229,2026-01-07 20:11:09.666966,Saudi Arabia,Andriod,0
U_05230,2026-01-07 21:03:43.582358,Saudi Arabia,Andriod,0
U_05231,2026-01-07 21:56:17.497749,Saudi Arabia,iOS,0
U_05232,2026-01-07 22:48:51.413141,Saudi Arabia,Andriod,0
U_05233,2026-01-07 23:41:25.328532,Kuwait,Web,0
U_05234,2026-01-08 00:33:59.243924,Saudi Arabia,Andriod,0
U_05235,2026-01-08 01:26:33.159315,Saudi Arabia,iOS,1
U_05236,2026-01-08 02:19:07.074707,Saudi Arabia,Andriod,0
U_05237,2026-01-08 03:11:40.990099,Saudi Arabia,iOS,0
U_05238,2026-01-08 04:04:14.905490,Saudi Arabia,Andriod,0
U_05239,2026-01-08 04:56:48.820882,Saudi Arabia,Andriod,0
U_05240,2026-01-08 05:49:22.736273,Saudi Arabia,iOS,0
U_05241,2026-01-08 06:41:56.651665,Qatar,Web,0
U_05242,2026-01-08 07:34:30.567056,Saudi Arabia,Andriod,1
U_05243,2026-01-08 08:27:04.482448,Saudi Arabia,Andriod,0
U_05244,2026-01-08 09:19:38.397839,Bahrain,Web,0
U_05245,2026-01-08 10:12:12.313231,Kuwait,iOS,0
U_05246,2026-01-08 11:04:46.228622,Saudi Arabia,iOS,0
U_05247,2026-01-08 11:57:20.144014,Kuwait,Andriod,0
U_05248,2026-01-08 12:49:54.059405,UAE,iOS,0
U_05249,2026-01-08 13:42:27.974797,Saudi Arabia,Andriod,0
U_05250,2026-01-08 14:35:01.890189,Saudi Arabia,iOS,0
U_05251,2026-01-08 15:27:35.805580,Saudi Arabia,iOS,0
U_05252,2026-01-08 16:20:09.720972,Qatar,Andriod,1
U_05253,2026-01-08 17:12:43.636363,Saudi Arabia,iOS,0
U_05254,2026-01-08 18:05:17.551755,Saudi Arabia,Andriod,0
U_05255,2026-01-08 18:57:51.467146,UAE,Andriod,0
U_05256,2026-01-08 19:50:25.382538,Saudi Arabia,Web,1
U_05257,2026-01-08 20:42:59.297929,Saudi Arabia,Andriod,0
U_05258,2026-01-08 21:35:33.213321,Saudi Arabia,iOS,0
U_05259,2026-01-08 22:28:07.128712,Saudi Arabia,Andriod,0
U_05260,2026-01-08 23:20:41.044104,UAE,Andriod,0
U_05261,2026-01-09 00:13:14.959495,Saudi Arabia,Andriod,0
U_05262,2026-01-09 01:05:48.874887,UAE,Andriod,0
U_05263,2026-01-09 01:58:22.790279,Saudi Arabia,Andriod,0
U_05264,2026-01-09 02:50:56.705670,Saudi Arabia,Andriod,0
U_05265,2026-01-09 03:43:30.621062,Qatar,Andriod,0
U_05266,2026-01-09 04:36:04.536453,Saudi Arabia,iOS,0
U_05267,2026-01-09 05:28:38.451845,Saudi Arabia,iOS,0
U_05268,2026-01-09 06:21:12.367236,Saudi Arabia,Andriod,0
U_05269,2026-01-09 07:13:46.282628,UAE,iOS,0
U_05270,2026-01-09 08:06:20.198019,Saudi Arabia,iOS,0
U_05271,2026-01-09 08:58:54.113411,Saudi Arabia,iOS,0
U_05272,2026-01-09 09:51:28.028802,Saudi Arabia,Andriod,0
U_05273,2026-01-09 10:44:01.944194,Saudi Arabia,iOS,0
U_05274,2026-01-09 11:36:35.859585,Kuwait,Andriod,0
U_05275,2026-01-09 12:29:09.774977,Saudi Arabia,iOS,0
U_05276,2026-01-09 13:21:43.690369,Saudi Arabia,Andriod,1
U_05277,2026-01-09 14:14:17.605760,Saudi Arabia,Andriod,0
U_05278,2026-01-09 15:06:51.521152,Saudi Arabia,Andriod,0
U_05279,2026-01-09 15:59:25.436543,Qatar,iOS,0
U_05280,2026-01-09 16:51:59.351935,Saudi Arabia,Web,0
U_05281,2026-01-09 17:44:33.267326,Other,Web,0
U_05282,2026-01-09 18:37:07.182718,Saudi Arabia,Andriod,0
U_05283,2026-01-09 19:29:41.098109,Saudi Arabia,Web,0
U_05284,2026-01-09 20:22:15.013501,Bahrain,Andriod,0
U_05285,2026-01-09 21:14:48.928892,Saudi Arabia,Andriod,0
U_05286,2026-01-09 22:07:22.844284,Kuwait,Andriod,0
U_05287,2026-01-09 22:59:56.759675,Other,Andriod,0
U_05288,2026-01-09 23:52:30.675067,Saudi Arabia,Andriod,0
U_05289,2026-01-10 00:45:04.590459,Saudi Arabia,Andriod,0
U_05290,2026-01-10 01:37:38.505850,Kuwait,Web,0
U_05291,2026-01-10 02:30:12.421242,Saudi Arabia,iOS,0
U_05292,2026-01-10 03:22:46.336633,Saudi Arabia,Andriod,0
U_05293,2026-01-10 04:15:20.252025,Saudi Arabia,Andriod,0
U_05294,2026-01-10 05:07:54.167416,Saudi Arabia,Andriod,0
U_05295,2026-01-10 06:00:28.082808,Kuwait,iOS,0
U_05296,2026-01-10 06:53:01.998199,Saudi Arabia,Andriod,0
U_05297,2026-01-10 07:45:35.913591,Saudi Arabia,Web,0
U_05298,2026-01-10 08:38:09.828982,Saudi Arabia,iOS,0
U_05299,2026-01-10 09:30:43.744374,Saudi Arabia,Andriod,0
U_05300,2026-01-10 10:23:17.659765,Saudi Arabia,iOS,0
U_05301,2026-01-10 11:15:51.575157,Kuwait,Web,0
U_05302,2026-01-10 12:08:25.490549,Saudi Arabia,Andriod,0
U_05303,2026-01-10 13:00:59.405940,Kuwait,iOS,1
U_05304,2026-01-10 13:53:33.321332,Bahrain,iOS,0
U_05305,2026-01-10 14:46:07.236723,Saudi Arabia,Andriod,0
U_05306,2026-01-10 15:38:41.152115,Saudi Arabia,iOS,0
U_05307,2026-01-10 16:31:15.067506,Saudi Arabia,Andriod,0
U_05308,2026-01-10 17:23:48.982898,Saudi Arabia,Web,0
U_05309,2026-01-10 18:16:22.898289,Bahrain,Andriod,0
U_05310,2026-01-10 19:08:56.813681,Bahrain,iOS,0
U_05311,2026-01-10 20:01:30.729072,Saudi Arabia,Web,0
U_05312,2026-01-10 20:54:04.644464,Saudi Arabia,Andriod,0
U_05313,2026-01-10 21:46:38.559855,Bahrain,iOS,0
U_05314,2026-01-10 22:39:12.475247,Qatar,iOS,1
U_05315,2026-01-10 23:31:46.390639,Saudi Arabia,iOS,0
U_05316,2026-01-11 00:24:20.306030,Saudi Arabia,Andriod,0
U_05317,2026-01-11 01:16:54.221422,Saudi Arabia,iOS,0
U_05318,2026-01-11 02:09:28.136813,Qatar,iOS,0
U_05319,2026-01-11 03:02:02.052205,Saudi Arabia,Andriod,0
U_05320,2026-01-11 03:54:35.967596,Saudi Arabia,Andriod,0
U_05321,2026-01-11 04:47:09.882988,Saudi Arabia,Andriod,0
U_05322,2026-01-11 05:39:43.798379,Saudi Arabia,Andriod,0
U_05323,2026-01-11 06:32:17.713771,Saudi Arabia,iOS,0
U_05324,2026-01-11 07:24:51.629162,Other,Andriod,0
U_05325,2026-01-11 08:17:25.544554,Saudi Arabia,iOS,0
U_05326,2026-01-11 09:09:59.459945,Saudi Arabia,Andriod,0
U_05327,2026-01-11 10:02:33.375337,Saudi Arabia,Andriod,0
U_05328,2026-01-11 10:55:07.290729,Saudi Arabia,iOS,0
U_05329,2026-01-11 11:47:41.206120,Saudi Arabia,Web,0
U_05330,2026-01-11 12:40:15.121512,Saudi Arabia,Andriod,0
U_05331,2026-01-11 13:32:49.036903,Saudi Arabia,iOS,0
U_05332,2026-01-11 14:25:22.952295,Saudi Arabia,Web,0
U_05333,2026-01-11 15:17:56.867686,Saudi Arabia,Andriod,0
U_05334,2026-01-11 16:10:30.783078,Saudi Arabia,Andriod,1
U_05335,2026-01-11 17:03:04.698469,Qatar,Andriod,0
U_05336,2026-01-11 17:55:38.613861,Qatar,Andriod,0
U_05337,2026-01-11 18:48:12.529252,Saudi Arabia,iOS,0
U_05338,2026-01-11 19:40:46.444644,Saudi Arabia,iOS,0
U_05339,2026-01-11 20:33:20.360036,Bahrain,Andriod,0
U_05340,2026-01-11 21:25:54.275427,Saudi Arabia,iOS,1
U_05341,2026-01-11 22:18:28.190819,UAE,Andriod,0
U_05342,2026-01-11 23:11:02.106210,Qatar,iOS,0
U_05343,2026-01-12 00:03:36.021602,Saudi Arabia,iOS,0
U_05344,2026-01-12 00:56:09.936993,Saudi Arabia,iOS,0
U_05345,2026-01-12 01:48:43.852385,Qatar,Andriod,0
U_05346,2026-01-12 02:41:17.767776,Saudi Arabia,Andriod,0
U_05347,2026-01-12 03:33:51.683168,Saudi Arabia,iOS,0
U_05348,2026-01-12 04:26:25.598559,Saudi Arabia,Andriod,0
U_05349,2026-01-12 05:18:59.513951,Saudi Arabia,iOS,0
U_05350,2026-01-12 06:11:33.429342,Saudi Arabia,Andriod,0
U_05351,2026-01-12 07:04:07.344734,Kuwait,iOS,0
U_05352,2026-01-12 07:56:41.260126,Other,Andriod,1
U_05353,2026-01-12 08:49:15.175517,Saudi Arabia,Andriod,0
U_05354,2026-01-12 09:41:49.090909,Saudi Arabia,Web,0
U_05355,2026-01-12 10:34:23.006300,Saudi Arabia,iOS,0
U_05356,2026-01-12 11:26:56.921692,Saudi Arabia,Andriod,0
U_05357,2026-01-12 12:19:30.837083,Saudi Arabia,Andriod,0
U_05358,2026-01-12 13:12:04.752475,Qatar,Web,0
U_05359,2026-01-12 14:04:38.667866,UAE,iOS,0
U_05360,2026-01-12 14:57:12.583258,Saudi Arabia,iOS,0
U_05361,2026-01-12 15:49:46.498649,Saudi Arabia,Andriod,0
U_05362,2026-01-12 16:42:20.414041,Saudi Arabia,iOS,0
U_05363,2026-01-12 17:34:54.329432,Saudi Arabia,iOS,0
U_05364,2026-01-12 18:27:28.244824,Saudi Arabia,iOS,0
U_05365,2026-01-12 19:20:02.160216,Saudi Arabia,Andriod,0
U_05366,2026-01-12 20:12:36.075607,Other,iOS,0
U_05367,2026-01-12 21:05:09.990999,Saudi Arabia,Andriod,1
U_05368,2026-01-12 21:57:43.906390,Saudi Arabia,Andriod,0
U_05369,2026-01-12 22:50:17.821782,Kuwait,iOS,0
U_05370,2026-01-12 23:42:51.737173,Saudi Arabia,Andriod,0
U_05371,2026-01-13 00:35:25.652565,Saudi Arabia,iOS,0
U_05372,2026-01-13 01:27:59.567956,Saudi Arabia,Andriod,0
U_05373,2026-01-13 02:20:33.483348,Saudi Arabia,Andriod,0
U_05374,2026-01-13 03:13:07.398739,Kuwait,Andriod,0
U_05375,2026-01-13 04:05:41.314131,Saudi Arabia,iOS,0
U_05376,2026-01-13 04:58:15.229522,Kuwait,Andriod,1
U_05377,2026-01-13 05:50:49.144914,Saudi Arabia,Andriod,0
U_05378,2026-01-13 06:43:23.060306,Saudi Arabia,Andriod,0
U_05379,2026-01-13 07:35:56.975697,UAE,Andriod,0
U_05380,2026-01-13 08:28:30.891089,Saudi Arabia,iOS,0
U_05381,2026-01-13 09:21:04.806480,Saudi Arabia,Andriod,0
U_05382,2026-01-13 10:13:38.721872,Saudi Arabia,iOS,0
U_05383,2026-01-13 11:06:12.637263,Saudi Arabia,iOS,0
U_05384,2026-01-13 11:58:46.552655,Saudi Arabia,Andriod,0
U_05385,2026-01-13 12:51:20.468046,Saudi Arabia,Web,0
U_05386,2026-01-13 13:43:54.383438,Saudi Arabia,Andriod,0
U_05387,2026-01-13 14:36:28.298829,Saudi Arabia,iOS,0
U_05388,2026-01-13 15:29:02.214221,Qatar,iOS,0
U_05389,2026-01-13 16:21:36.129612,Saudi Arabia,Andriod,0
U_05390,2026-01-13 17:14:10.045004,UAE,Andriod,0
U_05391,2026-01-13 18:06:43.960396,Saudi Arabia,iOS,0
U_05392,2026-01-13 18:59:17.875787,Saudi Arabia,Andriod,0
U_05393,2026-01-13 19:51:51.791179,UAE,iOS,0
U_05394,2026-01-13 20:44:25.706570,Saudi Arabia,Andriod,1
U_05395,2026-01-13 21:36:59.621962,Kuwait,Web,0
U_05396,2026-01-13 22:29:33.537353,Saudi Arabia,Andriod,0
U_05397,2026-01-13 23:22:07.452745,Saudi Arabia,iOS,0
U_05398,2026-01-14 00:14:41.368136,Saudi Arabia,Andriod,0
U_05399,2026-01-14 01:07:15.283528,Saudi Arabia,Andriod,1
U_05400,2026-01-14 01:59:49.198919,UAE,Andriod,1
U_05401,2026-01-14 02:52:23.114311,Saudi Arabia,Andriod,0
U_05402,2026-01-14 03:44:57.029702,Qatar,iOS,0
U_05403,2026-01-14 04:37:30.945094,Qatar,Andriod,0
U_05404,2026-01-14 05:30:04.860486,Saudi Arabia,iOS,0
U_05405,2026-01-14 06:22:38.775877,Saudi Arabia,Web,0
U_05406,2026-01-14 07:15:12.691269,Bahrain,iOS,0
U_05407,2026-01-14 08:07:46.606660,Qatar,Andriod,0
U_05408,2026-01-14 09:00:20.522052,Saudi Arabia,iOS,1
U_05409,2026-01-14 09:52:54.437443,Saudi Arabia,iOS,0
U_05410,2026-01-14 10:45:28.352835,Saudi Arabia,iOS,0
U_05411,2026-01-14 11:38:02.268226,Saudi Arabia,Andriod,0
U_05412,2026-01-14 12:30:36.183618,Saudi Arabia,Andriod,0
U_05413,2026-01-14 13:23:10.099009,Kuwait,Andriod,0
U_05414,2026-01-14 14:15:44.014401,Saudi Arabia,iOS,0
U_05415,2026-01-14 15:08:17.929792,Saudi Arabia,Andriod,0
U_05416,2026-01-14 16:00:51.845184,Saudi Arabia,Andriod,0
U_05417,2026-01-14 16:53:25.760576,Saudi Arabia,iOS,0
U_05418,2026-01-14 17:45:59.675967,Saudi Arabia,Andriod,1
U_05419,2026-01-14 18:38:33.591359,Saudi Arabia,Andriod,0
U_05420,2026-01-14 19:31:07.506750,Saudi Arabia,iOS,1
U_05421,2026-01-14 20:23:41.422142,Saudi Arabia,iOS,1
U_05422,2026-01-14 21:16:15.337533,Saudi Arabia,Andriod,1
U_05423,2026-01-14 22:08:49.252925,Qatar,iOS,1
U_05424,2026-01-14 23:01:23.168316,Saudi Arabia,Andriod,0
U_05425,2026-01-14 23:53:57.083708,Saudi Arabia,Web,1
U_05426,2026-01-15 00:46:30.999099,Saudi Arabia,Andriod,0
U_05427,2026-01-15 01:39:04.914491,Other,Andriod,0
U_05428,2026-01-15 02:31:38.829882,Saudi Arabia,iOS,0
U_05429,2026-01-15 03:24:12.745274,Saudi Arabia,Andriod,0
U_05430,2026-01-15 04:16:46.660666,Kuwait,iOS,0
U_05431,2026-01-15 05:09:20.576057,Saudi Arabia,Andriod,0
U_05432,2026-01-15 06:01:54.491449,Saudi Arabia,Web,0
U_05433,2026-01-15 06:54:28.406840,Saudi Arabia,Andriod,0
U_05434,2026-01-15 07:47:02.322232,Saudi Arabia,Andriod,0
U_05435,2026-01-15 08:39:36.237623,Saudi Arabia,Andriod,0
U_05436,2026-01-15 09:32:10.153015,Kuwait,iOS,0
U_05437,2026-01-15 10:24:44.068406,Saudi Arabia,Andriod,0
U_05438,2026-01-15 11:17:17.983798,UAE,iOS,0
U_05439,2026-01-15 12:09:51.899189,Saudi Arabia,Andriod,0
U_05440,2026-01-15 13:02:25.814581,UAE,iOS,0
U_05441,2026-01-15 13:54:59.729972,Saudi Arabia,Andriod,0
U_05442,2026-01-15 14:47:33.645364,Saudi Arabia,iOS,0
U_05443,2026-01-15 15:40:07.560756,Saudi Arabia,Andriod,0
U_05444,2026-01-15 16:32:41.476147,Qatar,Andriod,0
U_05445,2026-01-15 17:25:15.391539,Saudi Arabia,Andriod,1
U_05446,2026-01-15 18:17:49.306930,Saudi Arabia,iOS,0
U_05447,2026-01-15 19:10:23.222322,Saudi Arabia,Andriod,0
U_05448,2026-01-15 20:02:57.137713,Saudi Arabia,iOS,0
U_05449,2026-01-15 20:55:31.053105,Saudi Arabia,Andriod,0
U_05450,2026-01-15 21:48:04.968496,Saudi Arabia,iOS,1
U_05451,2026-01-15 22:40:38.883888,Saudi Arabia,Andriod,0
U_05452,2026-01-15 23:33:12.799279,Saudi Arabia,iOS,0
U_05453,2026-01-16 00:25:46.714671,Saudi Arabia,Web,0
U_05454,2026-01-16 01:18:20.630063,Saudi Arabia,Andriod,0
U_05455,2026-01-16 02:10:54.545454,Kuwait,iOS,0
U_05456,2026-01-16 03:03:28.460846,Saudi Arabia,Andriod,0
U_05457,2026-01-16 03:56:02.376237,Saudi Arabia,Andriod,0
U_05458,2026-01-16 04:48:36.291629,Saudi Arabia,iOS,1
U_05459,2026-01-16 05:41:10.207020,Qatar,Andriod,0
U_05460,2026-01-16 06:33:44.122412,Qatar,Andriod,0
U_05461,2026-01-16 07:26:18.037803,UAE,iOS,0
U_05462,2026-01-16 08:18:51.953195,Saudi Arabia,Andriod,0
U_05463,2026-01-16 09:11:25.868586,Saudi Arabia,iOS,0
U_05464,2026-01-16 10:03:59.783978,Saudi Arabia,iOS,0
U_05465,2026-01-16 10:56:33.699369,Saudi Arabia,Andriod,0
U_05466,2026-01-16 11:49:07.614761,Saudi Arabia,Andriod,0
U_05467,2026-01-16 12:41:41.530153,Kuwait,Andriod,0
U_05468,2026-01-16 13:34:15.445544,UAE,Andriod,0
U_05469,2026-01-16 14:26:49.360936,UAE,Andriod,0
U_05470,2026-01-16 15:19:23.276327,Saudi Arabia,Andriod,0
U_05471,2026-01-16 16:11:57.191719,Saudi Arabia,iOS,0
U_05472,2026-01-16 17:04:31.107110,Saudi Arabia,Andriod,0
U_05473,2026-01-16 17:57:05.022502,Saudi Arabia,Andriod,0
U_05474,2026-01-16 18:49:38.937893,Kuwait,iOS,0
U_05475,2026-01-16 19:42:12.853285,Saudi Arabia,Andriod,0
U_05476,2026-01-16 20:34:46.768676,Saudi Arabia,iOS,0
U_05477,2026-01-16 21:27:20.684068,Saudi Arabia,Andriod,0
U_05478,2026-01-16 22:19:54.599459,Saudi Arabia,Andriod,0
U_05479,2026-01-16 23:12:28.514851,Kuwait,Web,0
U_05480,2026-01-17 00:05:02.430243,Saudi Arabia,iOS,0
U_05481,2026-01-17 00:57:36.345634,UAE,Andriod,0
U_05482,2026-01-17 01:50:10.261026,Saudi Arabia,iOS,0
U_05483,2026-01-17 02:42:44.176417,Saudi Arabia,Andriod,0
U_05484,2026-01-17 03:35:18.091809,Kuwait,Andriod,0
U_05485,2026-01-17 04:27:52.007200,Saudi Arabia,Andriod,0
U_05486,2026-01-17 05:20:25.922592,Other,Andriod,1
U_05487,2026-01-17 06:12:59.837983,Saudi Arabia,Andriod,0
U_05488,2026-01-17 07:05:33.753375,Saudi Arabia,iOS,0
U_05489,2026-01-17 07:58:07.668766,Saudi Arabia,iOS,0
U_05490,2026-01-17 08:50:41.584158,Bahrain,Andriod,0
U_05491,2026-01-17 09:43:15.499549,Saudi Arabia,Andriod,0
U_05492,2026-01-17 10:35:49.414941,Kuwait,iOS,0
U_05493,2026-01-17 11:28:23.330333,Saudi Arabia,Andriod,1
U_05494,2026-01-17 12:20:57.245724,Saudi Arabia,Andriod,0
U_05495,2026-01-17 13:13:31.161116,Saudi Arabia,iOS,0
U_05496,2026-01-17 14:06:05.076507,Saudi Arabia,Andriod,0
U_05497,2026-01-17 14:58:38.991899,Saudi Arabia,Andriod,0
U_05498,2026-01-17 15:51:12.907290,Bahrain,iOS,0
U_05499,2026-01-17 16:43:46.822682,Saudi Arabia,iOS,0
U_05500,2026-01-17 17:36:20.738073,Saudi Arabia,Andriod,0
U_05501,2026-01-17 18:28:54.653465,Saudi Arabia,Web,0
U_05502,2026-01-17 19:21:28.568856,Saudi Arabia,Andriod,0
U_05503,2026-01-17 20:14:02.484248,Saudi Arabia,iOS,1
U_05504,2026-01-17 21:06:36.399639,Saudi Arabia,Web,0
U_05505,2026-01-17 21:59:10.315031,Saudi Arabia,Andriod,0
U_05506,2026-01-17 22:51:44.230423,Saudi Arabia,Andriod,0
U_05507,2026-01-17 23:44:18.145814,Saudi Arabia,Andriod,0
U_05508,2026-01-18 00:36:52.061206,Saudi Arabia,iOS,0
U_05509,2026-01-18 01:29:25.976597,Saudi Arabia,Andriod,0
U_05510,2026-01-18 02:21:59.891989,Saudi Arabia,iOS,0
U_05511,2026-01-18 03:14:33.807380,Saudi Arabia,iOS,0
U_05512,2026-01-18 04:07:07.722772,Bahrain,Andriod,0
U_05513,2026-01-18 04:59:41.638163,UAE,Andriod,0
U_05514,2026-01-18 05:52:15.553555,Kuwait,Andriod,0
U_05515,2026-01-18 06:44:49.468946,Saudi Arabia,Andriod,0
U_05516,2026-01-18 07:37:23.384338,Kuwait,iOS,0
U_05517,2026-01-18 08:29:57.299729,UAE,iOS,1
U_05518,2026-01-18 09:22:31.215121,Kuwait,iOS,0
U_05519,2026-01-18 10:15:05.130513,Saudi Arabia,Andriod,0
U_05520,2026-01-18 11:07:39.045904,Saudi Arabia,Andriod,0
U_05521,2026-01-18 12:00:12.961296,UAE,iOS,0
U_05522,2026-01-18 12:52:46.876687,Saudi Arabia,Web,0
U_05523,2026-01-18 13:45:20.792079,Saudi Arabia,iOS,0
U_05524,2026-01-18 14:37:54.707470,Saudi Arabia,Andriod,0
U_05525,2026-01-18 15:30:28.622862,Saudi Arabia,Andriod,0
U_05526,2026-01-18 16:23:02.538253,Saudi Arabia,iOS,0
U_05527,2026-01-18 17:15:36.453645,Saudi Arabia,Andriod,0
U_05528,2026-01-18 18:08:10.369036,Saudi Arabia,Andriod,1
U_05529,2026-01-18 19:00:44.284428,Saudi Arabia,Andriod,0
U_05530,2026-01-18 19:53:18.199819,Saudi Arabia,Andriod,0
U_05531,2026-01-18 20:45:52.115211,Saudi Arabia,iOS,0
U_05532,2026-01-18 21:38:26.030603,Saudi Arabia,Andriod,0
U_05533,2026-01-18 22:30:59.945994,Saudi Arabia,Web,0
U_05534,2026-01-18 23:23:33.861386,Kuwait,iOS,0
U_05535,2026-01-19 00:16:07.776777,Saudi Arabia,iOS,0
U_05536,2026-01-19 01:08:41.692169,Saudi Arabia,Web,0
U_05537,2026-01-19 02:01:15.607560,Saudi Arabia,iOS,0
U_05538,2026-01-19 02:53:49.522952,UAE,Andriod,0
U_05539,2026-01-19 03:46:23.438343,Saudi Arabia,Andriod,0
U_05540,2026-01-19 04:38:57.353735,Saudi Arabia,Andriod,0
U_05541,2026-01-19 05:31:31.269126,Saudi Arabia,Andriod,0
U_05542,2026-01-19 06:24:05.184518,Saudi Arabia,iOS,0
U_05543,2026-01-19 07:16:39.099909,UAE,iOS,0
U_05544,2026-01-19 08:09:13.015301,UAE,Andriod,0
U_05545,2026-01-19 09:01:46.930693,Saudi Arabia,Andriod,0
U_05546,2026-01-19 09:54:20.846084,Saudi Arabia,Andriod,0
U_05547,2026-01-19 10:46:54.761476,Saudi Arabia,Andriod,0
U_05548,2026-01-19 11:39:28.676867,Saudi Arabia,iOS,1
U_05549,2026-01-19 12:32:02.592259,Saudi Arabia,iOS,0
U_05550,2026-01-19 13:24:36.507650,Saudi Arabia,Andriod,0
U_05551,2026-01-19 14:17:10.423042,Saudi Arabia,Andriod,0
U_05552,2026-01-19 15:09:44.338433,Saudi Arabia,iOS,0
U_05553,2026-01-19 16:02:18.253825,Qatar,iOS,1
U_05554,2026-01-19 16:54:52.169216,Saudi Arabia,iOS,1
U_05555,2026-01-19 17:47:26.084608,UAE,iOS,0
U_05556,2026-01-19 18:40:00.000000,Kuwait,Andriod,0
U_05557,2026-01-19 19:32:33.915391,Saudi Arabia,Web,0
U_05558,2026-01-19 20:25:07.830783,Kuwait,Andriod,0
U_05559,2026-01-19 21:17:41.746174,Saudi Arabia,Web,0
U_05560,2026-01-19 22:10:15.661566,Saudi Arabia,Web,0
U_05561,2026-01-19 23:02:49.576957,Saudi Arabia,Andriod,0
U_05562,2026-01-19 23:55:23.492349,Other,iOS,0
U_05563,2026-01-20 00:47:57.407740,Saudi Arabia,Andriod,0
U_05564,2026-01-20 01:40:31.323132,Saudi Arabia,iOS,0
U_05565,2026-01-20 02:33:05.238523,Qatar,iOS,0
U_05566,2026-01-20 03:25:39.153915,Saudi Arabia,iOS,0
U_05567,2026-01-20 04:18:13.069306,Saudi Arabia,Andriod,0
U_05568,2026-01-20 05:10:46.984698,Kuwait,iOS,0
U_05569,2026-01-20 06:03:20.900090,UAE,iOS,0
U_05570,2026-01-20 06:55:54.815481,Qatar,Andriod,0
U_05571,2026-01-20 07:48:28.730873,Qatar,Andriod,0
U_05572,2026-01-20 08:41:02.646264,Saudi Arabia,Andriod,0
U_05573,2026-01-20 09:33:36.561656,UAE,Andriod,0
U_05574,2026-01-20 10:26:10.477047,Saudi Arabia,iOS,0
U_05575,2026-01-20 11:18:44.392439,Saudi Arabia,iOS,0
U_05576,2026-01-20 12:11:18.307830,Saudi Arabia,Andriod,0
U_05577,2026-01-20 13:03:52.223222,Saudi Arabia,Andriod,0
U_05578,2026-01-20 13:56:26.138613,Other,Andriod,0
U_05579,2026-01-20 14:49:00.054005,Bahrain,Andriod,0
U_05580,2026-01-20 15:41:33.969396,Saudi Arabia,Andriod,1
U_05581,2026-01-20 16:34:07.884788,Saudi Arabia,Web,0
U_05582,2026-01-20 17:26:41.800180,Saudi Arabia,iOS,0
U_05583,2026-01-20 18:19:15.715571,UAE,iOS,0
U_05584,2026-01-20 19:11:49.630963,Kuwait,Andriod,0
U_05585,2026-01-20 20:04:23.546354,Saudi Arabia,iOS,0
U_05586,2026-01-20 20:56:57.461746,Saudi Arabia,iOS,1
U_05587,2026-01-20 21:49:31.377137,Saudi Arabia,iOS,0
U_05588,2026-01-20 22:42:05.292529,Saudi Arabia,iOS,0
U_05589,2026-01-20 23:34:39.207920,Bahrain,iOS,0
U_05590,2026-01-21 00:27:13.123312,Saudi Arabia,iOS,0
U_05591,2026-01-21 01:19:47.038703,Saudi Arabia,Andriod,1
U_05592,2026-01-21 02:12:20.954095,Saudi Arabia,Andriod,0
U_05593,2026-01-21 03:04:54.869486,Saudi Arabia,Andriod,0
U_05594,2026-01-21 03:57:28.784878,Qatar,Andriod,0
U_05595,2026-01-21 04:50:02.700270,Saudi Arabia,iOS,1
U_05596,2026-01-21 05:42:36.615661,Saudi Arabia,iOS,0
U_05597,2026-01-21 06:35:10.531053,Saudi Arabia,iOS,0
U_05598,2026-01-21 07:27:44.446444,Saudi Arabia,Andriod,0
U_05599,2026-01-21 08:20:18.361836,Saudi Arabia,Andriod,0
U_05600,2026-01-21 09:12:52.277227,Kuwait,iOS,0
U_05601,2026-01-21 10:05:26.192619,Saudi Arabia,iOS,0
U_05602,2026-01-21 10:58:00.108010,Saudi Arabia,Web,0
U_05603,2026-01-21 11:50:34.023402,Saudi Arabia,Andriod,0
U_05604,2026-01-21 12:43:07.938793,Saudi Arabia,Andriod,0
U_05605,2026-01-21 13:35:41.854185,Saudi Arabia,iOS,0
U_05606,2026-01-21 14:28:15.769576,Saudi Arabia,iOS,0
U_05607,2026-01-21 15:20:49.684968,UAE,Andriod,1
U_05608,2026-01-21 16:13:23.600360,Bahrain,Andriod,0
U_05609,2026-01-21 17:05:57.515751,Saudi Arabia,Andriod,0
U_05610,2026-01-21 17:58:31.431143,Saudi Arabia,Andriod,0
U_05611,2026-01-21 18:51:05.346534,Saudi Arabia,Andriod,0
U_05612,2026-01-21 19:43:39.261926,Saudi Arabia,Andriod,0
U_05613,2026-01-21 20:36:13.177317,UAE,iOS,0
U_05614,2026-01-21 21:28:47.092709,Saudi Arabia,iOS,0
U_05615,2026-01-21 22:21:21.008100,Saudi Arabia,Andriod,0
U_05616,2026-01-21 23:13:54.923492,UAE,iOS,0
U_05617,2026-01-22 00:06:28.838883,UAE,Andriod,0
U_05618,2026-01-22 00:59:02.754275,Saudi Arabia,Andriod,0
U_05619,2026-01-22 01:51:36.669666,Saudi Arabia,Web,0
U_05620,2026-01-22 02:44:10.585058,Saudi Arabia,Andriod,0
U_05621,2026-01-22 03:36:44.500450,Saudi Arabia,Andriod,0
U_05622,2026-01-22 04:29:18.415841,Bahrain,Andriod,0
U_05623,2026-01-22 05:21:52.331233,UAE,Andriod,0
U_05624,2026-01-22 06:14:26.246624,Kuwait,Andriod,0
U_05625,2026-01-22 07:07:00.162016,Saudi Arabia,Andriod,0
U_05626,2026-01-22 07:59:34.077407,UAE,iOS,0
U_05627,2026-01-22 08:52:07.992799,Saudi Arabia,Andriod,0
U_05628,2026-01-22 09:44:41.908190,Saudi Arabia,Andriod,0
U_05629,2026-01-22 10:37:15.823582,Saudi Arabia,Andriod,0
U_05630,2026-01-22 11:29:49.738973,Saudi Arabia,iOS,0
U_05631,2026-01-22 12:22:23.654365,Kuwait,Andriod,0
U_05632,2026-01-22 13:14:57.569756,Saudi Arabia,Andriod,0
U_05633,2026-01-22 14:07:31.485148,Saudi Arabia,Web,0
U_05634,2026-01-22 15:00:05.400540,Saudi Arabia,Andriod,0
U_05635,2026-01-22 15:52:39.315931,Saudi Arabia,Andriod,0
U_05636,2026-01-22 16:45:13.231323,Saudi Arabia,iOS,1
U_05637,2026-01-22 17:37:47.146714,Saudi Arabia,Andriod,0
U_05638,2026-01-22 18:30:21.062106,UAE,iOS,1
U_05639,2026-01-22 19:22:54.977497,Saudi Arabia,Andriod,0
U_05640,2026-01-22 20:15:28.892889,Saudi Arabia,Andriod,0
U_05641,2026-01-22 21:08:02.808280,Saudi Arabia,Andriod,0
U_05642,2026-01-22 22:00:36.723672,UAE,Andriod,0
U_05643,2026-01-22 22:53:10.639063,Saudi Arabia,Andriod,0
U_05644,2026-01-22 23:45:44.554455,Saudi Arabia,iOS,0
U_05645,2026-01-23 00:38:18.469846,Saudi Arabia,iOS,0
U_05646,2026-01-23 01:30:52.385238,Saudi Arabia,Web,1
U_05647,2026-01-23 02:23:26.300630,Saudi Arabia,Andriod,1
U_05648,2026-01-23 03:16:00.216021,Kuwait,Andriod,0
U_05649,2026-01-23 04:08:34.131413,Saudi Arabia,iOS,0
U_05650,2026-01-23 05:01:08.046804,Saudi Arabia,iOS,0
U_05651,2026-01-23 05:53:41.962196,Kuwait,iOS,0
U_05652,2026-01-23 06:46:15.877587,Saudi Arabia,iOS,0
U_05653,2026-01-23 07:38:49.792979,Saudi Arabia,Andriod,0
U_05654,2026-01-23 08:31:23.708370,Saudi Arabia,iOS,1
U_05655,2026-01-23 09:23:57.623762,Saudi Arabia,Andriod,0
U_05656,2026-01-23 10:16:31.539153,Saudi Arabia,iOS,0
U_05657,2026-01-23 11:09:05.454545,Saudi Arabia,iOS,1
U_05658,2026-01-23 12:01:39.369936,UAE,Web,0
U_05659,2026-01-23 12:54:13.285328,Qatar,iOS,0
U_05660,2026-01-23 13:46:47.200720,Saudi Arabia,iOS,0
U_05661,2026-01-23 14:39:21.116111,Saudi Arabia,iOS,0
U_05662,2026-01-23 15:31:55.031503,Saudi Arabia,iOS,0
U_05663,2026-01-23 16:24:28.946894,UAE,Andriod,0
U_05664,2026-01-23 17:17:02.862286,Saudi Arabia,iOS,0
U_05665,2026-01-23 18:09:36.777677,Saudi Arabia,Andriod,1
U_05666,2026-01-23 19:02:10.693069,Kuwait,Andriod,0
U_05667,2026-01-23 19:54:44.608460,Kuwait,Andriod,0
U_05668,2026-01-23 20:47:18.523852,UAE,iOS,0
U_05669,2026-01-23 21:39:52.439243,Saudi Arabia,Andriod,0
U_05670,2026-01-23 22:32:26.354635,Kuwait,iOS,0
U_05671,2026-01-23 23:25:00.270027,UAE,Andriod,0
U_05672,2026-01-24 00:17:34.185418,Saudi Arabia,Andriod,0
U_05673,2026-01-24 01:10:08.100810,Saudi Arabia,iOS,0
U_05674,2026-01-24 02:02:42.016201,Saudi Arabia,Andriod,0
U_05675,2026-01-24 02:55:15.931593,Qatar,Web,0
U_05676,2026-01-24 03:47:49.846984,Saudi Arabia,Andriod,0
U_05677,2026-01-24 04:40:23.762376,Saudi Arabia,iOS,0
U_05678,2026-01-24 05:32:57.677767,Saudi Arabia,Andriod,0
U_05679,2026-01-24 06:25:31.593159,Kuwait,Web,0
U_05680,2026-01-24 07:18:05.508550,Saudi Arabia,iOS,1
U_05681,2026-01-24 08:10:39.423942,Saudi Arabia,Andriod,0
U_05682,2026-01-24 09:03:13.339333,Saudi Arabia,iOS,0
U_05683,2026-01-24 09:55:47.254725,Bahrain,iOS,0
U_05684,2026-01-24 10:48:21.170117,Saudi Arabia,Andriod,0
U_05685,2026-01-24 11:40:55.085508,Saudi Arabia,Andriod,0
U_05686,2026-01-24 12:33:29.000900,Kuwait,Andriod,0
U_05687,2026-01-24 13:26:02.916291,Saudi Arabia,Web,0
U_05688,2026-01-24 14:18:36.831683,Bahrain,iOS,0
U_05689,2026-01-24 15:11:10.747074,Saudi Arabia,iOS,0
U_05690,2026-01-24 16:03:44.662466,Saudi Arabia,Web,0
U_05691,2026-01-24 16:56:18.577857,Saudi Arabia,iOS,0
U_05692,2026-01-24 17:48:52.493249,Saudi Arabia,Andriod,0
U_05693,2026-01-24 18:41:26.408640,Saudi Arabia,Andriod,1
U_05694,2026-01-24 19:34:00.324032,Saudi Arabia,iOS,0
U_05695,2026-01-24 20:26:34.239423,Kuwait,iOS,0
U_05696,2026-01-24 21:19:08.154815,Saudi Arabia,Andriod,0
U_05697,2026-01-24 22:11:42.070207,Saudi Arabia,Andriod,0
U_05698,2026-01-24 23:04:15.985598,Saudi Arabia,Andriod,0
U_05699,2026-01-24 23:56:49.900990,Other,Andriod,0
U_05700,2026-01-25 00:49:23.816381,Saudi Arabia,Andriod,0
U_05701,2026-01-25 01:41:57.731773,Saudi Arabia,iOS,0
U_05702,2026-01-25 02:34:31.647164,Saudi Arabia,iOS,0
U_05703,2026-01-25 03:27:05.562556,Saudi Arabia,Andriod,0
U_05704,2026-01-25 04:19:39.477947,Saudi Arabia,iOS,0
U_05705,2026-01-25 05:12:13.393339,Bahrain,iOS,0
U_05706,2026-01-25 06:04:47.308730,Saudi Arabia,Andriod,0
U_05707,2026-01-25 06:57:21.224122,Bahrain,Andriod,0
U_05708,2026-01-25 07:49:55.139513,Saudi Arabia,iOS,0
U_05709,2026-01-25 08:42:29.054905,Saudi Arabia,Andriod,0
U_05710,2026-01-25 09:35:02.970297,Bahrain,Andriod,0
U_05711,2026-01-25 10:27:36.885688,Saudi Arabia,iOS,0
U_05712,2026-01-25 11:20:10.801080,Qatar,Web,0
U_05713,2026-01-25 12:12:44.716471,Saudi Arabia,iOS,0
U_05714,2026-01-25 13:05:18.631863,Qatar,Andriod,0
U_05715,2026-01-25 13:57:52.547254,Saudi Arabia,iOS,0
U_05716,2026-01-25 14:50:26.462646,Saudi Arabia,Andriod,1
U_05717,2026-01-25 15:43:00.378037,Saudi Arabia,iOS,0
U_05718,2026-01-25 16:35:34.293429,Saudi Arabia,Andriod,0
U_05719,2026-01-25 17:28:08.208820,Saudi Arabia,iOS,0
U_05720,2026-01-25 18:20:42.124212,Saudi Arabia,Andriod,0
U_05721,2026-01-25 19:13:16.039603,Saudi Arabia,Andriod,0
U_05722,2026-01-25 20:05:49.954995,Saudi Arabia,iOS,0
U_05723,2026-01-25 20:58:23.870387,Kuwait,Andriod,0
U_05724,2026-01-25 21:50:57.785778,Saudi Arabia,iOS,1
U_05725,2026-01-25 22:43:31.701170,Saudi Arabia,Web,0
U_05726,2026-01-25 23:36:05.616561,Saudi Arabia,iOS,0
U_05727,2026-01-26 00:28:39.531953,Saudi Arabia,Andriod,0
U_05728,2026-01-26 01:21:13.447344,Saudi Arabia,Andriod,0
U_05729,2026-01-26 02:13:47.362736,Saudi Arabia,iOS,0
U_05730,2026-01-26 03:06:21.278127,Bahrain,iOS,0
U_05731,2026-01-26 03:58:55.193519,UAE,Andriod,0
U_05732,2026-01-26 04:51:29.108910,Saudi Arabia,Andriod,0
U_05733,2026-01-26 05:44:03.024302,Saudi Arabia,Web,0
U_05734,2026-01-26 06:36:36.939693,Saudi Arabia,iOS,0
U_05735,2026-01-26 07:29:10.855085,Saudi Arabia,Andriod,0
U_05736,2026-01-26 08:21:44.770477,Saudi Arabia,iOS,0
U_05737,2026-01-26 09:14:18.685868,Saudi Arabia,iOS,0
U_05738,2026-01-26 10:06:52.601260,Saudi Arabia,Andriod,0
U_05739,2026-01-26 10:59:26.516651,Saudi Arabia,iOS,0
U_05740,2026-01-26 11:52:00.432043,Saudi Arabia,Andriod,0
U_05741,2026-01-26 12:44:34.347434,Bahrain,Andriod,0
U_05742,2026-01-26 13:37:08.262826,Saudi Arabia,Andriod,1
U_05743,2026-01-26 14:29:42.178217,UAE,Web,0
U_05744,2026-01-26 15:22:16.093609,Other,Andriod,0
U_05745,2026-01-26 16:14:50.009000,Saudi Arabia,Andriod,0
U_05746,2026-01-26 17:07:23.924392,Saudi Arabia,Andriod,0
U_05747,2026-01-26 17:59:57.839783,Saudi Arabia,Andriod,0
U_05748,2026-01-26 18:52:31.755175,Qatar,iOS,0
U_05749,2026-01-26 19:45:05.670567,Other,iOS,1
U_05750,2026-01-26 20:37:39.585958,Saudi Arabia,iOS,0
U_05751,2026-01-26 21:30:13.501350,Saudi Arabia,Andriod,1
U_05752,2026-01-26 22:22:47.416741,Kuwait,Andriod,0
U_05753,2026-01-26 23:15:21.332133,Saudi Arabia,iOS,1
U_05754,2026-01-27 00:07:55.247524,Kuwait,iOS,0
U_05755,2026-01-27 01:00:29.162916,Bahrain,Web,0
U_05756,2026-01-27 01:53:03.078307,Saudi Arabia,Andriod,0
U_05757,2026-01-27 02:45:36.993699,Saudi Arabia,Andriod,1
U_05758,2026-01-27 03:38:10.909090,Saudi Arabia,iOS,0
U_05759,2026-01-27 04:30:44.824482,Saudi Arabia,iOS,0
U_05760,2026-01-27 05:23:18.739873,Saudi Arabia,iOS,0
U_05761,2026-01-27 06:15:52.655265,Kuwait,iOS,0
U_05762,2026-01-27 07:08:26.570657,Qatar,iOS,0
U_05763,2026-01-27 08:01:00.486048,Qatar,Andriod,0
U_05764,2026-01-27 08:53:34.401440,Saudi Arabia,iOS,0
U_05765,2026-01-27 09:46:08.316831,UAE,iOS,0
U_05766,2026-01-27 10:38:42.232223,Kuwait,iOS,0
U_05767,2026-01-27 11:31:16.147614,Saudi Arabia,Andriod,0
U_05768,2026-01-27 12:23:50.063006,Saudi Arabia,Andriod,1
U_05769,2026-01-27 13:16:23.978397,Saudi Arabia,Andriod,0
U_05770,2026-01-27 14:08:57.893789,Bahrain,iOS,0
U_05771,2026-01-27 15:01:31.809180,Saudi Arabia,iOS,0
U_05772,2026-01-27 15:54:05.724572,Kuwait,iOS,1
U_05773,2026-01-27 16:46:39.639963,Saudi Arabia,iOS,0
U_05774,2026-01-27 17:39:13.555355,Kuwait,Andriod,0
U_05775,2026-01-27 18:31:47.470747,Saudi Arabia,Web,1
U_05776,2026-01-27 19:24:21.386138,Saudi Arabia,Andriod,0
U_05777,2026-01-27 20:16:55.301530,Saudi Arabia,Web,0
U_05778,2026-01-27 21:09:29.216921,Saudi Arabia,Andriod,0
U_05779,2026-01-27 22:02:03.132313,UAE,iOS,0
U_05780,2026-01-27 22:54:37.047704,Saudi Arabia,Web,0
U_05781,2026-01-27 23:47:10.963096,Saudi Arabia,iOS,0
U_05782,2026-01-28 00:39:44.878487,Saudi Arabia,Andriod,0
U_05783,2026-01-28 01:32:18.793879,Saudi Arabia,iOS,0
U_05784,2026-01-28 02:24:52.709270,Saudi Arabia,iOS,1
U_05785,2026-01-28 03:17:26.624662,Saudi Arabia,Andriod,0
U_05786,2026-01-28 04:10:00.540054,Bahrain,Andriod,0
U_05787,2026-01-28 05:02:34.455445,Saudi Arabia,iOS,0
U_05788,2026-01-28 05:55:08.370837,UAE,iOS,0
U_05789,2026-01-28 06:47:42.286228,Other,iOS,0
U_05790,2026-01-28 07:40:16.201620,Saudi Arabia,Web,0
U_05791,2026-01-28 08:32:50.117011,Saudi Arabia,Andriod,0
U_05792,2026-01-28 09:25:24.032403,Saudi Arabia,Andriod,0
U_05793,2026-01-28 10:17:57.947794,Qatar,iOS,0
U_05794,2026-01-28 11:10:31.863186,Bahrain,Andriod,0
U_05795,2026-01-28 12:03:05.778577,Saudi Arabia,iOS,0
U_05796,2026-01-28 12:55:39.693969,Kuwait,iOS,0
U_05797,2026-01-28 13:48:13.609360,Saudi Arabia,iOS,0
U_05798,2026-01-28 14:40:47.524752,Qatar,Andriod,0
U_05799,2026-01-28 15:33:21.440144,Qatar,iOS,0
U_05800,2026-01-28 16:25:55.355535,Saudi Arabia,iOS,0
U_05801,2026-01-28 17:18:29.270927,Saudi Arabia,Andriod,0
U_05802,2026-01-28 18:11:03.186318,Saudi Arabia,iOS,0
U_05803,2026-01-28 19:03:37.101710,Saudi Arabia,Andriod,0
U_05804,2026-01-28 19:56:11.017101,UAE,Andriod,0
U_05805,2026-01-28 20:48:44.932493,Saudi Arabia,Andriod,0
U_05806,2026-01-28 21:41:18.847884,Saudi Arabia,iOS,0
U_05807,2026-01-28 22:33:52.763276,Saudi Arabia,iOS,1
U_05808,2026-01-28 23:26:26.678667,Other,Andriod,0
U_05809,2026-01-29 00:19:00.594059,Saudi Arabia,Andriod,0
U_05810,2026-01-29 01:11:34.509450,Saudi Arabia,iOS,1
U_05811,2026-01-29 02:04:08.424842,Saudi Arabia,iOS,0
U_05812,2026-01-29 02:56:42.340234,Other,iOS,1
U_05813,2026-01-29 03:49:16.255625,UAE,Andriod,0
U_05814,2026-01-29 04:41:50.171017,Saudi Arabia,Andriod,0
U_05815,2026-01-29 05:34:24.086408,Saudi Arabia,iOS,0
U_05816,2026-01-29 06:26:58.001800,Saudi Arabia,Andriod,0
U_05817,2026-01-29 07:19:31.917191,Saudi Arabia,Andriod,0
U_05818,2026-01-29 08:12:05.832583,Saudi Arabia,Web,0
U_05819,2026-01-29 09:04:39.747974,Bahrain,iOS,0
U_05820,2026-01-29 09:57:13.663366,Saudi Arabia,iOS,0
U_05821,2026-01-29 10:49:47.578757,UAE,iOS,0
U_05822,2026-01-29 11:42:21.494149,Saudi Arabia,Andriod,0
U_05823,2026-01-29 12:34:55.409540,Kuwait,Andriod,0
U_05824,2026-01-29 13:27:29.324932,Kuwait,Andriod,0
U_05825,2026-01-29 14:20:03.240324,Saudi Arabia,iOS,0
U_05826,2026-01-29 15:12:37.155715,Saudi Arabia,iOS,0
U_05827,2026-01-29 16:05:11.071107,Saudi Arabia,iOS,0
U_05828,2026-01-29 16:57:44.986498,Saudi Arabia,Andriod,0
U_05829,2026-01-29 17:50:18.901890,Saudi Arabia,iOS,0
U_05830,2026-01-29 18:42:52.817281,Saudi Arabia,iOS,0
U_05831,2026-01-29 19:35:26.732673,Other,Andriod,0
U_05832,2026-01-29 20:28:00.648064,Saudi Arabia,iOS,0
U_05833,2026-01-29 21:20:34.563456,UAE,Andriod,1
U_05834,2026-01-29 22:13:08.478847,Saudi Arabia,iOS,0
U_05835,2026-01-29 23:05:42.394239,Kuwait,Andriod,0
U_05836,2026-01-29 23:58:16.309630,Saudi Arabia,Andriod,0
U_05837,2026-01-30 00:50:50.225022,Bahrain,Web,0
U_05838,2026-01-30 01:43:24.140414,Saudi Arabia,Andriod,0
U_05839,2026-01-30 02:35:58.055805,Saudi Arabia,Web,0
U_05840,2026-01-30 03:28:31.971197,Saudi Arabia,Andriod,0
U_05841,2026-01-30 04:21:05.886588,Saudi Arabia,Andriod,0
U_05842,2026-01-30 05:13:39.801980,Saudi Arabia,Web,0
U_05843,2026-01-30 06:06:13.717371,Saudi Arabia,iOS,1
U_05844,2026-01-30 06:58:47.632763,Saudi Arabia,iOS,0
U_05845,2026-01-30 07:51:21.548154,UAE,iOS,0
U_05846,2026-01-30 08:43:55.463546,Saudi Arabia,Andriod,0
U_05847,2026-01-30 09:36:29.378937,Saudi Arabia,Andriod,0
U_05848,2026-01-30 10:29:03.294329,Kuwait,Andriod,0
U_05849,2026-01-30 11:21:37.209720,Saudi Arabia,iOS,1
U_05850,2026-01-30 12:14:11.125112,Saudi Arabia,Andriod,0
U_05851,2026-01-30 13:06:45.040504,Saudi Arabia,iOS,0
U_05852,2026-01-30 13:59:18.955895,Qatar,Andriod,0
U_05853,2026-01-30 14:51:52.871287,UAE,iOS,0
U_05854,2026-01-30 15:44:26.786678,UAE,Web,0
U_05855,2026-01-30 16:37:00.702070,Saudi Arabia,iOS,0
U_05856,2026-01-30 17:29:34.617461,Kuwait,iOS,0
U_05857,2026-01-30 18:22:08.532853,Saudi Arabia,Andriod,0
U_05858,2026-01-30 19:14:42.448244,Saudi Arabia,Andriod,0
U_05859,2026-01-30 20:07:16.363636,Saudi Arabia,iOS,1
U_05860,2026-01-30 20:59:50.279027,Saudi Arabia,Andriod,0
U_05861,2026-01-30 21:52:24.194419,Saudi Arabia,iOS,0
U_05862,2026-01-30 22:44:58.109810,Saudi Arabia,Web,0
U_05863,2026-01-30 23:37:32.025202,Saudi Arabia,Andriod,1
U_05864,2026-01-31 00:30:05.940594,Saudi Arabia,iOS,0
U_05865,2026-01-31 01:22:39.855985,Kuwait,Andriod,0
U_05866,2026-01-31 02:15:13.771377,Saudi Arabia,iOS,0
U_05867,2026-01-31 03:07:47.686768,Kuwait,Andriod,0
U_05868,2026-01-31 04:00:21.602160,Saudi Arabia,Web,0
U_05869,2026-01-31 04:52:55.517551,UAE,Andriod,0
U_05870,2026-01-31 05:45:29.432943,Saudi Arabia,iOS,1
U_05871,2026-01-31 06:38:03.348334,Saudi Arabia,iOS,0
U_05872,2026-01-31 07:30:37.263726,Saudi Arabia,iOS,0
U_05873,2026-01-31 08:23:11.179117,Saudi Arabia,Andriod,1
U_05874,2026-01-31 09:15:45.094509,UAE,Andriod,0
U_05875,2026-01-31 10:08:19.009900,Saudi Arabia,Andriod,0
U_05876,2026-01-31 11:00:52.925292,Saudi Arabia,Web,0
U_05877,2026-01-31 11:53:26.840684,UAE,iOS,0
U_05878,2026-01-31 12:46:00.756075,Saudi Arabia,iOS,0
U_05879,2026-01-31 13:38:34.671467,Saudi Arabia,iOS,0
U_05880,2026-01-31 14:31:08.586858,Saudi Arabia,iOS,0
U_05881,2026-01-31 15:23:42.502250,Saudi Arabia,iOS,0
U_05882,2026-01-31 16:16:16.417641,Saudi Arabia,Andriod,0
U_05883,2026-01-31 17:08:50.333033,Saudi Arabia,iOS,0
U_05884,2026-01-31 18:01:24.248424,Other,iOS,0
U_05885,2026-01-31 18:53:58.163816,Saudi Arabia,Andriod,0
U_05886,2026-01-31 19:46:32.079207,Saudi Arabia,iOS,0
U_05887,2026-01-31 20:39:05.994599,Saudi Arabia,Andriod,0
U_05888,2026-01-31 21:31:39.909991,Bahrain,iOS,0
U_05889,2026-01-31 22:24:13.825382,UAE,Andriod,0
U_05890,2026-01-31 23:16:47.740774,Saudi Arabia,Web,0
U_05891,2026-02-01 00:09:21.656165,Kuwait,iOS,1
U_05892,2026-02-01 01:01:55.571557,Saudi Arabia,Andriod,0
U_05893,2026-02-01 01:54:29.486948,Saudi Arabia,Andriod,0
U_05894,2026-02-01 02:47:03.402340,Saudi Arabia,Andriod,0
U_05895,2026-02-01 03:39:37.317731,Saudi Arabia,iOS,0
U_05896,2026-02-01 04:32:11.233123,Saudi Arabia,iOS,1
U_05897,2026-02-01 05:24:45.148514,Bahrain,Andriod,0
U_05898,2026-02-01 06:17:19.063906,Saudi Arabia,Andriod,0
U_05899,2026-02-01 07:09:52.979297,Qatar,iOS,0
U_05900,2026-02-01 08:02:26.894689,Saudi Arabia,iOS,0
U_05901,2026-02-01 08:55:00.810081,Saudi Arabia,iOS,0
U_05902,2026-02-01 09:47:34.725472,Saudi Arabia,iOS,0
U_05903,2026-02-01 10:40:08.640864,Saudi Arabia,iOS,0
U_05904,2026-02-01 11:32:42.556255,Saudi Arabia,iOS,0
U_05905,2026-02-01 12:25:16.471647,Saudi Arabia,iOS,0
U_05906,2026-02-01 13:17:50.387038,Saudi Arabia,iOS,0
U_05907,2026-02-01 14:10:24.302430,Saudi Arabia,Web,0
U_05908,2026-02-01 15:02:58.217821,Kuwait,iOS,0
U_05909,2026-02-01 15:55:32.133213,Saudi Arabia,iOS,0
U_05910,2026-02-01 16:48:06.048604,Saudi Arabia,iOS,0
U_05911,2026-02-01 17:40:39.963996,Saudi Arabia,Web,0
U_05912,2026-02-01 18:33:13.879387,Bahrain,Andriod,0
U_05913,2026-02-01 19:25:47.794779,Kuwait,Andriod,0
U_05914,2026-02-01 20:18:21.710171,Saudi Arabia,iOS,0
U_05915,2026-02-01 21:10:55.625562,Saudi Arabia,Andriod,1
U_05916,2026-02-01 22:03:29.540954,Saudi Arabia,Andriod,1
U_05917,2026-02-01 22:56:03.456345,Other,iOS,0
U_05918,2026-02-01 23:48:37.371737,Saudi Arabia,Andriod,0
U_05919,2026-02-02 00:41:11.287128,Saudi Arabia,Andriod,1
U_05920,2026-02-02 01:33:45.202520,Saudi Arabia,Andriod,0
U_05921,2026-02-02 02:26:19.117911,Saudi Arabia,Andriod,0
U_05922,2026-02-02 03:18:53.033303,Qatar,Web,1
U_05923,2026-02-02 04:11:26.948694,Saudi Arabia,iOS,0
U_05924,2026-02-02 05:04:00.864086,Saudi Arabia,Andriod,0
U_05925,2026-02-02 05:56:34.779477,Saudi Arabia,iOS,0
U_05926,2026-02-02 06:49:08.694869,Kuwait,Andriod,0
U_05927,2026-02-02 07:41:42.610261,Kuwait,iOS,0
U_05928,2026-02-02 08:34:16.525652,Saudi Arabia,Andriod,0
U_05929,2026-02-02 09:26:50.441044,Saudi Arabia,iOS,0
U_05930,2026-02-02 10:19:24.356435,Bahrain,iOS,1
U_05931,2026-02-02 11:11:58.271827,Saudi Arabia,iOS,0
U_05932,2026-02-02 12:04:32.187218,Saudi Arabia,iOS,0
U_05933,2026-02-02 12:57:06.102610,Saudi Arabia,Andriod,0
U_05934,2026-02-02 13:49:40.018001,Other,iOS,0
U_05935,2026-02-02 14:42:13.933393,Saudi Arabia,Andriod,0
U_05936,2026-02-02 15:34:47.848784,Kuwait,iOS,0
U_05937,2026-02-02 16:27:21.764176,Saudi Arabia,iOS,0
U_05938,2026-02-02 17:19:55.679567,Saudi Arabia,iOS,0
U_05939,2026-02-02 18:12:29.594959,Saudi Arabia,iOS,0
U_05940,2026-02-02 19:05:03.510351,Saudi Arabia,Andriod,0
U_05941,2026-02-02 19:57:37.425742,Saudi Arabia,Andriod,0
U_05942,2026-02-02 20:50:11.341134,Saudi Arabia,iOS,0
U_05943,2026-02-02 21:42:45.256525,Saudi Arabia,Andriod,1
U_05944,2026-02-02 22:35:19.171917,UAE,iOS,0
U_05945,2026-02-02 23:27:53.087308,Qatar,iOS,0
U_05946,2026-02-03 00:20:27.002700,Saudi Arabia,Andriod,1
U_05947,2026-02-03 01:13:00.918091,Saudi Arabia,iOS,0
U_05948,2026-02-03 02:05:34.833483,Saudi Arabia,Andriod,1
U_05949,2026-02-03 02:58:08.748874,Saudi Arabia,Andriod,0
U_05950,2026-02-03 03:50:42.664266,UAE,Andriod,0
U_05951,2026-02-03 04:43:16.579657,Saudi Arabia,Web,0
U_05952,2026-02-03 05:35:50.495049,Saudi Arabia,iOS,0
U_05953,2026-02-03 06:28:24.410441,Kuwait,iOS,0
U_05954,2026-02-03 07:20:58.325832,Saudi Arabia,iOS,0
U_05955,2026-02-03 08:13:32.241224,Saudi Arabia,iOS,0
U_05956,2026-02-03 09:06:06.156615,Saudi Arabia,Andriod,0
U_05957,2026-02-03 09:58:40.072007,Saudi Arabia,Andriod,0
U_05958,2026-02-03 10:51:13.987398,Saudi Arabia,Andriod,0
U_05959,2026-02-03 11:43:47.902790,Kuwait,Andriod,0
U_05960,2026-02-03 12:36:21.818181,UAE,iOS,0
U_05961,2026-02-03 13:28:55.733573,Saudi Arabia,Andriod,0
U_05962,2026-02-03 14:21:29.648964,Qatar,Andriod,1
U_05963,2026-02-03 15:14:03.564356,Saudi Arabia,Andriod,0
U_05964,2026-02-03 16:06:37.479747,Kuwait,iOS,0
U_05965,2026-02-03 16:59:11.395139,Saudi Arabia,Andriod,0
U_05966,2026-02-03 17:51:45.310531,Bahrain,iOS,1
U_05967,2026-02-03 18:44:19.225922,Bahrain,Andriod,0
U_05968,2026-02-03 19:36:53.141314,Saudi Arabia,Andriod,0
U_05969,2026-02-03 20:29:27.056705,Qatar,iOS,0
U_05970,2026-02-03 21:22:00.972097,UAE,Andriod,1
U_05971,2026-02-03 22:14:34.887488,Kuwait,Andriod,0
U_05972,2026-02-03 23:07:08.802880,Saudi Arabia,iOS,0
U_05973,2026-02-03 23:59:42.718271,UAE,Web,0
U_05974,2026-02-04 00:52:16.633663,UAE,Andriod,0
U_05975,2026-02-04 01:44:50.549054,Saudi Arabia,Andriod,0
U_05976,2026-02-04 02:37:24.464446,Qatar,Andriod,1
U_05977,2026-02-04 03:29:58.379837,Saudi Arabia,Andriod,0
U_05978,2026-02-04 04:22:32.295229,Saudi Arabia,Andriod,1
U_05979,2026-02-04 05:15:06.210621,Saudi Arabia,iOS,0
U_05980,2026-02-04 06:07:40.126012,Saudi Arabia,iOS,0
U_05981,2026-02-04 07:00:14.041404,Saudi Arabia,Andriod,0
U_05982,2026-02-04 07:52:47.956795,Saudi Arabia,Andriod,0
U_05983,2026-02-04 08:45:21.872187,Qatar,Andriod,0
U_05984,2026-02-04 09:37:55.787578,Saudi Arabia,Andriod,1
U_05985,2026-02-04 10:30:29.702970,Saudi Arabia,Andriod,1
U_05986,2026-02-04 11:23:03.618361,Saudi Arabia,iOS,0
U_05987,2026-02-04 12:15:37.533753,Saudi Arabia,Web,0
U_05988,2026-02-04 13:08:11.449144,Qatar,iOS,0
U_05989,2026-02-04 14:00:45.364536,Saudi Arabia,Andriod,1
U_05990,2026-02-04 14:53:19.279927,UAE,Andriod,0
U_05991,2026-02-04 15:45:53.195319,Saudi Arabia,Andriod,0
U_05992,2026-02-04 16:38:27.110711,Saudi Arabia,iOS,0
U_05993,2026-02-04 17:31:01.026102,Saudi Arabia,Web,0
U_05994,2026-02-04 18:23:34.941494,Saudi Arabia,Andriod,0
U_05995,2026-02-04 19:16:08.856885,Saudi Arabia,Web,0
U_05996,2026-02-04 20:08:42.772277,Saudi Arabia,iOS,0
U_05997,2026-02-04 21:01:16.687668,Saudi Arabia,Andriod,1
U_05998,2026-02-04 21:53:50.603060,Kuwait,Andriod,0
U_05999,2026-02-04 22:46:24.518451,Saudi Arabia,Andriod,0
U_06000,2026-02-04 23:38:58.433843,Saudi Arabia,Web,0
U_06001,2026-02-05 00:31:32.349234,Saudi Arabia,iOS,0
U_06002,2026-02-05 01:24:06.264626,Saudi Arabia,iOS,0
U_06003,2026-02-05 02:16:40.180018,UAE,Andriod,0
U_06004,2026-02-05 03:09:14.095409,Saudi Arabia,iOS,0
U_06005,2026-02-05 04:01:48.010801,Saudi Arabia,Web,0
U_06006,2026-02-05 04:54:21.926192,Qatar,iOS,0
U_06007,2026-02-05 05:46:55.841584,Saudi Arabia,Andriod,0
U_06008,2026-02-05 06:39:29.756975,Saudi Arabia,iOS,0
U_06009,2026-02-05 07:32:03.672367,Saudi Arabia,Andriod,0
U_06010,2026-02-05 08:24:37.587758,Saudi Arabia,iOS,0
U_06011,2026-02-05 09:17:11.503150,UAE,iOS,0
U_06012,2026-02-05 10:09:45.418541,UAE,iOS,0
U_06013,2026-02-05 11:02:19.333933,Qatar,iOS,0
U_06014,2026-02-05 11:54:53.249324,Saudi Arabia,Web,0
U_06015,2026-02-05 12:47:27.164716,Saudi Arabia,iOS,0
U_06016,2026-02-05 13:40:01.080108,Kuwait,Andriod,0
U_06017,2026-02-05 14:32:34.995499,Saudi Arabia,Web,0
U_06018,2026-02-05 15:25:08.910891,Saudi Arabia,Andriod,1
U_06019,2026-02-05 16:17:42.826282,Saudi Arabia,Web,0
U_06020,2026-02-05 17:10:16.741674,Saudi Arabia,Web,0
U_06021,2026-02-05 18:02:50.657065,Saudi Arabia,Andriod,0
U_06022,2026-02-05 18:55:24.572457,UAE,Andriod,0
U_06023,2026-02-05 19:47:58.487848,UAE,iOS,0
U_06024,2026-02-05 20:40:32.403240,Saudi Arabia,Andriod,0
U_06025,2026-02-05 21:33:06.318631,Saudi Arabia,Andriod,0
U_06026,2026-02-05 22:25:40.234023,Saudi Arabia,Andriod,0
U_06027,2026-02-05 23:18:14.149414,UAE,Andriod,0
U_06028,2026-02-06 00:10:48.064806,Saudi Arabia,Andriod,0
U_06029,2026-02-06 01:03:21.980198,Kuwait,iOS,0
U_06030,2026-02-06 01:55:55.895589,Saudi Arabia,Andriod,1
U_06031,2026-02-06 02:48:29.810981,Saudi Arabia,Andriod,0
U_06032,2026-02-06 03:41:03.726372,Saudi Arabia,iOS,0
U_06033,2026-02-06 04:33:37.641764,Kuwait,Andriod,0
U_06034,2026-02-06 05:26:11.557155,Saudi Arabia,Andriod,0
U_06035,2026-02-06 06:18:45.472547,Saudi Arabia,Andriod,0
U_06036,2026-02-06 07:11:19.387938,Saudi Arabia,Andriod,0
U_06037,2026-02-06 08:03:53.303330,Kuwait,iOS,0
U_06038,2026-02-06 08:56:27.218721,UAE,Andriod,0
U_06039,2026-02-06 09:49:01.134113,Saudi Arabia,Andriod,0
U_06040,2026-02-06 10:41:35.049504,UAE,iOS,0
U_06041,2026-02-06 11:34:08.964896,Saudi Arabia,iOS,0
U_06042,2026-02-06 12:26:42.880288,Saudi Arabia,Andriod,0
U_06043,2026-02-06 13:19:16.795679,Saudi Arabia,iOS,0
U_06044,2026-02-06 14:11:50.711071,Saudi Arabia,Andriod,0
U_06045,2026-02-06 15:04:24.626462,Kuwait,iOS,0
U_06046,2026-02-06 15:56:58.541854,Kuwait,Andriod,0
U_06047,2026-02-06 16:49:32.457245,Saudi Arabia,Web,0
U_06048,2026-02-06 17:42:06.372637,Saudi Arabia,iOS,0
U_06049,2026-02-06 18:34:40.288028,UAE,Andriod,0
U_06050,2026-02-06 19:27:14.203420,Qatar,Andriod,0
U_06051,2026-02-06 20:19:48.118811,Saudi Arabia,Andriod,0
U_06052,2026-02-06 21:12:22.034203,Qatar,Andriod,0
U_06053,2026-02-06 22:04:55.949594,Saudi Arabia,Andriod,0
U_06054,2026-02-06 22:57:29.864986,Saudi Arabia,Andriod,0
U_06055,2026-02-06 23:50:03.780378,UAE,Andriod,0
U_06056,2026-02-07 00:42:37.695769,Saudi Arabia,Andriod,0
U_06057,2026-02-07 01:35:11.611161,Saudi Arabia,iOS,0
U_06058,2026-02-07 02:27:45.526552,Saudi Arabia,Web,0
U_06059,2026-02-07 03:20:19.441944,UAE,Andriod,1
U_06060,2026-02-07 04:12:53.357335,UAE,iOS,0
U_06061,2026-02-07 05:05:27.272727,Saudi Arabia,iOS,0
U_06062,2026-02-07 05:58:01.188118,Saudi Arabia,iOS,0
U_06063,2026-02-07 06:50:35.103510,Saudi Arabia,iOS,0
U_06064,2026-02-07 07:43:09.018901,Saudi Arabia,iOS,1
U_06065,2026-02-07 08:35:42.934293,Saudi Arabia,iOS,0
U_06066,2026-02-07 09:28:16.849684,Kuwait,Andriod,0
U_06067,2026-02-07 10:20:50.765076,Saudi Arabia,iOS,1
U_06068,2026-02-07 11:13:24.680468,Saudi Arabia,iOS,0
U_06069,2026-02-07 12:05:58.595859,Saudi Arabia,iOS,0
U_06070,2026-02-07 12:58:32.511251,Saudi Arabia,iOS,1
U_06071,2026-02-07 13:51:06.426642,Qatar,iOS,0
U_06072,2026-02-07 14:43:40.342034,Saudi Arabia,Andriod,1
U_06073,2026-02-07 15:36:14.257425,Saudi Arabia,Web,0
U_06074,2026-02-07 16:28:48.172817,Saudi Arabia,Andriod,0
U_06075,2026-02-07 17:21:22.088208,Saudi Arabia,Andriod,1
U_06076,2026-02-07 18:13:56.003600,Saudi Arabia,iOS,0
U_06077,2026-02-07 19:06:29.918991,Saudi Arabia,iOS,0
U_06078,2026-02-07 19:59:03.834383,Saudi Arabia,iOS,0
U_06079,2026-02-07 20:51:37.749774,Saudi Arabia,Andriod,0
U_06080,2026-02-07 21:44:11.665166,Saudi Arabia,iOS,1
U_06081,2026-02-07 22:36:45.580558,Saudi Arabia,Andriod,0
U_06082,2026-02-07 23:29:19.495949,Qatar,iOS,0
U_06083,2026-02-08 00:21:53.411341,Saudi Arabia,iOS,0
U_06084,2026-02-08 01:14:27.326732,Saudi Arabia,Web,1
U_06085,2026-02-08 02:07:01.242124,Saudi Arabia,Andriod,0
U_06086,2026-02-08 02:59:35.157515,Saudi Arabia,Andriod,0
U_06087,2026-02-08 03:52:09.072907,Kuwait,Andriod,0
U_06088,2026-02-08 04:44:42.988298,Saudi Arabia,Andriod,0
U_06089,2026-02-08 05:37:16.903690,Kuwait,Andriod,0
U_06090,2026-02-08 06:29:50.819081,Saudi Arabia,Web,0
U_06091,2026-02-08 07:22:24.734473,Saudi Arabia,iOS,0
U_06092,2026-02-08 08:14:58.649864,Kuwait,Andriod,0
U_06093,2026-02-08 09:07:32.565256,Saudi Arabia,Andriod,0
U_06094,2026-02-08 10:00:06.480648,Saudi Arabia,iOS,1
U_06095,2026-02-08 10:52:40.396039,Saudi Arabia,Andriod,0
U_06096,2026-02-08 11:45:14.311431,Kuwait,Web,0
U_06097,2026-02-08 12:37:48.226822,Saudi Arabia,Andriod,0
U_06098,2026-02-08 13:30:22.142214,UAE,iOS,1
U_06099,2026-02-08 14:22:56.057605,Saudi Arabia,Andriod,0
U_06100,2026-02-08 15:15:29.972997,UAE,Andriod,0
U_06101,2026-02-08 16:08:03.888388,Saudi Arabia,Andriod,0
U_06102,2026-02-08 17:00:37.803780,Kuwait,iOS,0
U_06103,2026-02-08 17:53:11.719171,Saudi Arabia,Andriod,0
U_06104,2026-02-08 18:45:45.634563,Bahrain,iOS,0
U_06105,2026-02-08 19:38:19.549954,Saudi Arabia,Andriod,0
U_06106,2026-02-08 20:30:53.465346,Saudi Arabia,iOS,0
U_06107,2026-02-08 21:23:27.380738,Saudi Arabia,Andriod,0
U_06108,2026-02-08 22:16:01.296129,Saudi Arabia,Andriod,0
U_06109,2026-02-08 23:08:35.211521,Saudi Arabia,iOS,0
U_06110,2026-02-09 00:01:09.126912,Qatar,iOS,0
U_06111,2026-02-09 00:53:43.042304,Qatar,iOS,0
U_06112,2026-02-09 01:46:16.957695,Saudi Arabia,iOS,1
U_06113,2026-02-09 02:38:50.873087,Bahrain,iOS,0
U_06114,2026-02-09 03:31:24.788478,Saudi Arabia,Web,0
U_06115,2026-02-09 04:23:58.703870,Saudi Arabia,Andriod,0
U_06116,2026-02-09 05:16:32.619261,Kuwait,Andriod,0
U_06117,2026-02-09 06:09:06.534653,Saudi Arabia,Web,0
U_06118,2026-02-09 07:01:40.450045,Other,iOS,0
U_06119,2026-02-09 07:54:14.365436,Saudi Arabia,iOS,0
U_06120,2026-02-09 08:46:48.280828,Saudi Arabia,iOS,0
U_06121,2026-02-09 09:39:22.196219,Saudi Arabia,Andriod,0
U_06122,2026-02-09 10:31:56.111611,Saudi Arabia,Andriod,0
U_06123,2026-02-09 11:24:30.027002,Saudi Arabia,iOS,0
U_06124,2026-02-09 12:17:03.942394,Other,iOS,0
U_06125,2026-02-09 13:09:37.857785,UAE,Andriod,0
U_06126,2026-02-09 14:02:11.773177,Kuwait,Andriod,0
U_06127,2026-02-09 14:54:45.688568,Saudi Arabia,Andriod,0
U_06128,2026-02-09 15:47:19.603960,Saudi Arabia,iOS,0
U_06129,2026-02-09 16:39:53.519351,Saudi Arabia,Web,0
U_06130,2026-02-09 17:32:27.434743,Saudi Arabia,Andriod,0
U_06131,2026-02-09 18:25:01.350135,Saudi Arabia,Andriod,0
U_06132,2026-02-09 19:17:35.265526,Kuwait,Web,0
U_06133,2026-02-09 20:10:09.180918,Saudi Arabia,Web,0
U_06134,2026-02-09 21:02:43.096309,Saudi Arabia,iOS,0
U_06135,2026-02-09 21:55:17.011701,Saudi Arabia,iOS,0
U_06136,2026-02-09 22:47:50.927092,Saudi Arabia,Andriod,0
U_06137,2026-02-09 23:40:24.842484,Saudi Arabia,Andriod,0
U_06138,2026-02-10 00:32:58.757875,Qatar,Andriod,0
U_06139,2026-02-10 01:25:32.673267,Saudi Arabia,Web,0
U_06140,2026-02-10 02:18:06.588658,UAE,iOS,0
U_06141,2026-02-10 03:10:40.504050,Saudi Arabia,Andriod,0
U_06142,2026-02-10 04:03:14.419441,Saudi Arabia,iOS,0
U_06143,2026-02-10 04:55:48.334833,Saudi Arabia,Andriod,0
U_06144,2026-02-10 05:48:22.250225,UAE,Web,0
U_06145,2026-02-10 06:40:56.165616,Kuwait,Andriod,0
U_06146,2026-02-10 07:33:30.081008,Saudi Arabia,iOS,0
U_06147,2026-02-10 08:26:03.996399,Saudi Arabia,Andriod,0
U_06148,2026-02-10 09:18:37.911791,Saudi Arabia,Andriod,0
U_06149,2026-02-10 10:11:11.827182,Saudi Arabia,iOS,0
U_06150,2026-02-10 11:03:45.742574,Qatar,Andriod,0
U_06151,2026-02-10 11:56:19.657965,Saudi Arabia,Web,1
U_06152,2026-02-10 12:48:53.573357,Saudi Arabia,Andriod,0
U_06153,2026-02-10 13:41:27.488748,Saudi Arabia,Andriod,0
U_06154,2026-02-10 14:34:01.404140,Saudi Arabia,iOS,0
U_06155,2026-02-10 15:26:35.319531,Saudi Arabia,Andriod,0
U_06156,2026-02-10 16:19:09.234923,Saudi Arabia,Andriod,0
U_06157,2026-02-10 17:11:43.150315,Kuwait,iOS,0
U_06158,2026-02-10 18:04:17.065706,Kuwait,iOS,0
U_06159,2026-02-10 18:56:50.981098,Saudi Arabia,iOS,1
U_06160,2026-02-10 19:49:24.896489,UAE,iOS,0
U_06161,2026-02-10 20:41:58.811881,Saudi Arabia,Andriod,0
U_06162,2026-02-10 21:34:32.727272,Saudi Arabia,Andriod,0
U_06163,2026-02-10 22:27:06.642664,Saudi Arabia,Andriod,0
U_06164,2026-02-10 23:19:40.558055,Saudi Arabia,iOS,0
U_06165,2026-02-11 00:12:14.473447,Saudi Arabia,Andriod,0
U_06166,2026-02-11 01:04:48.388838,Saudi Arabia,Andriod,0
U_06167,2026-02-11 01:57:22.304230,Saudi Arabia,Andriod,1
U_06168,2026-02-11 02:49:56.219621,Other,Web,0
U_06169,2026-02-11 03:42:30.135013,Saudi Arabia,Andriod,0
U_06170,2026-02-11 04:35:04.050405,Saudi Arabia,Andriod,0
U_06171,2026-02-11 05:27:37.965796,Saudi Arabia,iOS,0
U_06172,2026-02-11 06:20:11.881188,Saudi Arabia,Andriod,0
U_06173,2026-02-11 07:12:45.796579,Saudi Arabia,Andriod,0
U_06174,2026-02-11 08:05:19.711971,UAE,Web,0
U_06175,2026-02-11 08:57:53.627362,Saudi Arabia,Web,0
U_06176,2026-02-11 09:50:27.542754,Saudi Arabia,iOS,0
U_06177,2026-02-11 10:43:01.458145,Saudi Arabia,Andriod,0
U_06178,2026-02-11 11:35:35.373537,Saudi Arabia,Andriod,0
U_06179,2026-02-11 12:28:09.288928,Saudi Arabia,Andriod,0
U_06180,2026-02-11 13:20:43.204320,Saudi Arabia,iOS,0
U_06181,2026-02-11 14:13:17.119711,Saudi Arabia,Andriod,0
U_06182,2026-02-11 15:05:51.035103,Saudi Arabia,Web,0
U_06183,2026-02-11 15:58:24.950495,Saudi Arabia,Andriod,0
U_06184,2026-02-11 16:50:58.865886,Qatar,iOS,0
U_06185,2026-02-11 17:43:32.781278,Saudi Arabia,iOS,0
U_06186,2026-02-11 18:36:06.696669,UAE,Andriod,0
U_06187,2026-02-11 19:28:40.612061,Kuwait,iOS,0
U_06188,2026-02-11 20:21:14.527452,Saudi Arabia,Web,0
U_06189,2026-02-11 21:13:48.442844,Saudi Arabia,Andriod,0
U_06190,2026-02-11 22:06:22.358235,Saudi Arabia,Andriod,0
U_06191,2026-02-11 22:58:56.273627,Saudi Arabia,Andriod,0
U_06192,2026-02-11 23:51:30.189018,Saudi Arabia,iOS,0
U_06193,2026-02-12 00:44:04.104410,Kuwait,Web,1
U_06194,2026-02-12 01:36:38.019801,Qatar,Andriod,0
U_06195,2026-02-12 02:29:11.935193,Saudi Arabia,Web,0
U_06196,2026-02-12 03:21:45.850585,Saudi Arabia,Andriod,0
U_06197,2026-02-12 04:14:19.765976,Saudi Arabia,Andriod,0
U_06198,2026-02-12 05:06:53.681368,UAE,iOS,0
U_06199,2026-02-12 05:59:27.596759,Saudi Arabia,Andriod,1
U_06200,2026-02-12 06:52:01.512151,Saudi Arabia,Andriod,0
U_06201,2026-02-12 07:44:35.427542,Kuwait,Andriod,0
U_06202,2026-02-12 08:37:09.342934,Saudi Arabia,Andriod,0
U_06203,2026-02-12 09:29:43.258325,Bahrain,iOS,0
U_06204,2026-02-12 10:22:17.173717,Saudi Arabia,Web,0
U_06205,2026-02-12 11:14:51.089108,Saudi Arabia,Web,0
U_06206,2026-02-12 12:07:25.004500,Qatar,iOS,0
U_06207,2026-02-12 12:59:58.919891,Saudi Arabia,Web,0
U_06208,2026-02-12 13:52:32.835283,Saudi Arabia,iOS,0
U_06209,2026-02-12 14:45:06.750675,Saudi Arabia,Andriod,0
U_06210,2026-02-12 15:37:40.666066,Saudi Arabia,iOS,0
U_06211,2026-02-12 16:30:14.581458,Saudi Arabia,Web,0
U_06212,2026-02-12 17:22:48.496849,Saudi Arabia,iOS,0
U_06213,2026-02-12 18:15:22.412241,Saudi Arabia,Andriod,0
U_06214,2026-02-12 19:07:56.327632,Saudi Arabia,Andriod,0
U_06215,2026-02-12 20:00:30.243024,Kuwait,iOS,0
U_06216,2026-02-12 20:53:04.158415,UAE,Andriod,0
U_06217,2026-02-12 21:45:38.073807,Saudi Arabia,iOS,0
U_06218,2026-02-12 22:38:11.989198,Saudi Arabia,Andriod,0
U_06219,2026-02-12 23:30:45.904590,Saudi Arabia,Web,0
U_06220,2026-02-13 00:23:19.819982,Saudi Arabia,Andriod,0
U_06221,2026-02-13 01:15:53.735373,Kuwait,Andriod,0
U_06222,2026-02-13 02:08:27.650765,Kuwait,iOS,0
U_06223,2026-02-13 03:01:01.566156,Saudi Arabia,iOS,0
U_06224,2026-02-13 03:53:35.481548,Saudi Arabia,Andriod,0
U_06225,2026-02-13 04:46:09.396939,Saudi Arabia,iOS,0
U_06226,2026-02-13 05:38:43.312331,Saudi Arabia,Web,0
U_06227,2026-02-13 06:31:17.227722,Saudi Arabia,iOS,1
U_06228,2026-02-13 07:23:51.143114,Other,Web,0
U_06229,2026-02-13 08:16:25.058505,Kuwait,iOS,0
U_06230,2026-02-13 09:08:58.973897,Saudi Arabia,Andriod,0
U_06231,2026-02-13 10:01:32.889288,Saudi Arabia,iOS,0
U_06232,2026-02-13 10:54:06.804680,Bahrain,iOS,0
U_06233,2026-02-13 11:46:40.720072,Saudi Arabia,Andriod,0
U_06234,2026-02-13 12:39:14.635463,Saudi Arabia,iOS,1
U_06235,2026-02-13 13:31:48.550855,Saudi Arabia,Andriod,1
U_06236,2026-02-13 14:24:22.466246,UAE,Andriod,0
U_06237,2026-02-13 15:16:56.381638,Saudi Arabia,iOS,0
U_06238,2026-02-13 16:09:30.297029,Saudi Arabia,Web,1
U_06239,2026-02-13 17:02:04.212421,UAE,Andriod,0
U_06240,2026-02-13 17:54:38.127812,Bahrain,Andriod,0
U_06241,2026-02-13 18:47:12.043204,Bahrain,Andriod,0
U_06242,2026-02-13 19:39:45.958595,Saudi Arabia,Andriod,0
U_06243,2026-02-13 20:32:19.873987,Saudi Arabia,iOS,0
U_06244,2026-02-13 21:24:53.789378,Kuwait,iOS,0
U_06245,2026-02-13 22:17:27.704770,Kuwait,Andriod,0
U_06246,2026-02-13 23:10:01.620162,Saudi Arabia,Andriod,0
U_06247,2026-02-14 00:02:35.535553,Saudi Arabia,iOS,0
U_06248,2026-02-14 00:55:09.450945,Kuwait,Andriod,0
U_06249,2026-02-14 01:47:43.366336,Kuwait,Andriod,0
U_06250,2026-02-14 02:40:17.281728,Saudi Arabia,iOS,0
U_06251,2026-02-14 03:32:51.197119,Saudi Arabia,iOS,0
U_06252,2026-02-14 04:25:25.112511,Saudi Arabia,Andriod,0
U_06253,2026-02-14 05:17:59.027902,Saudi Arabia,iOS,1
U_06254,2026-02-14 06:10:32.943294,Saudi Arabia,iOS,0
U_06255,2026-02-14 07:03:06.858685,Saudi Arabia,iOS,0
U_06256,2026-02-14 07:55:40.774077,Saudi Arabia,Web,0
U_06257,2026-02-14 08:48:14.689468,Saudi Arabia,Andriod,1
U_06258,2026-02-14 09:40:48.604860,Saudi Arabia,iOS,0
U_06259,2026-02-14 10:33:22.520252,UAE,iOS,0
U_06260,2026-02-14 11:25:56.435643,Saudi Arabia,Andriod,0
U_06261,2026-02-14 12:18:30.351035,Saudi Arabia,Andriod,0
U_06262,2026-02-14 13:11:04.266426,UAE,Andriod,0
U_06263,2026-02-14 14:03:38.181818,Saudi Arabia,Web,0
U_06264,2026-02-14 14:56:12.097209,Qatar,Andriod,0
U_06265,2026-02-14 15:48:46.012601,UAE,iOS,0
U_06266,2026-02-14 16:41:19.927992,Saudi Arabia,Andriod,0
U_06267,2026-02-14 17:33:53.843384,Other,Web,0
U_06268,2026-02-14 18:26:27.758775,Saudi Arabia,Andriod,0
U_06269,2026-02-14 19:19:01.674167,Saudi Arabia,Andriod,0
U_06270,2026-02-14 20:11:35.589558,Saudi Arabia,iOS,0
U_06271,2026-02-14 21:04:09.504950,Saudi Arabia,iOS,0
U_06272,2026-02-14 21:56:43.420342,Bahrain,Andriod,0
U_06273,2026-02-14 22:49:17.335733,Saudi Arabia,Web,0
U_06274,2026-02-14 23:41:51.251125,Saudi Arabia,Andriod,0
U_06275,2026-02-15 00:34:25.166516,Saudi Arabia,Andriod,0
U_06276,2026-02-15 01:26:59.081908,Saudi Arabia,iOS,0
U_06277,2026-02-15 02:19:32.997299,Saudi Arabia,iOS,0
U_06278,2026-02-15 03:12:06.912691,Saudi Arabia,Andriod,1
U_06279,2026-02-15 04:04:40.828082,UAE,iOS,0
U_06280,2026-02-15 04:57:14.743474,Saudi Arabia,Andriod,0
U_06281,2026-02-15 05:49:48.658865,UAE,iOS,1
U_06282,2026-02-15 06:42:22.574257,Saudi Arabia,Andriod,0
U_06283,2026-02-15 07:34:56.489648,Kuwait,Andriod,0
U_06284,2026-02-15 08:27:30.405040,Kuwait,Andriod,0
U_06285,2026-02-15 09:20:04.320432,Saudi Arabia,iOS,0
U_06286,2026-02-15 10:12:38.235823,Saudi Arabia,Andriod,1
U_06287,2026-02-15 11:05:12.151215,UAE,Web,0
U_06288,2026-02-15 11:57:46.066606,Saudi Arabia,Andriod,0
U_06289,2026-02-15 12:50:19.981998,Qatar,iOS,0
U_06290,2026-02-15 13:42:53.897389,Saudi Arabia,iOS,0
U_06291,2026-02-15 14:35:27.812781,Saudi Arabia,iOS,0
U_06292,2026-02-15 15:28:01.728172,Saudi Arabia,iOS,0
U_06293,2026-02-15 16:20:35.643564,Qatar,Andriod,0
U_06294,2026-02-15 17:13:09.558955,Saudi Arabia,Andriod,0
U_06295,2026-02-15 18:05:43.474347,UAE,iOS,0
U_06296,2026-02-15 18:58:17.389738,Bahrain,iOS,0
U_06297,2026-02-15 19:50:51.305130,Saudi Arabia,iOS,0
U_06298,2026-02-15 20:43:25.220522,Saudi Arabia,Web,0
U_06299,2026-02-15 21:35:59.135913,Kuwait,Andriod,0
U_06300,2026-02-15 22:28:33.051305,Saudi Arabia,Andriod,0
U_06301,2026-02-15 23:21:06.966696,Kuwait,Andriod,0
U_06302,2026-02-16 00:13:40.882088,Saudi Arabia,Andriod,0
U_06303,2026-02-16 01:06:14.797479,Saudi Arabia,iOS,0
U_06304,2026-02-16 01:58:48.712871,Kuwait,iOS,0
U_06305,2026-02-16 02:51:22.628262,Saudi Arabia,Andriod,0
U_06306,2026-02-16 03:43:56.543654,Saudi Arabia,Andriod,0
U_06307,2026-02-16 04:36:30.459045,Saudi Arabia,iOS,0
U_06308,2026-02-16 05:29:04.374437,Saudi Arabia,iOS,1
U_06309,2026-02-16 06:21:38.289828,Saudi Arabia,iOS,0
U_06310,2026-02-16 07:14:12.205220,UAE,Andriod,0
U_06311,2026-02-16 08:06:46.120612,Saudi Arabia,Andriod,0
U_06312,2026-02-16 08:59:20.036003,Saudi Arabia,Web,0
U_06313,2026-02-16 09:51:53.951395,Saudi Arabia,iOS,1
U_06314,2026-02-16 10:44:27.866786,Saudi Arabia,iOS,0
U_06315,2026-02-16 11:37:01.782178,Saudi Arabia,iOS,0
U_06316,2026-02-16 12:29:35.697569,Qatar,Andriod,1
U_06317,2026-02-16 13:22:09.612961,Kuwait,Andriod,0
U_06318,2026-02-16 14:14:43.528352,Saudi Arabia,Andriod,0
U_06319,2026-02-16 15:07:17.443744,Saudi Arabia,iOS,0
U_06320,2026-02-16 15:59:51.359135,Saudi Arabia,Andriod,0
U_06321,2026-02-16 16:52:25.274527,Saudi Arabia,Andriod,0
U_06322,2026-02-16 17:44:59.189918,Saudi Arabia,Web,0
U_06323,2026-02-16 18:37:33.105310,Saudi Arabia,Web,0
U_06324,2026-02-16 19:30:07.020702,Saudi Arabia,Andriod,0
U_06325,2026-02-16 20:22:40.936093,Saudi Arabia,Web,0
U_06326,2026-02-16 21:15:14.851485,Saudi Arabia,iOS,0
U_06327,2026-02-16 22:07:48.766876,Qatar,iOS,0
U_06328,2026-02-16 23:00:22.682268,Saudi Arabia,iOS,0
U_06329,2026-02-16 23:52:56.597659,Saudi Arabia,Andriod,0
U_06330,2026-02-17 00:45:30.513051,Saudi Arabia,Web,0
U_06331,2026-02-17 01:38:04.428442,Saudi Arabia,iOS,0
U_06332,2026-02-17 02:30:38.343834,Kuwait,Andriod,0
U_06333,2026-02-17 03:23:12.259225,Saudi Arabia,Andriod,0
U_06334,2026-02-17 04:15:46.174617,Saudi Arabia,Web,0
U_06335,2026-02-17 05:08:20.090009,Saudi Arabia,Andriod,0
U_06336,2026-02-17 06:00:54.005400,Kuwait,Web,0
U_06337,2026-02-17 06:53:27.920792,Saudi Arabia,iOS,0
U_06338,2026-02-17 07:46:01.836183,Saudi Arabia,iOS,0
U_06339,2026-02-17 08:38:35.751575,Saudi Arabia,Andriod,0
U_06340,2026-02-17 09:31:09.666966,Saudi Arabia,iOS,0
U_06341,2026-02-17 10:23:43.582358,Saudi Arabia,iOS,0
U_06342,2026-02-17 11:16:17.497749,Saudi Arabia,Andriod,1
U_06343,2026-02-17 12:08:51.413141,Saudi Arabia,Andriod,1
U_06344,2026-02-17 13:01:25.328532,UAE,Andriod,0
U_06345,2026-02-17 13:53:59.243924,Saudi Arabia,iOS,0
U_06346,2026-02-17 14:46:33.159315,Saudi Arabia,Andriod,0
U_06347,2026-02-17 15:39:07.074707,Saudi Arabia,iOS,0
U_06348,2026-02-17 16:31:40.990099,Other,iOS,1
U_06349,2026-02-17 17:24:14.905490,Saudi Arabia,Andriod,1
U_06350,2026-02-17 18:16:48.820882,Kuwait,iOS,0
U_06351,2026-02-17 19:09:22.736273,Saudi Arabia,iOS,0
U_06352,2026-02-17 20:01:56.651665,Saudi Arabia,Andriod,0
U_06353,2026-02-17 20:54:30.567056,Saudi Arabia,iOS,0
U_06354,2026-02-17 21:47:04.482448,Saudi Arabia,Web,0
U_06355,2026-02-17 22:39:38.397839,Bahrain,Andriod,1
U_06356,2026-02-17 23:32:12.313231,Qatar,Web,0
U_06357,2026-02-18 00:24:46.228622,Saudi Arabia,iOS,0
U_06358,2026-02-18 01:17:20.144014,Saudi Arabia,Andriod,0
U_06359,2026-02-18 02:09:54.059405,Qatar,iOS,0
U_06360,2026-02-18 03:02:27.974797,Saudi Arabia,Andriod,0
U_06361,2026-02-18 03:55:01.890189,Saudi Arabia,iOS,0
U_06362,2026-02-18 04:47:35.805580,Saudi Arabia,iOS,0
U_06363,2026-02-18 05:40:09.720972,Saudi Arabia,Andriod,0
U_06364,2026-02-18 06:32:43.636363,Saudi Arabia,iOS,0
U_06365,2026-02-18 07:25:17.551755,Saudi Arabia,iOS,0
U_06366,2026-02-18 08:17:51.467146,Saudi Arabia,iOS,0
U_06367,2026-02-18 09:10:25.382538,Saudi Arabia,Andriod,0
U_06368,2026-02-18 10:02:59.297929,Saudi Arabia,iOS,0
U_06369,2026-02-18 10:55:33.213321,Saudi Arabia,Andriod,0
U_06370,2026-02-18 11:48:07.128712,UAE,iOS,0
U_06371,2026-02-18 12:40:41.044104,Saudi Arabia,Andriod,0
U_06372,2026-02-18 13:33:14.959495,Saudi Arabia,Andriod,0
U_06373,2026-02-18 14:25:48.874887,Qatar,Andriod,0
U_06374,2026-02-18 15:18:22.790279,Bahrain,Andriod,0
U_06375,2026-02-18 16:10:56.705670,Saudi Arabia,iOS,0
U_06376,2026-02-18 17:03:30.621062,Saudi Arabia,iOS,0
U_06377,2026-02-18 17:56:04.536453,Kuwait,iOS,0
U_06378,2026-02-18 18:48:38.451845,UAE,Andriod,0
U_06379,2026-02-18 19:41:12.367236,Qatar,Andriod,1
U_06380,2026-02-18 20:33:46.282628,Bahrain,Web,0
U_06381,2026-02-18 21:26:20.198019,Saudi Arabia,iOS,0
U_06382,2026-02-18 22:18:54.113411,Saudi Arabia,Andriod,0
U_06383,2026-02-18 23:11:28.028802,Saudi Arabia,Andriod,0
U_06384,2026-02-19 00:04:01.944194,Saudi Arabia,Andriod,0
U_06385,2026-02-19 00:56:35.859585,Saudi Arabia,Andriod,0
U_06386,2026-02-19 01:49:09.774977,Saudi Arabia,iOS,0
U_06387,2026-02-19 02:41:43.690369,Saudi Arabia,iOS,0
U_06388,2026-02-19 03:34:17.605760,Kuwait,Andriod,0
U_06389,2026-02-19 04:26:51.521152,Saudi Arabia,iOS,1
U_06390,2026-02-19 05:19:25.436543,Saudi Arabia,iOS,0
U_06391,2026-02-19 06:11:59.351935,Saudi Arabia,iOS,1
U_06392,2026-02-19 07:04:33.267326,Saudi Arabia,iOS,0
U_06393,2026-02-19 07:57:07.182718,Kuwait,Andriod,0
U_06394,2026-02-19 08:49:41.098109,Saudi Arabia,iOS,0
U_06395,2026-02-19 09:42:15.013501,Other,Andriod,0
U_06396,2026-02-19 10:34:48.928892,Saudi Arabia,Andriod,0
U_06397,2026-02-19 11:27:22.844284,Saudi Arabia,Andriod,0
U_06398,2026-02-19 12:19:56.759675,Saudi Arabia,Web,0
U_06399,2026-02-19 13:12:30.675067,Saudi Arabia,iOS,0
U_06400,2026-02-19 14:05:04.590459,UAE,Web,0
U_06401,2026-02-19 14:57:38.505850,Saudi Arabia,Andriod,0
U_06402,2026-02-19 15:50:12.421242,Bahrain,Andriod,0
U_06403,2026-02-19 16:42:46.336633,Saudi Arabia,Andriod,0
U_06404,2026-02-19 17:35:20.252025,UAE,Andriod,0
U_06405,2026-02-19 18:27:54.167416,Saudi Arabia,Andriod,0
U_06406,2026-02-19 19:20:28.082808,Bahrain,Andriod,1
U_06407,2026-02-19 20:13:01.998199,Saudi Arabia,iOS,0
U_06408,2026-02-19 21:05:35.913591,Saudi Arabia,iOS,0
U_06409,2026-02-19 21:58:09.828982,Saudi Arabia,Andriod,0
U_06410,2026-02-19 22:50:43.744374,Qatar,Web,0
U_06411,2026-02-19 23:43:17.659765,Saudi Arabia,iOS,0
U_06412,2026-02-20 00:35:51.575157,Saudi Arabia,Andriod,0
U_06413,2026-02-20 01:28:25.490549,UAE,Andriod,1
U_06414,2026-02-20 02:20:59.405940,Saudi Arabia,Andriod,0
U_06415,2026-02-20 03:13:33.321332,Saudi Arabia,Andriod,0
U_06416,2026-02-20 04:06:07.236723,Saudi Arabia,Andriod,0
U_06417,2026-02-20 04:58:41.152115,Saudi Arabia,Web,0
U_06418,2026-02-20 05:51:15.067506,Bahrain,Andriod,0
U_06419,2026-02-20 06:43:48.982898,Kuwait,Andriod,0
U_06420,2026-02-20 07:36:22.898289,Saudi Arabia,iOS,0
U_06421,2026-02-20 08:28:56.813681,Other,Andriod,0
U_06422,2026-02-20 09:21:30.729072,Saudi Arabia,iOS,0
U_06423,2026-02-20 10:14:04.644464,Saudi Arabia,iOS,0
U_06424,2026-02-20 11:06:38.559855,Saudi Arabia,Andriod,0
U_06425,2026-02-20 11:59:12.475247,Saudi Arabia,Andriod,0
U_06426,2026-02-20 12:51:46.390639,Saudi Arabia,Andriod,0
U_06427,2026-02-20 13:44:20.306030,Qatar,iOS,0
U_06428,2026-02-20 14:36:54.221422,Kuwait,Andriod,1
U_06429,2026-02-20 15:29:28.136813,Saudi Arabia,Andriod,0
U_06430,2026-02-20 16:22:02.052205,Saudi Arabia,Andriod,0
U_06431,2026-02-20 17:14:35.967596,Kuwait,iOS,0
U_06432,2026-02-20 18:07:09.882988,Qatar,Andriod,0
U_06433,2026-02-20 18:59:43.798379,Bahrain,Andriod,0
U_06434,2026-02-20 19:52:17.713771,Saudi Arabia,iOS,0
U_06435,2026-02-20 20:44:51.629162,Kuwait,iOS,0
U_06436,2026-02-20 21:37:25.544554,Saudi Arabia,Andriod,0
U_06437,2026-02-20 22:29:59.459945,Saudi Arabia,Andriod,0
U_06438,2026-02-20 23:22:33.375337,Saudi Arabia,Andriod,0
U_06439,2026-02-21 00:15:07.290729,Saudi Arabia,Andriod,0
U_06440,2026-02-21 01:07:41.206120,Saudi Arabia,iOS,0
U_06441,2026-02-21 02:00:15.121512,Saudi Arabia,iOS,1
U_06442,2026-02-21 02:52:49.036903,Saudi Arabia,iOS,0
U_06443,2026-02-21 03:45:22.952295,Kuwait,iOS,0
U_06444,2026-02-21 04:37:56.867686,Saudi Arabia,Andriod,0
U_06445,2026-02-21 05:30:30.783078,Saudi Arabia,iOS,1
U_06446,2026-02-21 06:23:04.698469,Saudi Arabia,Web,1
U_06447,2026-02-21 07:15:38.613861,Qatar,Andriod,0
U_06448,2026-02-21 08:08:12.529252,Saudi Arabia,Andriod,0
U_06449,2026-02-21 09:00:46.444644,Saudi Arabia,Web,0
U_06450,2026-02-21 09:53:20.360036,Saudi Arabia,Andriod,1
U_06451,2026-02-21 10:45:54.275427,UAE,Andriod,0
U_06452,2026-02-21 11:38:28.190819,Other,iOS,0
U_06453,2026-02-21 12:31:02.106210,Saudi Arabia,iOS,1
U_06454,2026-02-21 13:23:36.021602,Saudi Arabia,Andriod,0
U_06455,2026-02-21 14:16:09.936993,Bahrain,iOS,0
U_06456,2026-02-21 15:08:43.852385,Saudi Arabia,Web,0
U_06457,2026-02-21 16:01:17.767776,Saudi Arabia,Andriod,0
U_06458,2026-02-21 16:53:51.683168,Saudi Arabia,Andriod,0
U_06459,2026-02-21 17:46:25.598559,Saudi Arabia,iOS,0
U_06460,2026-02-21 18:38:59.513951,Saudi Arabia,Andriod,0
U_06461,2026-02-21 19:31:33.429342,Saudi Arabia,iOS,0
U_06462,2026-02-21 20:24:07.344734,Saudi Arabia,Andriod,0
U_06463,2026-02-21 21:16:41.260126,Qatar,iOS,1
U_06464,2026-02-21 22:09:15.175517,Saudi Arabia,Andriod,0
U_06465,2026-02-21 23:01:49.090909,UAE,iOS,0
U_06466,2026-02-21 23:54:23.006300,Saudi Arabia,iOS,0
U_06467,2026-02-22 00:46:56.921692,Saudi Arabia,Andriod,0
U_06468,2026-02-22 01:39:30.837083,Saudi Arabia,iOS,1
U_06469,2026-02-22 02:32:04.752475,Qatar,Andriod,0
U_06470,2026-02-22 03:24:38.667866,Kuwait,iOS,0
U_06471,2026-02-22 04:17:12.583258,Saudi Arabia,iOS,0
U_06472,2026-02-22 05:09:46.498649,UAE,Andriod,0
U_06473,2026-02-22 06:02:20.414041,Saudi Arabia,iOS,0
U_06474,2026-02-22 06:54:54.329432,Qatar,iOS,1
U_06475,2026-02-22 07:47:28.244824,Kuwait,Andriod,0
U_06476,2026-02-22 08:40:02.160216,Bahrain,iOS,0
U_06477,2026-02-22 09:32:36.075607,Saudi Arabia,iOS,0
U_06478,2026-02-22 10:25:09.990999,Saudi Arabia,iOS,1
U_06479,2026-02-22 11:17:43.906390,Saudi Arabia,Andriod,0
U_06480,2026-02-22 12:10:17.821782,Saudi Arabia,Andriod,0
U_06481,2026-02-22 13:02:51.737173,Saudi Arabia,iOS,1
U_06482,2026-02-22 13:55:25.652565,Saudi Arabia,Andriod,0
U_06483,2026-02-22 14:47:59.567956,Saudi Arabia,iOS,0
U_06484,2026-02-22 15:40:33.483348,Saudi Arabia,Andriod,0
U_06485,2026-02-22 16:33:07.398739,Saudi Arabia,iOS,0
U_06486,2026-02-22 17:25:41.314131,Saudi Arabia,Andriod,0
U_06487,2026-02-22 18:18:15.229522,Qatar,Web,1
U_06488,2026-02-22 19:10:49.144914,Saudi Arabia,Andriod,0
U_06489,2026-02-22 20:03:23.060306,Saudi Arabia,Web,0
U_06490,2026-02-22 20:55:56.975697,Kuwait,iOS,0
U_06491,2026-02-22 21:48:30.891089,Saudi Arabia,iOS,0
U_06492,2026-02-22 22:41:04.806480,Saudi Arabia,iOS,0
U_06493,2026-02-22 23:33:38.721872,Saudi Arabia,iOS,0
U_06494,2026-02-23 00:26:12.637263,Saudi Arabia,iOS,0
U_06495,2026-02-23 01:18:46.552655,Qatar,iOS,0
U_06496,2026-02-23 02:11:20.468046,Saudi Arabia,Andriod,0
U_06497,2026-02-23 03:03:54.383438,Saudi Arabia,iOS,0
U_06498,2026-02-23 03:56:28.298829,Saudi Arabia,iOS,0
U_06499,2026-02-23 04:49:02.214221,Saudi Arabia,iOS,0
U_06500,2026-02-23 05:41:36.129612,Kuwait,Andriod,1
U_06501,2026-02-23 06:34:10.045004,Saudi Arabia,iOS,0
U_06502,2026-02-23 07:26:43.960396,Saudi Arabia,Andriod,0
U_06503,2026-02-23 08:19:17.875787,Saudi Arabia,Andriod,0
U_06504,2026-02-23 09:11:51.791179,Saudi Arabia,Andriod,0
U_06505,2026-02-23 10:04:25.706570,Saudi Arabia,iOS,0
U_06506,2026-02-23 10:56:59.621962,UAE,iOS,0
U_06507,2026-02-23 11:49:33.537353,Kuwait,Andriod,0
U_06508,2026-02-23 12:42:07.452745,Bahrain,iOS,0
U_06509,2026-02-23 13:34:41.368136,UAE,iOS,0
U_06510,2026-02-23 14:27:15.283528,Saudi Arabia,iOS,0
U_06511,2026-02-23 15:19:49.198919,Saudi Arabia,Andriod,0
U_06512,2026-02-23 16:12:23.114311,Kuwait,Andriod,0
U_06513,2026-02-23 17:04:57.029702,UAE,Andriod,0
U_06514,2026-02-23 17:57:30.945094,Kuwait,Andriod,0
U_06515,2026-02-23 18:50:04.860486,Saudi Arabia,Andriod,0
U_06516,2026-02-23 19:42:38.775877,Saudi Arabia,Andriod,0
U_06517,2026-02-23 20:35:12.691269,UAE,Andriod,0
U_06518,2026-02-23 21:27:46.606660,Kuwait,Web,1
U_06519,2026-02-23 22:20:20.522052,Other,Andriod,1
U_06520,2026-02-23 23:12:54.437443,Saudi Arabia,iOS,0
U_06521,2026-02-24 00:05:28.352835,Saudi Arabia,iOS,0
U_06522,2026-02-24 00:58:02.268226,Saudi Arabia,Andriod,0
U_06523,2026-02-24 01:50:36.183618,Kuwait,Andriod,0
U_06524,2026-02-24 02:43:10.099009,Saudi Arabia,Andriod,0
U_06525,2026-02-24 03:35:44.014401,Saudi Arabia,Andriod,0
U_06526,2026-02-24 04:28:17.929792,Other,Andriod,0
U_06527,2026-02-24 05:20:51.845184,Saudi Arabia,Andriod,1
U_06528,2026-02-24 06:13:25.760576,UAE,Andriod,1
U_06529,2026-02-24 07:05:59.675967,Saudi Arabia,iOS,0
U_06530,2026-02-24 07:58:33.591359,UAE,Web,0
U_06531,2026-02-24 08:51:07.506750,Saudi Arabia,Andriod,0
U_06532,2026-02-24 09:43:41.422142,Bahrain,Andriod,0
U_06533,2026-02-24 10:36:15.337533,Bahrain,iOS,0
U_06534,2026-02-24 11:28:49.252925,Saudi Arabia,iOS,0
U_06535,2026-02-24 12:21:23.168316,Saudi Arabia,Andriod,0
U_06536,2026-02-24 13:13:57.083708,Saudi Arabia,Andriod,0
U_06537,2026-02-24 14:06:30.999099,Saudi Arabia,Andriod,0
U_06538,2026-02-24 14:59:04.914491,Bahrain,iOS,1
U_06539,2026-02-24 15:51:38.829882,Saudi Arabia,Andriod,0
U_06540,2026-02-24 16:44:12.745274,Saudi Arabia,Andriod,0
U_06541,2026-02-24 17:36:46.660666,Saudi Arabia,iOS,0
U_06542,2026-02-24 18:29:20.576057,UAE,Andriod,0
U_06543,2026-02-24 19:21:54.491449,Qatar,Andriod,1
U_06544,2026-02-24 20:14:28.406840,Saudi Arabia,Andriod,0
U_06545,2026-02-24 21:07:02.322232,Saudi Arabia,Andriod,0
U_06546,2026-02-24 21:59:36.237623,Saudi Arabia,Andriod,0
U_06547,2026-02-24 22:52:10.153015,Saudi Arabia,Web,1
U_06548,2026-02-24 23:44:44.068406,Saudi Arabia,iOS,0
U_06549,2026-02-25 00:37:17.983798,Saudi Arabia,Andriod,0
U_06550,2026-02-25 01:29:51.899189,Saudi Arabia,iOS,0
U_06551,2026-02-25 02:22:25.814581,Saudi Arabia,iOS,0
U_06552,2026-02-25 03:14:59.729973,Saudi Arabia,iOS,0
U_06553,2026-02-25 04:07:33.645364,Saudi Arabia,iOS,0
U_06554,2026-02-25 05:00:07.560756,Saudi Arabia,Web,0
U_06555,2026-02-25 05:52:41.476147,Kuwait,Web,0
U_06556,2026-02-25 06:45:15.391539,Kuwait,iOS,0
U_06557,2026-02-25 07:37:49.306930,Saudi Arabia,Andriod,0
U_06558,2026-02-25 08:30:23.222322,Saudi Arabia,Andriod,0
U_06559,2026-02-25 09:22:57.137713,Kuwait,Andriod,0
U_06560,2026-02-25 10:15:31.053105,Qatar,Andriod,0
U_06561,2026-02-25 11:08:04.968496,Saudi Arabia,iOS,0
U_06562,2026-02-25 12:00:38.883888,Saudi Arabia,Andriod,0
U_06563,2026-02-25 12:53:12.799279,Saudi Arabia,Andriod,0
U_06564,2026-02-25 13:45:46.714671,Saudi Arabia,Andriod,0
U_06565,2026-02-25 14:38:20.630063,Saudi Arabia,Web,0
U_06566,2026-02-25 15:30:54.545454,Saudi Arabia,Web,0
U_06567,2026-02-25 16:23:28.460846,Saudi Arabia,Andriod,0
U_06568,2026-02-25 17:16:02.376237,Saudi Arabia,Andriod,0
U_06569,2026-02-25 18:08:36.291629,Saudi Arabia,Web,0
U_06570,2026-02-25 19:01:10.207020,Saudi Arabia,iOS,0
U_06571,2026-02-25 19:53:44.122412,Saudi Arabia,iOS,0
U_06572,2026-02-25 20:46:18.037803,Saudi Arabia,iOS,1
U_06573,2026-02-25 21:38:51.953195,Saudi Arabia,Andriod,0
U_06574,2026-02-25 22:31:25.868586,Bahrain,Andriod,0
U_06575,2026-02-25 23:23:59.783978,Saudi Arabia,iOS,1
U_06576,2026-02-26 00:16:33.699369,Kuwait,Web,0
U_06577,2026-02-26 01:09:07.614761,Bahrain,Andriod,1
U_06578,2026-02-26 02:01:41.530153,Saudi Arabia,Andriod,0
U_06579,2026-02-26 02:54:15.445544,Saudi Arabia,iOS,0
U_06580,2026-02-26 03:46:49.360936,Saudi Arabia,Andriod,0
U_06581,2026-02-26 04:39:23.276327,Bahrain,Andriod,0
U_06582,2026-02-26 05:31:57.191719,Qatar,Andriod,0
U_06583,2026-02-26 06:24:31.107110,Kuwait,Andriod,0
U_06584,2026-02-26 07:17:05.022502,Saudi Arabia,Andriod,0
U_06585,2026-02-26 08:09:38.937893,Saudi Arabia,iOS,0
U_06586,2026-02-26 09:02:12.853285,Saudi Arabia,Andriod,0
U_06587,2026-02-26 09:54:46.768676,Saudi Arabia,iOS,0
U_06588,2026-02-26 10:47:20.684068,Saudi Arabia,iOS,0
U_06589,2026-02-26 11:39:54.599459,Saudi Arabia,iOS,1
U_06590,2026-02-26 12:32:28.514851,Kuwait,iOS,0
U_06591,2026-02-26 13:25:02.430243,Saudi Arabia,iOS,1
U_06592,2026-02-26 14:17:36.345634,Saudi Arabia,Andriod,0
U_06593,2026-02-26 15:10:10.261026,Saudi Arabia,Andriod,0
U_06594,2026-02-26 16:02:44.176417,UAE,Andriod,0
U_06595,2026-02-26 16:55:18.091809,Kuwait,Andriod,0
U_06596,2026-02-26 17:47:52.007200,Saudi Arabia,iOS,0
U_06597,2026-02-26 18:40:25.922592,Saudi Arabia,iOS,0
U_06598,2026-02-26 19:32:59.837983,Saudi Arabia,Andriod,0
U_06599,2026-02-26 20:25:33.753375,Bahrain,Andriod,1
U_06600,2026-02-26 21:18:07.668766,Saudi Arabia,Andriod,0
U_06601,2026-02-26 22:10:41.584158,Saudi Arabia,Andriod,1
U_06602,2026-02-26 23:03:15.499549,Saudi Arabia,Andriod,0
U_06603,2026-02-26 23:55:49.414941,Saudi Arabia,Andriod,1
U_06604,2026-02-27 00:48:23.330333,UAE,Web,0
U_06605,2026-02-27 01:40:57.245724,Saudi Arabia,iOS,0
U_06606,2026-02-27 02:33:31.161116,Saudi Arabia,Andriod,0
U_06607,2026-02-27 03:26:05.076507,Saudi Arabia,Andriod,0
U_06608,2026-02-27 04:18:38.991899,Saudi Arabia,Web,0
U_06609,2026-02-27 05:11:12.907290,Qatar,iOS,0
U_06610,2026-02-27 06:03:46.822682,Saudi Arabia,Andriod,0
U_06611,2026-02-27 06:56:20.738073,UAE,iOS,0
U_06612,2026-02-27 07:48:54.653465,Kuwait,Andriod,0
U_06613,2026-02-27 08:41:28.568856,Saudi Arabia,iOS,0
U_06614,2026-02-27 09:34:02.484248,Saudi Arabia,iOS,0
U_06615,2026-02-27 10:26:36.399639,Saudi Arabia,Andriod,0
U_06616,2026-02-27 11:19:10.315031,Kuwait,iOS,0
U_06617,2026-02-27 12:11:44.230423,Saudi Arabia,iOS,0
U_06618,2026-02-27 13:04:18.145814,Saudi Arabia,iOS,0
U_06619,2026-02-27 13:56:52.061206,Saudi Arabia,iOS,0
U_06620,2026-02-27 14:49:25.976597,Kuwait,Web,0
U_06621,2026-02-27 15:41:59.891989,Saudi Arabia,Andriod,0
U_06622,2026-02-27 16:34:33.807380,Saudi Arabia,Andriod,0
U_06623,2026-02-27 17:27:07.722772,Saudi Arabia,Andriod,0
U_06624,2026-02-27 18:19:41.638163,Saudi Arabia,Web,0
U_06625,2026-02-27 19:12:15.553555,UAE,Andriod,0
U_06626,2026-02-27 20:04:49.468946,Saudi Arabia,Andriod,0
U_06627,2026-02-27 20:57:23.384338,UAE,Andriod,0
U_06628,2026-02-27 21:49:57.299729,Saudi Arabia,Andriod,0
U_06629,2026-02-27 22:42:31.215121,Saudi Arabia,Andriod,0
U_06630,2026-02-27 23:35:05.130513,Saudi Arabia,iOS,0
U_06631,2026-02-28 00:27:39.045904,Saudi Arabia,iOS,0
U_06632,2026-02-28 01:20:12.961296,Saudi Arabia,Andriod,0
U_06633,2026-02-28 02:12:46.876687,Saudi Arabia,Andriod,0
U_06634,2026-02-28 03:05:20.792079,Saudi Arabia,iOS,0
U_06635,2026-02-28 03:57:54.707470,Saudi Arabia,iOS,1
U_06636,2026-02-28 04:50:28.622862,Saudi Arabia,Andriod,1
U_06637,2026-02-28 05:43:02.538253,Bahrain,Andriod,0
U_06638,2026-02-28 06:35:36.453645,Saudi Arabia,iOS,0
U_06639,2026-02-28 07:28:10.369036,Saudi Arabia,iOS,0
U_06640,2026-02-28 08:20:44.284428,Saudi Arabia,Andriod,0
U_06641,2026-02-28 09:13:18.199819,Kuwait,Andriod,0
U_06642,2026-02-28 10:05:52.115211,Kuwait,iOS,0
U_06643,2026-02-28 10:58:26.030603,Saudi Arabia,Andriod,1
U_06644,2026-02-28 11:50:59.945994,Bahrain,Andriod,1
U_06645,2026-02-28 12:43:33.861386,Saudi Arabia,Andriod,0
U_06646,2026-02-28 13:36:07.776777,Saudi Arabia,Web,0
U_06647,2026-02-28 14:28:41.692169,Bahrain,Web,0
U_06648,2026-02-28 15:21:15.607560,Bahrain,iOS,0
U_06649,2026-02-28 16:13:49.522952,Saudi Arabia,iOS,0
U_06650,2026-02-28 17:06:23.438343,UAE,iOS,0
U_06651,2026-02-28 17:58:57.353735,Saudi Arabia,iOS,0
U_06652,2026-02-28 18:51:31.269126,UAE,iOS,0
U_06653,2026-02-28 19:44:05.184518,Saudi Arabia,iOS,0
U_06654,2026-02-28 20:36:39.099909,Saudi Arabia,Web,1
U_06655,2026-02-28 21:29:13.015301,Saudi Arabia,Andriod,0
U_06656,2026-02-28 22:21:46.930693,Saudi Arabia,Andriod,0
U_06657,2026-02-28 23:14:20.846084,Saudi Arabia,Andriod,0
U_06658,2026-03-01 00:06:54.761476,Saudi Arabia,iOS,0
U_06659,2026-03-01 00:59:28.676867,Saudi Arabia,iOS,1
U_06660,2026-03-01 01:52:02.592259,Saudi Arabia,iOS,0
U_06661,2026-03-01 02:44:36.507650,Saudi Arabia,Andriod,1
U_06662,2026-03-01 03:37:10.423042,Saudi Arabia,iOS,0
U_06663,2026-03-01 04:29:44.338433,Saudi Arabia,Andriod,0
U_06664,2026-03-01 05:22:18.253825,Kuwait,Andriod,0
U_06665,2026-03-01 06:14:52.169216,Bahrain,iOS,0
U_06666,2026-03-01 07:07:26.084608,Kuwait,iOS,0
U_06667,2026-03-01 08:00:00.000000,Saudi Arabia,Andriod,1
U_06668,2026-03-01 08:52:33.915391,Kuwait,Web,0
U_06669,2026-03-01 09:45:07.830783,Saudi Arabia,Andriod,0
U_06670,2026-03-01 10:37:41.746174,Saudi Arabia,iOS,0
U_06671,2026-03-01 11:30:15.661566,Saudi Arabia,Andriod,0
U_06672,2026-03-01 12:22:49.576957,UAE,iOS,0
U_06673,2026-03-01 13:15:23.492349,Saudi Arabia,Web,1
U_06674,2026-03-01 14:07:57.407740,Saudi Arabia,Andriod,0
U_06675,2026-03-01 15:00:31.323132,Saudi Arabia,Andriod,1
U_06676,2026-03-01 15:53:05.238523,UAE,Andriod,0
U_06677,2026-03-01 16:45:39.153915,Saudi Arabia,Andriod,0
U_06678,2026-03-01 17:38:13.069306,Saudi Arabia,iOS,0
U_06679,2026-03-01 18:30:46.984698,Saudi Arabia,iOS,0
U_06680,2026-03-01 19:23:20.900090,Saudi Arabia,iOS,0
U_06681,2026-03-01 20:15:54.815481,Saudi Arabia,Web,0
U_06682,2026-03-01 21:08:28.730873,Saudi Arabia,Andriod,0
U_06683,2026-03-01 22:01:02.646264,UAE,iOS,0
U_06684,2026-03-01 22:53:36.561656,Saudi Arabia,Andriod,0
U_06685,2026-03-01 23:46:10.477047,Saudi Arabia,iOS,0
U_06686,2026-03-02 00:38:44.392439,Saudi Arabia,iOS,0
U_06687,2026-03-02 01:31:18.307830,Saudi Arabia,iOS,1
U_06688,2026-03-02 02:23:52.223222,Saudi Arabia,Andriod,0
U_06689,2026-03-02 03:16:26.138613,Saudi Arabia,Andriod,0
U_06690,2026-03-02 04:09:00.054005,Saudi Arabia,Andriod,0
U_06691,2026-03-02 05:01:33.969396,Kuwait,Andriod,0
U_06692,2026-03-02 05:54:07.884788,Saudi Arabia,iOS,0
U_06693,2026-03-02 06:46:41.800180,Saudi Arabia,Andriod,0
U_06694,2026-03-02 07:39:15.715571,UAE,iOS,0
U_06695,2026-03-02 08:31:49.630963,Saudi Arabia,Andriod,0
U_06696,2026-03-02 09:24:23.546354,Kuwait,Andriod,0
U_06697,2026-03-02 10:16:57.461746,Saudi Arabia,Andriod,0
U_06698,2026-03-02 11:09:31.377137,Saudi Arabia,Andriod,0
U_06699,2026-03-02 12:02:05.292529,UAE,Andriod,0
U_06700,2026-03-02 12:54:39.207920,Saudi Arabia,iOS,0
U_06701,2026-03-02 13:47:13.123312,Saudi Arabia,Andriod,0
U_06702,2026-03-02 14:39:47.038703,Kuwait,iOS,0
U_06703,2026-03-02 15:32:20.954095,Saudi Arabia,iOS,0
U_06704,2026-03-02 16:24:54.869486,Saudi Arabia,Andriod,0
U_06705,2026-03-02 17:17:28.784878,Saudi Arabia,Andriod,0
U_06706,2026-03-02 18:10:02.700270,UAE,iOS,0
U_06707,2026-03-02 19:02:36.615661,Bahrain,Web,0
U_06708,2026-03-02 19:55:10.531053,Saudi Arabia,Web,0
U_06709,2026-03-02 20:47:44.446444,Saudi Arabia,Andriod,0
U_06710,2026-03-02 21:40:18.361836,Bahrain,Andriod,0
U_06711,2026-03-02 22:32:52.277227,Saudi Arabia,Andriod,0
U_06712,2026-03-02 23:25:26.192619,Saudi Arabia,iOS,1
U_06713,2026-03-03 00:18:00.108010,Kuwait,Andriod,0
U_06714,2026-03-03 01:10:34.023402,UAE,Web,0
U_06715,2026-03-03 02:03:07.938793,UAE,Web,0
U_06716,2026-03-03 02:55:41.854185,Saudi Arabia,Web,0
U_06717,2026-03-03 03:48:15.769576,Saudi Arabia,iOS,0
U_06718,2026-03-03 04:40:49.684968,Saudi Arabia,iOS,0
U_06719,2026-03-03 05:33:23.600360,Saudi Arabia,iOS,0
U_06720,2026-03-03 06:25:57.515751,Saudi Arabia,Andriod,0
U_06721,2026-03-03 07:18:31.431143,Kuwait,iOS,1
U_06722,2026-03-03 08:11:05.346534,Saudi Arabia,iOS,1
U_06723,2026-03-03 09:03:39.261926,UAE,Andriod,0
U_06724,2026-03-03 09:56:13.177317,Saudi Arabia,Andriod,0
U_06725,2026-03-03 10:48:47.092709,Saudi Arabia,Andriod,0
U_06726,2026-03-03 11:41:21.008100,Saudi Arabia,Andriod,0
U_06727,2026-03-03 12:33:54.923492,Saudi Arabia,iOS,0
U_06728,2026-03-03 13:26:28.838883,Saudi Arabia,iOS,0
U_06729,2026-03-03 14:19:02.754275,Qatar,Andriod,0
U_06730,2026-03-03 15:11:36.669666,UAE,Andriod,1
U_06731,2026-03-03 16:04:10.585058,Saudi Arabia,Andriod,0
U_06732,2026-03-03 16:56:44.500450,Saudi Arabia,iOS,0
U_06733,2026-03-03 17:49:18.415841,Qatar,iOS,0
U_06734,2026-03-03 18:41:52.331233,Saudi Arabia,Andriod,0
U_06735,2026-03-03 19:34:26.246624,Saudi Arabia,Andriod,0
U_06736,2026-03-03 20:27:00.162016,Saudi Arabia,Web,0
U_06737,2026-03-03 21:19:34.077407,Qatar,Andriod,1
U_06738,2026-03-03 22:12:07.992799,Saudi Arabia,Andriod,0
U_06739,2026-03-03 23:04:41.908190,Saudi Arabia,Andriod,0
U_06740,2026-03-03 23:57:15.823582,Qatar,Andriod,0
U_06741,2026-03-04 00:49:49.738973,Saudi Arabia,Andriod,0
U_06742,2026-03-04 01:42:23.654365,Saudi Arabia,Web,0
U_06743,2026-03-04 02:34:57.569756,Saudi Arabia,Andriod,0
U_06744,2026-03-04 03:27:31.485148,UAE,Web,0
U_06745,2026-03-04 04:20:05.400540,Saudi Arabia,iOS,0
U_06746,2026-03-04 05:12:39.315931,Other,Andriod,0
U_06747,2026-03-04 06:05:13.231323,Saudi Arabia,Andriod,0
U_06748,2026-03-04 06:57:47.146714,Saudi Arabia,iOS,1
U_06749,2026-03-04 07:50:21.062106,Other,Andriod,0
U_06750,2026-03-04 08:42:54.977497,Saudi Arabia,iOS,0
U_06751,2026-03-04 09:35:28.892889,Saudi Arabia,Andriod,0
U_06752,2026-03-04 10:28:02.808280,Saudi Arabia,Andriod,0
U_06753,2026-03-04 11:20:36.723672,Saudi Arabia,iOS,0
U_06754,2026-03-04 12:13:10.639063,Saudi Arabia,Andriod,0
U_06755,2026-03-04 13:05:44.554455,Saudi Arabia,Andriod,0
U_06756,2026-03-04 13:58:18.469846,Saudi Arabia,Andriod,0
U_06757,2026-03-04 14:50:52.385238,UAE,Andriod,0
U_06758,2026-03-04 15:43:26.300630,Saudi Arabia,Andriod,0
U_06759,2026-03-04 16:36:00.216021,Other,Andriod,0
U_06760,2026-03-04 17:28:34.131413,Saudi Arabia,Andriod,0
U_06761,2026-03-04 18:21:08.046804,Saudi Arabia,iOS,0
U_06762,2026-03-04 19:13:41.962196,Saudi Arabia,Web,0
U_06763,2026-03-04 20:06:15.877587,Saudi Arabia,iOS,0
U_06764,2026-03-04 20:58:49.792979,Saudi Arabia,Andriod,0
U_06765,2026-03-04 21:51:23.708370,Kuwait,Andriod,0
U_06766,2026-03-04 22:43:57.623762,Bahrain,iOS,0
U_06767,2026-03-04 23:36:31.539153,Qatar,Andriod,0
U_06768,2026-03-05 00:29:05.454545,Saudi Arabia,iOS,0
U_06769,2026-03-05 01:21:39.369936,Bahrain,Andriod,0
U_06770,2026-03-05 02:14:13.285328,Saudi Arabia,Andriod,0
U_06771,2026-03-05 03:06:47.200720,Saudi Arabia,Andriod,0
U_06772,2026-03-05 03:59:21.116111,UAE,Andriod,0
U_06773,2026-03-05 04:51:55.031503,Saudi Arabia,Andriod,1
U_06774,2026-03-05 05:44:28.946894,Saudi Arabia,Andriod,0
U_06775,2026-03-05 06:37:02.862286,Saudi Arabia,Andriod,0
U_06776,2026-03-05 07:29:36.777677,Saudi Arabia,iOS,0
U_06777,2026-03-05 08:22:10.693069,Kuwait,Andriod,0
U_06778,2026-03-05 09:14:44.608460,Saudi Arabia,Web,0
U_06779,2026-03-05 10:07:18.523852,Other,Andriod,0
U_06780,2026-03-05 10:59:52.439243,Saudi Arabia,iOS,0
U_06781,2026-03-05 11:52:26.354635,Saudi Arabia,iOS,0
U_06782,2026-03-05 12:45:00.270027,Saudi Arabia,Andriod,0
U_06783,2026-03-05 13:37:34.185418,Saudi Arabia,iOS,0
U_06784,2026-03-05 14:30:08.100810,Saudi Arabia,Andriod,0
U_06785,2026-03-05 15:22:42.016201,Kuwait,Andriod,0
U_06786,2026-03-05 16:15:15.931593,UAE,Andriod,0
U_06787,2026-03-05 17:07:49.846984,Qatar,iOS,0
U_06788,2026-03-05 18:00:23.762376,UAE,Andriod,0
U_06789,2026-03-05 18:52:57.677767,UAE,Andriod,0
U_06790,2026-03-05 19:45:31.593159,Saudi Arabia,Web,0
U_06791,2026-03-05 20:38:05.508550,UAE,Andriod,0
U_06792,2026-03-05 21:30:39.423942,Saudi Arabia,iOS,0
U_06793,2026-03-05 22:23:13.339333,Saudi Arabia,Web,0
U_06794,2026-03-05 23:15:47.254725,Saudi Arabia,Andriod,0
U_06795,2026-03-06 00:08:21.170117,Saudi Arabia,iOS,0
U_06796,2026-03-06 01:00:55.085508,Saudi Arabia,iOS,0
U_06797,2026-03-06 01:53:29.000900,Qatar,iOS,0
U_06798,2026-03-06 02:46:02.916291,Saudi Arabia,iOS,0
U_06799,2026-03-06 03:38:36.831683,Saudi Arabia,iOS,1
U_06800,2026-03-06 04:31:10.747074,Saudi Arabia,Web,0
U_06801,2026-03-06 05:23:44.662466,Saudi Arabia,Andriod,0
U_06802,2026-03-06 06:16:18.577857,Saudi Arabia,Andriod,0
U_06803,2026-03-06 07:08:52.493249,Saudi Arabia,Andriod,1
U_06804,2026-03-06 08:01:26.408640,Saudi Arabia,Andriod,0
U_06805,2026-03-06 08:54:00.324032,Saudi Arabia,Andriod,0
U_06806,2026-03-06 09:46:34.239423,Kuwait,Web,1
U_06807,2026-03-06 10:39:08.154815,Kuwait,Andriod,0
U_06808,2026-03-06 11:31:42.070207,Saudi Arabia,Web,0
U_06809,2026-03-06 12:24:15.985598,Saudi Arabia,Andriod,0
U_06810,2026-03-06 13:16:49.900990,Saudi Arabia,iOS,0
U_06811,2026-03-06 14:09:23.816381,Kuwait,Andriod,0
U_06812,2026-03-06 15:01:57.731773,Saudi Arabia,Andriod,0
U_06813,2026-03-06 15:54:31.647164,Saudi Arabia,Web,0
U_06814,2026-03-06 16:47:05.562556,Kuwait,iOS,0
U_06815,2026-03-06 17:39:39.477947,Saudi Arabia,Andriod,0
U_06816,2026-03-06 18:32:13.393339,Saudi Arabia,iOS,0
U_06817,2026-03-06 19:24:47.308730,Saudi Arabia,iOS,0
U_06818,2026-03-06 20:17:21.224122,Qatar,iOS,0
U_06819,2026-03-06 21:09:55.139513,UAE,Andriod,0
U_06820,2026-03-06 22:02:29.054905,Kuwait,Andriod,0
U_06821,2026-03-06 22:55:02.970297,Saudi Arabia,iOS,0
U_06822,2026-03-06 23:47:36.885688,Saudi Arabia,Andriod,0
U_06823,2026-03-07 00:40:10.801080,Qatar,iOS,1
U_06824,2026-03-07 01:32:44.716471,Qatar,iOS,0
U_06825,2026-03-07 02:25:18.631863,Saudi Arabia,Andriod,0
U_06826,2026-03-07 03:17:52.547254,UAE,iOS,0
U_06827,2026-03-07 04:10:26.462646,Saudi Arabia,Andriod,0
U_06828,2026-03-07 05:03:00.378037,Saudi Arabia,iOS,0
U_06829,2026-03-07 05:55:34.293429,Saudi Arabia,iOS,1
U_06830,2026-03-07 06:48:08.208820,Saudi Arabia,Andriod,0
U_06831,2026-03-07 07:40:42.124212,Qatar,Andriod,1
U_06832,2026-03-07 08:33:16.039603,Saudi Arabia,iOS,1
U_06833,2026-03-07 09:25:49.954995,Saudi Arabia,Andriod,0
U_06834,2026-03-07 10:18:23.870387,Bahrain,Andriod,0
U_06835,2026-03-07 11:10:57.785778,Bahrain,Andriod,0
U_06836,2026-03-07 12:03:31.701170,Saudi Arabia,iOS,0
U_06837,2026-03-07 12:56:05.616561,Saudi Arabia,Andriod,0
U_06838,2026-03-07 13:48:39.531953,Saudi Arabia,Andriod,0
U_06839,2026-03-07 14:41:13.447344,Saudi Arabia,iOS,0
U_06840,2026-03-07 15:33:47.362736,Qatar,Andriod,0
U_06841,2026-03-07 16:26:21.278127,Bahrain,Web,0
U_06842,2026-03-07 17:18:55.193519,Saudi Arabia,Andriod,0
U_06843,2026-03-07 18:11:29.108910,Saudi Arabia,Andriod,1
U_06844,2026-03-07 19:04:03.024302,Saudi Arabia,Andriod,0
U_06845,2026-03-07 19:56:36.939693,Bahrain,Andriod,0
U_06846,2026-03-07 20:49:10.855085,Saudi Arabia,Andriod,0
U_06847,2026-03-07 21:41:44.770477,Saudi Arabia,Andriod,0
U_06848,2026-03-07 22:34:18.685868,Saudi Arabia,Andriod,1
U_06849,2026-03-07 23:26:52.601260,Saudi Arabia,iOS,0
U_06850,2026-03-08 00:19:26.516651,Saudi Arabia,iOS,0
U_06851,2026-03-08 01:12:00.432043,Saudi Arabia,Andriod,0
U_06852,2026-03-08 02:04:34.347434,Qatar,iOS,0
U_06853,2026-03-08 02:57:08.262826,Bahrain,Andriod,0
U_06854,2026-03-08 03:49:42.178217,Kuwait,Web,0
U_06855,2026-03-08 04:42:16.093609,Saudi Arabia,Andriod,0
U_06856,2026-03-08 05:34:50.009000,Saudi Arabia,Web,0
U_06857,2026-03-08 06:27:23.924392,Saudi Arabia,Andriod,0
U_06858,2026-03-08 07:19:57.839783,Saudi Arabia,iOS,0
U_06859,2026-03-08 08:12:31.755175,Bahrain,Andriod,0
U_06860,2026-03-08 09:05:05.670567,Saudi Arabia,iOS,0
U_06861,2026-03-08 09:57:39.585958,Saudi Arabia,Andriod,0
U_06862,2026-03-08 10:50:13.501350,Bahrain,iOS,0
U_06863,2026-03-08 11:42:47.416741,Qatar,iOS,0
U_06864,2026-03-08 12:35:21.332133,Saudi Arabia,Andriod,0
U_06865,2026-03-08 13:27:55.247524,Saudi Arabia,iOS,0
U_06866,2026-03-08 14:20:29.162916,Saudi Arabia,Andriod,0
U_06867,2026-03-08 15:13:03.078307,Saudi Arabia,Andriod,0
U_06868,2026-03-08 16:05:36.993699,Saudi Arabia,iOS,0
U_06869,2026-03-08 16:58:10.909090,Saudi Arabia,iOS,0
U_06870,2026-03-08 17:50:44.824482,Qatar,Andriod,0
U_06871,2026-03-08 18:43:18.739873,Saudi Arabia,Andriod,0
U_06872,2026-03-08 19:35:52.655265,Saudi Arabia,Web,0
U_06873,2026-03-08 20:28:26.570657,Saudi Arabia,iOS,0
U_06874,2026-03-08 21:21:00.486048,Saudi Arabia,Andriod,0
U_06875,2026-03-08 22:13:34.401440,UAE,Andriod,0
U_06876,2026-03-08 23:06:08.316831,Saudi Arabia,Andriod,0
U_06877,2026-03-08 23:58:42.232223,Saudi Arabia,iOS,0
U_06878,2026-03-09 00:51:16.147614,Saudi Arabia,Andriod,0
U_06879,2026-03-09 01:43:50.063006,Kuwait,iOS,0
U_06880,2026-03-09 02:36:23.978397,Saudi Arabia,iOS,0
U_06881,2026-03-09 03:28:57.893789,Kuwait,Andriod,0
U_06882,2026-03-09 04:21:31.809180,Saudi Arabia,Andriod,0
U_06883,2026-03-09 05:14:05.724572,Saudi Arabia,Andriod,0
U_06884,2026-03-09 06:06:39.639963,Saudi Arabia,Andriod,0
U_06885,2026-03-09 06:59:13.555355,Qatar,Andriod,0
U_06886,2026-03-09 07:51:47.470747,Qatar,Andriod,0
U_06887,2026-03-09 08:44:21.386138,Saudi Arabia,Web,0
U_06888,2026-03-09 09:36:55.301530,Saudi Arabia,Andriod,0
U_06889,2026-03-09 10:29:29.216921,Saudi Arabia,iOS,0
U_06890,2026-03-09 11:22:03.132313,Saudi Arabia,iOS,0
U_06891,2026-03-09 12:14:37.047704,Saudi Arabia,Andriod,0
U_06892,2026-03-09 13:07:10.963096,Bahrain,Andriod,1
U_06893,2026-03-09 13:59:44.878487,Qatar,iOS,0
U_06894,2026-03-09 14:52:18.793879,Saudi Arabia,Andriod,0
U_06895,2026-03-09 15:44:52.709270,Saudi Arabia,Andriod,0
U_06896,2026-03-09 16:37:26.624662,Bahrain,Andriod,0
U_06897,2026-03-09 17:30:00.540054,UAE,iOS,0
U_06898,2026-03-09 18:22:34.455445,Saudi Arabia,iOS,0
U_06899,2026-03-09 19:15:08.370837,Saudi Arabia,Web,0
U_06900,2026-03-09 20:07:42.286228,Saudi Arabia,Andriod,0
U_06901,2026-03-09 21:00:16.201620,Saudi Arabia,iOS,0
U_06902,2026-03-09 21:52:50.117011,Saudi Arabia,iOS,0
U_06903,2026-03-09 22:45:24.032403,Saudi Arabia,Andriod,0
U_06904,2026-03-09 23:37:57.947794,Saudi Arabia,iOS,0
U_06905,2026-03-10 00:30:31.863186,Saudi Arabia,Andriod,0
U_06906,2026-03-10 01:23:05.778577,Saudi Arabia,Web,0
U_06907,2026-03-10 02:15:39.693969,Saudi Arabia,iOS,0
U_06908,2026-03-10 03:08:13.609360,UAE,iOS,0
U_06909,2026-03-10 04:00:47.524752,UAE,Andriod,0
U_06910,2026-03-10 04:53:21.440144,Saudi Arabia,iOS,1
U_06911,2026-03-10 05:45:55.355535,Saudi Arabia,Web,0
U_06912,2026-03-10 06:38:29.270927,Qatar,Andriod,0
U_06913,2026-03-10 07:31:03.186318,Saudi Arabia,Web,0
U_06914,2026-03-10 08:23:37.101710,Saudi Arabia,iOS,0
U_06915,2026-03-10 09:16:11.017101,Saudi Arabia,iOS,0
U_06916,2026-03-10 10:08:44.932493,Saudi Arabia,Andriod,0
U_06917,2026-03-10 11:01:18.847884,Saudi Arabia,Andriod,0
U_06918,2026-03-10 11:53:52.763276,Bahrain,iOS,0
U_06919,2026-03-10 12:46:26.678667,Saudi Arabia,Web,0
U_06920,2026-03-10 13:39:00.594059,Saudi Arabia,Andriod,0
U_06921,2026-03-10 14:31:34.509450,Qatar,Andriod,0
U_06922,2026-03-10 15:24:08.424842,Saudi Arabia,iOS,0
U_06923,2026-03-10 16:16:42.340234,Saudi Arabia,Andriod,0
U_06924,2026-03-10 17:09:16.255625,Saudi Arabia,Andriod,0
U_06925,2026-03-10 18:01:50.171017,Saudi Arabia,Andriod,0
U_06926,2026-03-10 18:54:24.086408,Saudi Arabia,Web,0
U_06927,2026-03-10 19:46:58.001800,Saudi Arabia,iOS,0
U_06928,2026-03-10 20:39:31.917191,Saudi Arabia,iOS,0
U_06929,2026-03-10 21:32:05.832583,Saudi Arabia,iOS,0
U_06930,2026-03-10 22:24:39.747974,Saudi Arabia,Andriod,0
U_06931,2026-03-10 23:17:13.663366,Saudi Arabia,Andriod,0
U_06932,2026-03-11 00:09:47.578757,Saudi Arabia,iOS,0
U_06933,2026-03-11 01:02:21.494149,Saudi Arabia,iOS,0
U_06934,2026-03-11 01:54:55.409540,Saudi Arabia,iOS,0
U_06935,2026-03-11 02:47:29.324932,Qatar,iOS,0
U_06936,2026-03-11 03:40:03.240324,Saudi Arabia,Andriod,0
U_06937,2026-03-11 04:32:37.155715,Saudi Arabia,iOS,0
U_06938,2026-03-11 05:25:11.071107,Kuwait,iOS,0
U_06939,2026-03-11 06:17:44.986498,Saudi Arabia,Andriod,0
U_06940,2026-03-11 07:10:18.901890,Saudi Arabia,Andriod,0
U_06941,2026-03-11 08:02:52.817281,UAE,Andriod,0
U_06942,2026-03-11 08:55:26.732673,UAE,iOS,0
U_06943,2026-03-11 09:48:00.648064,Saudi Arabia,iOS,0
U_06944,2026-03-11 10:40:34.563456,Saudi Arabia,Andriod,0
U_06945,2026-03-11 11:33:08.478847,Saudi Arabia,iOS,0
U_06946,2026-03-11 12:25:42.394239,Kuwait,iOS,0
U_06947,2026-03-11 13:18:16.309630,Saudi Arabia,Andriod,0
U_06948,2026-03-11 14:10:50.225022,Saudi Arabia,Web,0
U_06949,2026-03-11 15:03:24.140414,Bahrain,iOS,0
U_06950,2026-03-11 15:55:58.055805,Saudi Arabia,iOS,0
U_06951,2026-03-11 16:48:31.971197,Kuwait,Web,0
U_06952,2026-03-11 17:41:05.886588,Saudi Arabia,iOS,0
U_06953,2026-03-11 18:33:39.801980,Saudi Arabia,Andriod,0
U_06954,2026-03-11 19:26:13.717371,Saudi Arabia,Web,0
U_06955,2026-03-11 20:18:47.632763,UAE,Web,0
U_06956,2026-03-11 21:11:21.548154,Saudi Arabia,Andriod,0
U_06957,2026-03-11 22:03:55.463546,Saudi Arabia,iOS,0
U_06958,2026-03-11 22:56:29.378937,Saudi Arabia,iOS,0
U_06959,2026-03-11 23:49:03.294329,Kuwait,Andriod,0
U_06960,2026-03-12 00:41:37.209720,Qatar,Web,0
U_06961,2026-03-12 01:34:11.125112,Saudi Arabia,Andriod,1
U_06962,2026-03-12 02:26:45.040504,Saudi Arabia,Andriod,0
U_06963,2026-03-12 03:19:18.955895,Qatar,Andriod,0
U_06964,2026-03-12 04:11:52.871287,Saudi Arabia,Andriod,0
U_06965,2026-03-12 05:04:26.786678,Saudi Arabia,Andriod,0
U_06966,2026-03-12 05:57:00.702070,Saudi Arabia,Andriod,0
U_06967,2026-03-12 06:49:34.617461,UAE,Andriod,1
U_06968,2026-03-12 07:42:08.532853,Saudi Arabia,iOS,1
U_06969,2026-03-12 08:34:42.448244,Saudi Arabia,Andriod,0
U_06970,2026-03-12 09:27:16.363636,Saudi Arabia,Andriod,0
U_06971,2026-03-12 10:19:50.279027,Saudi Arabia,iOS,0
U_06972,2026-03-12 11:12:24.194419,Saudi Arabia,Andriod,0
U_06973,2026-03-12 12:04:58.109810,Saudi Arabia,Andriod,0
U_06974,2026-03-12 12:57:32.025202,Saudi Arabia,Web,0
U_06975,2026-03-12 13:50:05.940594,Saudi Arabia,iOS,0
U_06976,2026-03-12 14:42:39.855985,Saudi Arabia,Andriod,0
U_06977,2026-03-12 15:35:13.771377,Kuwait,iOS,0
U_06978,2026-03-12 16:27:47.686768,UAE,Web,1
U_06979,2026-03-12 17:20:21.602160,Kuwait,iOS,0
U_06980,2026-03-12 18:12:55.517551,Saudi Arabia,Andriod,0
U_06981,2026-03-12 19:05:29.432943,Saudi Arabia,Andriod,0
U_06982,2026-03-12 19:58:03.348334,Saudi Arabia,iOS,0
U_06983,2026-03-12 20:50:37.263726,Qatar,Web,0
U_06984,2026-03-12 21:43:11.179117,UAE,Andriod,0
U_06985,2026-03-12 22:35:45.094509,UAE,iOS,0
U_06986,2026-03-12 23:28:19.009900,Saudi Arabia,iOS,0
U_06987,2026-03-13 00:20:52.925292,Saudi Arabia,iOS,0
U_06988,2026-03-13 01:13:26.840684,Saudi Arabia,iOS,0
U_06989,2026-03-13 02:06:00.756075,Saudi Arabia,Andriod,0
U_06990,2026-03-13 02:58:34.671467,Saudi Arabia,Web,0
U_06991,2026-03-13 03:51:08.586858,Qatar,iOS,0
U_06992,2026-03-13 04:43:42.502250,Saudi Arabia,Andriod,0
U_06993,2026-03-13 05:36:16.417641,Saudi Arabia,Andriod,0
U_06994,2026-03-13 06:28:50.333033,Saudi Arabia,iOS,0
U_06995,2026-03-13 07:21:24.248424,Bahrain,iOS,0
U_06996,2026-03-13 08:13:58.163816,Saudi Arabia,iOS,0
U_06997,2026-03-13 09:06:32.079207,Saudi Arabia,Andriod,0
U_06998,2026-03-13 09:59:05.994599,Bahrain,Andriod,0
U_06999,2026-03-13 10:51:39.909991,Saudi Arabia,Andriod,0
U_07000,2026-03-13 11:44:13.825382,Saudi Arabia,iOS,0
U_07001,2026-03-13 12:36:47.740774,Saudi Arabia,Andriod,0
U_07002,2026-03-13 13:29:21.656165,Saudi Arabia,Andriod,0
U_07003,2026-03-13 14:21:55.571557,UAE,Andriod,1
U_07004,2026-03-13 15:14:29.486948,Kuwait,Andriod,0
U_07005,2026-03-13 16:07:03.402340,Saudi Arabia,Andriod,0
U_07006,2026-03-13 16:59:37.317731,Saudi Arabia,Andriod,0
U_07007,2026-03-13 17:52:11.233123,Saudi Arabia,Andriod,1
U_07008,2026-03-13 18:44:45.148514,Saudi Arabia,iOS,0
U_07009,2026-03-13 19:37:19.063906,Saudi Arabia,Web,1
U_07010,2026-03-13 20:29:52.979297,Saudi Arabia,Andriod,0
U_07011,2026-03-13 21:22:26.894689,Saudi Arabia,Web,0
U_07012,2026-03-13 22:15:00.810081,UAE,Andriod,0
U_07013,2026-03-13 23:07:34.725472,Saudi Arabia,Andriod,0
U_07014,2026-03-14 00:00:08.640864,Saudi Arabia,iOS,0
U_07015,2026-03-14 00:52:42.556255,Saudi Arabia,iOS,1
U_07016,2026-03-14 01:45:16.471647,UAE,Web,0
U_07017,2026-03-14 02:37:50.387038,Saudi Arabia,iOS,0
U_07018,2026-03-14 03:30:24.302430,Saudi Arabia,iOS,1
U_07019,2026-03-14 04:22:58.217821,Saudi Arabia,Andriod,0
U_07020,2026-03-14 05:15:32.133213,Kuwait,Andriod,0
U_07021,2026-03-14 06:08:06.048604,Saudi Arabia,iOS,0
U_07022,2026-03-14 07:00:39.963996,UAE,iOS,0
U_07023,2026-03-14 07:53:13.879387,Qatar,Andriod,0
U_07024,2026-03-14 08:45:47.794779,Kuwait,iOS,0
U_07025,2026-03-14 09:38:21.710171,Saudi Arabia,Andriod,0
U_07026,2026-03-14 10:30:55.625562,Saudi Arabia,iOS,1
U_07027,2026-03-14 11:23:29.540954,Saudi Arabia,Andriod,0
U_07028,2026-03-14 12:16:03.456345,Other,Andriod,0
U_07029,2026-03-14 13:08:37.371737,Saudi Arabia,Andriod,1
U_07030,2026-03-14 14:01:11.287128,Saudi Arabia,iOS,0
U_07031,2026-03-14 14:53:45.202520,Saudi Arabia,Andriod,0
U_07032,2026-03-14 15:46:19.117911,Saudi Arabia,Andriod,0
U_07033,2026-03-14 16:38:53.033303,Saudi Arabia,iOS,0
U_07034,2026-03-14 17:31:26.948694,Saudi Arabia,Andriod,0
U_07035,2026-03-14 18:24:00.864086,Saudi Arabia,Andriod,0
U_07036,2026-03-14 19:16:34.779477,UAE,Andriod,0
U_07037,2026-03-14 20:09:08.694869,Saudi Arabia,iOS,0
U_07038,2026-03-14 21:01:42.610261,Saudi Arabia,iOS,0
U_07039,2026-03-14 21:54:16.525652,Saudi Arabia,Web,0
U_07040,2026-03-14 22:46:50.441044,Saudi Arabia,Andriod,1
U_07041,2026-03-14 23:39:24.356435,Kuwait,Andriod,0
U_07042,2026-03-15 00:31:58.271827,Saudi Arabia,Andriod,0
U_07043,2026-03-15 01:24:32.187218,Saudi Arabia,iOS,0
U_07044,2026-03-15 02:17:06.102610,Saudi Arabia,Andriod,0
U_07045,2026-03-15 03:09:40.018001,Qatar,iOS,0
U_07046,2026-03-15 04:02:13.933393,Saudi Arabia,Andriod,0
U_07047,2026-03-15 04:54:47.848784,Kuwait,Andriod,0
U_07048,2026-03-15 05:47:21.764176,Saudi Arabia,Web,0
U_07049,2026-03-15 06:39:55.679567,Saudi Arabia,Andriod,0
U_07050,2026-03-15 07:32:29.594959,Saudi Arabia,iOS,1
U_07051,2026-03-15 08:25:03.510351,UAE,Andriod,0
U_07052,2026-03-15 09:17:37.425742,Saudi Arabia,iOS,0
U_07053,2026-03-15 10:10:11.341134,Bahrain,iOS,0
U_07054,2026-03-15 11:02:45.256525,Saudi Arabia,iOS,0
U_07055,2026-03-15 11:55:19.171917,Saudi Arabia,Andriod,0
U_07056,2026-03-15 12:47:53.087308,Saudi Arabia,iOS,0
U_07057,2026-03-15 13:40:27.002700,UAE,Andriod,0
U_07058,2026-03-15 14:33:00.918091,Saudi Arabia,Web,0
U_07059,2026-03-15 15:25:34.833483,Bahrain,Andriod,0
U_07060,2026-03-15 16:18:08.748874,Bahrain,iOS,0
U_07061,2026-03-15 17:10:42.664266,Qatar,iOS,0
U_07062,2026-03-15 18:03:16.579657,Saudi Arabia,Andriod,0
U_07063,2026-03-15 18:55:50.495049,Saudi Arabia,Andriod,0
U_07064,2026-03-15 19:48:24.410441,Kuwait,iOS,0
U_07065,2026-03-15 20:40:58.325832,Saudi Arabia,Andriod,0
U_07066,2026-03-15 21:33:32.241224,Saudi Arabia,Andriod,0
U_07067,2026-03-15 22:26:06.156615,Saudi Arabia,Andriod,0
U_07068,2026-03-15 23:18:40.072007,Saudi Arabia,Web,0
U_07069,2026-03-16 00:11:13.987398,Saudi Arabia,Andriod,0
U_07070,2026-03-16 01:03:47.902790,Saudi Arabia,Andriod,0
U_07071,2026-03-16 01:56:21.818181,Saudi Arabia,iOS,0
U_07072,2026-03-16 02:48:55.733573,Saudi Arabia,Andriod,0
U_07073,2026-03-16 03:41:29.648964,Saudi Arabia,Andriod,0
U_07074,2026-03-16 04:34:03.564356,Saudi Arabia,iOS,0
U_07075,2026-03-16 05:26:37.479747,Saudi Arabia,Andriod,0
U_07076,2026-03-16 06:19:11.395139,Saudi Arabia,iOS,0
U_07077,2026-03-16 07:11:45.310531,Saudi Arabia,iOS,0
U_07078,2026-03-16 08:04:19.225922,Saudi Arabia,iOS,0
U_07079,2026-03-16 08:56:53.141314,Saudi Arabia,Andriod,0
U_07080,2026-03-16 09:49:27.056705,Kuwait,Web,0
U_07081,2026-03-16 10:42:00.972097,Saudi Arabia,Andriod,1
U_07082,2026-03-16 11:34:34.887488,Kuwait,Andriod,0
U_07083,2026-03-16 12:27:08.802880,Saudi Arabia,iOS,0
U_07084,2026-03-16 13:19:42.718271,Saudi Arabia,Web,0
U_07085,2026-03-16 14:12:16.633663,Saudi Arabia,Andriod,0
U_07086,2026-03-16 15:04:50.549054,Saudi Arabia,Andriod,0
U_07087,2026-03-16 15:57:24.464446,Saudi Arabia,Andriod,0
U_07088,2026-03-16 16:49:58.379837,Saudi Arabia,iOS,0
U_07089,2026-03-16 17:42:32.295229,Saudi Arabia,Andriod,0
U_07090,2026-03-16 18:35:06.210621,Saudi Arabia,Web,1
U_07091,2026-03-16 19:27:40.126012,Saudi Arabia,iOS,0
U_07092,2026-03-16 20:20:14.041404,Bahrain,Andriod,0
U_07093,2026-03-16 21:12:47.956795,Saudi Arabia,Web,0
U_07094,2026-03-16 22:05:21.872187,Saudi Arabia,iOS,0
U_07095,2026-03-16 22:57:55.787578,Saudi Arabia,Andriod,0
U_07096,2026-03-16 23:50:29.702970,Saudi Arabia,Web,0
U_07097,2026-03-17 00:43:03.618361,UAE,Andriod,0
U_07098,2026-03-17 01:35:37.533753,Saudi Arabia,iOS,0
U_07099,2026-03-17 02:28:11.449144,Saudi Arabia,iOS,0
U_07100,2026-03-17 03:20:45.364536,Bahrain,iOS,0
U_07101,2026-03-17 04:13:19.279927,Saudi Arabia,Andriod,0
U_07102,2026-03-17 05:05:53.195319,Saudi Arabia,Andriod,0
U_07103,2026-03-17 05:58:27.110711,Qatar,Andriod,0
U_07104,2026-03-17 06:51:01.026102,Saudi Arabia,iOS,1
U_07105,2026-03-17 07:43:34.941494,Saudi Arabia,iOS,0
U_07106,2026-03-17 08:36:08.856885,Saudi Arabia,Andriod,0
U_07107,2026-03-17 09:28:42.772277,Saudi Arabia,Andriod,0
U_07108,2026-03-17 10:21:16.687668,Saudi Arabia,Web,0
U_07109,2026-03-17 11:13:50.603060,Bahrain,Andriod,0
U_07110,2026-03-17 12:06:24.518451,Saudi Arabia,Andriod,0
U_07111,2026-03-17 12:58:58.433843,Kuwait,Andriod,1
U_07112,2026-03-17 13:51:32.349234,Bahrain,Andriod,1
U_07113,2026-03-17 14:44:06.264626,Saudi Arabia,Andriod,1
U_07114,2026-03-17 15:36:40.180018,Saudi Arabia,Web,0
U_07115,2026-03-17 16:29:14.095409,Saudi Arabia,Andriod,1
U_07116,2026-03-17 17:21:48.010801,Bahrain,iOS,0
U_07117,2026-03-17 18:14:21.926192,UAE,iOS,0
U_07118,2026-03-17 19:06:55.841584,Saudi Arabia,iOS,1
U_07119,2026-03-17 19:59:29.756975,Saudi Arabia,Andriod,1
U_07120,2026-03-17 20:52:03.672367,Saudi Arabia,iOS,0
U_07121,2026-03-17 21:44:37.587758,Bahrain,iOS,0
U_07122,2026-03-17 22:37:11.503150,Saudi Arabia,Andriod,0
U_07123,2026-03-17 23:29:45.418541,Saudi Arabia,iOS,0
U_07124,2026-03-18 00:22:19.333933,UAE,Andriod,0
U_07125,2026-03-18 01:14:53.249324,Saudi Arabia,Andriod,0
U_07126,2026-03-18 02:07:27.164716,Saudi Arabia,Andriod,0
U_07127,2026-03-18 03:00:01.080108,Saudi Arabia,iOS,0
U_07128,2026-03-18 03:52:34.995499,Saudi Arabia,iOS,0
U_07129,2026-03-18 04:45:08.910891,Saudi Arabia,Andriod,1
U_07130,2026-03-18 05:37:42.826282,Qatar,Andriod,0
U_07131,2026-03-18 06:30:16.741674,Saudi Arabia,Andriod,0
U_07132,2026-03-18 07:22:50.657065,Saudi Arabia,iOS,0
U_07133,2026-03-18 08:15:24.572457,Saudi Arabia,Andriod,0
U_07134,2026-03-18 09:07:58.487848,Saudi Arabia,iOS,0
U_07135,2026-03-18 10:00:32.403240,Saudi Arabia,Web,0
U_07136,2026-03-18 10:53:06.318631,Kuwait,Web,1
U_07137,2026-03-18 11:45:40.234023,UAE,Andriod,0
U_07138,2026-03-18 12:38:14.149414,Saudi Arabia,Andriod,0
U_07139,2026-03-18 13:30:48.064806,Saudi Arabia,Andriod,0
U_07140,2026-03-18 14:23:21.980198,Saudi Arabia,Andriod,0
U_07141,2026-03-18 15:15:55.895589,Qatar,Andriod,0
U_07142,2026-03-18 16:08:29.810981,Saudi Arabia,Web,0
U_07143,2026-03-18 17:01:03.726372,Kuwait,Andriod,0
U_07144,2026-03-18 17:53:37.641764,Saudi Arabia,Andriod,0
U_07145,2026-03-18 18:46:11.557155,Qatar,Andriod,0
U_07146,2026-03-18 19:38:45.472547,Kuwait,Andriod,0
U_07147,2026-03-18 20:31:19.387938,Kuwait,Andriod,1
U_07148,2026-03-18 21:23:53.303330,Saudi Arabia,iOS,0
U_07149,2026-03-18 22:16:27.218721,Saudi Arabia,iOS,1
U_07150,2026-03-18 23:09:01.134113,Saudi Arabia,iOS,0
U_07151,2026-03-19 00:01:35.049504,Kuwait,Andriod,0
U_07152,2026-03-19 00:54:08.964896,Saudi Arabia,Andriod,0
U_07153,2026-03-19 01:46:42.880288,Qatar,Web,0
U_07154,2026-03-19 02:39:16.795679,Bahrain,Andriod,0
U_07155,2026-03-19 03:31:50.711071,Saudi Arabia,Andriod,0
U_07156,2026-03-19 04:24:24.626462,UAE,iOS,0
U_07157,2026-03-19 05:16:58.541854,Saudi Arabia,Andriod,0
U_07158,2026-03-19 06:09:32.457245,Saudi Arabia,Andriod,1
U_07159,2026-03-19 07:02:06.372637,Saudi Arabia,Andriod,1
U_07160,2026-03-19 07:54:40.288028,Saudi Arabia,iOS,0
U_07161,2026-03-19 08:47:14.203420,Kuwait,Andriod,0
U_07162,2026-03-19 09:39:48.118811,Saudi Arabia,Andriod,0
U_07163,2026-03-19 10:32:22.034203,Saudi Arabia,Andriod,0
U_07164,2026-03-19 11:24:55.949594,Saudi Arabia,Web,0
U_07165,2026-03-19 12:17:29.864986,Kuwait,Andriod,0
U_07166,2026-03-19 13:10:03.780378,Saudi Arabia,Web,1
U_07167,2026-03-19 14:02:37.695769,UAE,Andriod,0
U_07168,2026-03-19 14:55:11.611161,Saudi Arabia,Web,0
U_07169,2026-03-19 15:47:45.526552,Saudi Arabia,Andriod,0
U_07170,2026-03-19 16:40:19.441944,Saudi Arabia,iOS,0
U_07171,2026-03-19 17:32:53.357335,Saudi Arabia,Andriod,0
U_07172,2026-03-19 18:25:27.272727,Bahrain,iOS,0
U_07173,2026-03-19 19:18:01.188118,Saudi Arabia,iOS,0
U_07174,2026-03-19 20:10:35.103510,Kuwait,iOS,1
U_07175,2026-03-19 21:03:09.018901,Saudi Arabia,iOS,0
U_07176,2026-03-19 21:55:42.934293,Saudi Arabia,Andriod,0
U_07177,2026-03-19 22:48:16.849684,Other,Andriod,1
U_07178,2026-03-19 23:40:50.765076,Kuwait,iOS,0
U_07179,2026-03-20 00:33:24.680468,Saudi Arabia,Andriod,0
U_07180,2026-03-20 01:25:58.595859,Saudi Arabia,Andriod,0
U_07181,2026-03-20 02:18:32.511251,Saudi Arabia,Web,1
U_07182,2026-03-20 03:11:06.426642,Saudi Arabia,Andriod,0
U_07183,2026-03-20 04:03:40.342034,Kuwait,Andriod,0
U_07184,2026-03-20 04:56:14.257425,Kuwait,iOS,0
U_07185,2026-03-20 05:48:48.172817,Saudi Arabia,iOS,0
U_07186,2026-03-20 06:41:22.088208,Bahrain,iOS,0
U_07187,2026-03-20 07:33:56.003600,Saudi Arabia,Andriod,0
U_07188,2026-03-20 08:26:29.918991,Saudi Arabia,Web,1
U_07189,2026-03-20 09:19:03.834383,Saudi Arabia,iOS,0
U_07190,2026-03-20 10:11:37.749774,Saudi Arabia,iOS,1
U_07191,2026-03-20 11:04:11.665166,Saudi Arabia,iOS,0
U_07192,2026-03-20 11:56:45.580558,Saudi Arabia,Andriod,0
U_07193,2026-03-20 12:49:19.495949,Saudi Arabia,iOS,1
U_07194,2026-03-20 13:41:53.411341,Saudi Arabia,Andriod,0
U_07195,2026-03-20 14:34:27.326732,UAE,iOS,0
U_07196,2026-03-20 15:27:01.242124,Saudi Arabia,Andriod,0
U_07197,2026-03-20 16:19:35.157515,Saudi Arabia,iOS,0
U_07198,2026-03-20 17:12:09.072907,Kuwait,Andriod,0
U_07199,2026-03-20 18:04:42.988298,Qatar,iOS,0
U_07200,2026-03-20 18:57:16.903690,Qatar,Andriod,0
U_07201,2026-03-20 19:49:50.819081,Saudi Arabia,Andriod,0
U_07202,2026-03-20 20:42:24.734473,Saudi Arabia,Andriod,0
U_07203,2026-03-20 21:34:58.649864,Saudi Arabia,Andriod,0
U_07204,2026-03-20 22:27:32.565256,Saudi Arabia,iOS,0
U_07205,2026-03-20 23:20:06.480648,Qatar,iOS,0
U_07206,2026-03-21 00:12:40.396039,Saudi Arabia,Andriod,0
U_07207,2026-03-21 01:05:14.311431,Saudi Arabia,Andriod,1
U_07208,2026-03-21 01:57:48.226822,Saudi Arabia,Andriod,0
U_07209,2026-03-21 02:50:22.142214,Saudi Arabia,Andriod,0
U_07210,2026-03-21 03:42:56.057605,Kuwait,Andriod,0
U_07211,2026-03-21 04:35:29.972997,Saudi Arabia,Andriod,0
U_07212,2026-03-21 05:28:03.888388,Saudi Arabia,iOS,0
U_07213,2026-03-21 06:20:37.803780,Saudi Arabia,Andriod,0
U_07214,2026-03-21 07:13:11.719171,Saudi Arabia,iOS,0
U_07215,2026-03-21 08:05:45.634563,Saudi Arabia,Andriod,0
U_07216,2026-03-21 08:58:19.549954,Saudi Arabia,iOS,0
U_07217,2026-03-21 09:50:53.465346,Saudi Arabia,iOS,0
U_07218,2026-03-21 10:43:27.380738,Kuwait,Andriod,0
U_07219,2026-03-21 11:36:01.296129,Qatar,Andriod,0
U_07220,2026-03-21 12:28:35.211521,Bahrain,iOS,1
U_07221,2026-03-21 13:21:09.126912,Qatar,iOS,0
U_07222,2026-03-21 14:13:43.042304,Saudi Arabia,Andriod,0
U_07223,2026-03-21 15:06:16.957695,Saudi Arabia,Web,0
U_07224,2026-03-21 15:58:50.873087,Saudi Arabia,Andriod,0
U_07225,2026-03-21 16:51:24.788478,Bahrain,Web,0
U_07226,2026-03-21 17:43:58.703870,Qatar,iOS,0
U_07227,2026-03-21 18:36:32.619261,UAE,Andriod,0
U_07228,2026-03-21 19:29:06.534653,Saudi Arabia,Andriod,0
U_07229,2026-03-21 20:21:40.450045,Qatar,Andriod,0
U_07230,2026-03-21 21:14:14.365436,Saudi Arabia,iOS,1
U_07231,2026-03-21 22:06:48.280828,Saudi Arabia,Andriod,0
U_07232,2026-03-21 22:59:22.196219,Saudi Arabia,Andriod,0
U_07233,2026-03-21 23:51:56.111611,Saudi Arabia,Andriod,0
U_07234,2026-03-22 00:44:30.027002,Saudi Arabia,Andriod,0
U_07235,2026-03-22 01:37:03.942394,Saudi Arabia,Andriod,0
U_07236,2026-03-22 02:29:37.857785,Saudi Arabia,Andriod,0
U_07237,2026-03-22 03:22:11.773177,Saudi Arabia,iOS,1
U_07238,2026-03-22 04:14:45.688568,UAE,Andriod,0
U_07239,2026-03-22 05:07:19.603960,Saudi Arabia,Andriod,0
U_07240,2026-03-22 05:59:53.519351,Saudi Arabia,Web,0
U_07241,2026-03-22 06:52:27.434743,UAE,iOS,0
U_07242,2026-03-22 07:45:01.350135,Bahrain,Andriod,1
U_07243,2026-03-22 08:37:35.265526,Saudi Arabia,iOS,0
U_07244,2026-03-22 09:30:09.180918,Saudi Arabia,iOS,1
U_07245,2026-03-22 10:22:43.096309,Saudi Arabia,Andriod,0
U_07246,2026-03-22 11:15:17.011701,Saudi Arabia,Andriod,0
U_07247,2026-03-22 12:07:50.927092,Saudi Arabia,iOS,1
U_07248,2026-03-22 13:00:24.842484,UAE,Andriod,0
U_07249,2026-03-22 13:52:58.757875,Saudi Arabia,Andriod,0
U_07250,2026-03-22 14:45:32.673267,UAE,Web,0
U_07251,2026-03-22 15:38:06.588658,UAE,iOS,0
U_07252,2026-03-22 16:30:40.504050,Bahrain,Andriod,0
U_07253,2026-03-22 17:23:14.419441,Saudi Arabia,Andriod,0
U_07254,2026-03-22 18:15:48.334833,Bahrain,iOS,0
U_07255,2026-03-22 19:08:22.250225,Saudi Arabia,Andriod,0
U_07256,2026-03-22 20:00:56.165616,Saudi Arabia,Andriod,1
U_07257,2026-03-22 20:53:30.081008,Saudi Arabia,iOS,0
U_07258,2026-03-22 21:46:03.996399,Saudi Arabia,Web,0
U_07259,2026-03-22 22:38:37.911791,Kuwait,Andriod,0
U_07260,2026-03-22 23:31:11.827182,Saudi Arabia,Andriod,0
U_07261,2026-03-23 00:23:45.742574,Saudi Arabia,Andriod,0
U_07262,2026-03-23 01:16:19.657965,Saudi Arabia,iOS,0
U_07263,2026-03-23 02:08:53.573357,Saudi Arabia,Andriod,0
U_07264,2026-03-23 03:01:27.488748,Saudi Arabia,iOS,0
U_07265,2026-03-23 03:54:01.404140,UAE,Andriod,0
U_07266,2026-03-23 04:46:35.319531,Saudi Arabia,iOS,0
U_07267,2026-03-23 05:39:09.234923,Saudi Arabia,iOS,0
U_07268,2026-03-23 06:31:43.150315,Saudi Arabia,Andriod,0
U_07269,2026-03-23 07:24:17.065706,Saudi Arabia,iOS,0
U_07270,2026-03-23 08:16:50.981098,Saudi Arabia,Andriod,0
U_07271,2026-03-23 09:09:24.896489,Saudi Arabia,Andriod,0
U_07272,2026-03-23 10:01:58.811881,Qatar,Andriod,0
U_07273,2026-03-23 10:54:32.727272,Saudi Arabia,Andriod,1
U_07274,2026-03-23 11:47:06.642664,Saudi Arabia,iOS,0
U_07275,2026-03-23 12:39:40.558055,Saudi Arabia,iOS,0
U_07276,2026-03-23 13:32:14.473447,UAE,Andriod,0
U_07277,2026-03-23 14:24:48.388838,Saudi Arabia,Andriod,0
U_07278,2026-03-23 15:17:22.304230,Saudi Arabia,Andriod,0
U_07279,2026-03-23 16:09:56.219621,Kuwait,iOS,1
U_07280,2026-03-23 17:02:30.135013,Saudi Arabia,iOS,0
U_07281,2026-03-23 17:55:04.050405,Saudi Arabia,iOS,0
U_07282,2026-03-23 18:47:37.965796,Saudi Arabia,iOS,0
U_07283,2026-03-23 19:40:11.881188,Saudi Arabia,iOS,0
U_07284,2026-03-23 20:32:45.796579,Saudi Arabia,Andriod,0
U_07285,2026-03-23 21:25:19.711971,Saudi Arabia,iOS,0
U_07286,2026-03-23 22:17:53.627362,Saudi Arabia,Andriod,1
U_07287,2026-03-23 23:10:27.542754,Saudi Arabia,Andriod,0
U_07288,2026-03-24 00:03:01.458145,Saudi Arabia,iOS,0
U_07289,2026-03-24 00:55:35.373537,Qatar,Andriod,0
U_07290,2026-03-24 01:48:09.288928,UAE,Andriod,0
U_07291,2026-03-24 02:40:43.204320,Kuwait,Andriod,0
U_07292,2026-03-24 03:33:17.119711,Saudi Arabia,Andriod,0
U_07293,2026-03-24 04:25:51.035103,Saudi Arabia,iOS,1
U_07294,2026-03-24 05:18:24.950495,Saudi Arabia,Andriod,0
U_07295,2026-03-24 06:10:58.865886,Saudi Arabia,Andriod,0
U_07296,2026-03-24 07:03:32.781278,Qatar,Andriod,0
U_07297,2026-03-24 07:56:06.696669,Saudi Arabia,Andriod,0
U_07298,2026-03-24 08:48:40.612061,Saudi Arabia,Andriod,0
U_07299,2026-03-24 09:41:14.527452,Saudi Arabia,Andriod,0
U_07300,2026-03-24 10:33:48.442844,Saudi Arabia,Andriod,0
U_07301,2026-03-24 11:26:22.358235,Saudi Arabia,Andriod,0
U_07302,2026-03-24 12:18:56.273627,Saudi Arabia,Andriod,0
U_07303,2026-03-24 13:11:30.189018,Saudi Arabia,iOS,1
U_07304,2026-03-24 14:04:04.104410,Bahrain,iOS,0
U_07305,2026-03-24 14:56:38.019801,Saudi Arabia,Andriod,1
U_07306,2026-03-24 15:49:11.935193,Bahrain,iOS,1
U_07307,2026-03-24 16:41:45.850585,UAE,iOS,1
U_07308,2026-03-24 17:34:19.765976,Saudi Arabia,Andriod,1
U_07309,2026-03-24 18:26:53.681368,Kuwait,iOS,1
U_07310,2026-03-24 19:19:27.596759,Saudi Arabia,iOS,0
U_07311,2026-03-24 20:12:01.512151,Qatar,Andriod,0
U_07312,2026-03-24 21:04:35.427542,Saudi Arabia,Andriod,0
U_07313,2026-03-24 21:57:09.342934,Saudi Arabia,Andriod,0
U_07314,2026-03-24 22:49:43.258325,Saudi Arabia,Andriod,0
U_07315,2026-03-24 23:42:17.173717,Saudi Arabia,Andriod,0
U_07316,2026-03-25 00:34:51.089108,Other,Andriod,0
U_07317,2026-03-25 01:27:25.004500,Saudi Arabia,Andriod,1
U_07318,2026-03-25 02:19:58.919891,Saudi Arabia,Andriod,0
U_07319,2026-03-25 03:12:32.835283,Saudi Arabia,Andriod,0
U_07320,2026-03-25 04:05:06.750675,Qatar,Andriod,0
U_07321,2026-03-25 04:57:40.666066,Saudi Arabia,iOS,0
U_07322,2026-03-25 05:50:14.581458,Saudi Arabia,iOS,0
U_07323,2026-03-25 06:42:48.496849,Saudi Arabia,Andriod,1
U_07324,2026-03-25 07:35:22.412241,Kuwait,iOS,0
U_07325,2026-03-25 08:27:56.327632,Saudi Arabia,Andriod,0
U_07326,2026-03-25 09:20:30.243024,Saudi Arabia,Andriod,0
U_07327,2026-03-25 10:13:04.158415,Saudi Arabia,Andriod,0
U_07328,2026-03-25 11:05:38.073807,Kuwait,iOS,0
U_07329,2026-03-25 11:58:11.989198,Saudi Arabia,Andriod,0
U_07330,2026-03-25 12:50:45.904590,Saudi Arabia,iOS,1
U_07331,2026-03-25 13:43:19.819982,Saudi Arabia,Andriod,0
U_07332,2026-03-25 14:35:53.735373,UAE,Andriod,0
U_07333,2026-03-25 15:28:27.650765,Qatar,iOS,1
U_07334,2026-03-25 16:21:01.566156,Saudi Arabia,Web,1
U_07335,2026-03-25 17:13:35.481548,Saudi Arabia,iOS,0
U_07336,2026-03-25 18:06:09.396939,Saudi Arabia,Web,0
U_07337,2026-03-25 18:58:43.312331,Saudi Arabia,iOS,0
U_07338,2026-03-25 19:51:17.227722,Saudi Arabia,iOS,0
U_07339,2026-03-25 20:43:51.143114,Saudi Arabia,iOS,0
U_07340,2026-03-25 21:36:25.058505,Saudi Arabia,iOS,0
U_07341,2026-03-25 22:28:58.973897,Qatar,Andriod,0
U_07342,2026-03-25 23:21:32.889288,Saudi Arabia,Andriod,0
U_07343,2026-03-26 00:14:06.804680,Saudi Arabia,Andriod,0
U_07344,2026-03-26 01:06:40.720072,Saudi Arabia,iOS,1
U_07345,2026-03-26 01:59:14.635463,Saudi Arabia,Andriod,0
U_07346,2026-03-26 02:51:48.550855,Saudi Arabia,Andriod,0
U_07347,2026-03-26 03:44:22.466246,Saudi Arabia,Andriod,0
U_07348,2026-03-26 04:36:56.381638,Saudi Arabia,Andriod,0
U_07349,2026-03-26 05:29:30.297029,Kuwait,Andriod,0
U_07350,2026-03-26 06:22:04.212421,Qatar,iOS,0
U_07351,2026-03-26 07:14:38.127812,Saudi Arabia,Andriod,0
U_07352,2026-03-26 08:07:12.043204,Saudi Arabia,Andriod,0
U_07353,2026-03-26 08:59:45.958595,Saudi Arabia,Andriod,0
U_07354,2026-03-26 09:52:19.873987,Saudi Arabia,iOS,0
U_07355,2026-03-26 10:44:53.789378,Saudi Arabia,iOS,0
U_07356,2026-03-26 11:37:27.704770,Kuwait,iOS,0
U_07357,2026-03-26 12:30:01.620162,Other,iOS,0
U_07358,2026-03-26 13:22:35.535553,Qatar,iOS,0
U_07359,2026-03-26 14:15:09.450945,Saudi Arabia,Andriod,0
U_07360,2026-03-26 15:07:43.366336,UAE,Andriod,0
U_07361,2026-03-26 16:00:17.281728,Kuwait,Andriod,0
U_07362,2026-03-26 16:52:51.197119,Saudi Arabia,iOS,0
U_07363,2026-03-26 17:45:25.112511,Saudi Arabia,Web,0
U_07364,2026-03-26 18:37:59.027902,UAE,iOS,0
U_07365,2026-03-26 19:30:32.943294,Saudi Arabia,Andriod,1
U_07366,2026-03-26 20:23:06.858685,Saudi Arabia,Web,0
U_07367,2026-03-26 21:15:40.774077,Saudi Arabia,Andriod,0
U_07368,2026-03-26 22:08:14.689468,Saudi Arabia,Web,1
U_07369,2026-03-26 23:00:48.604860,Saudi Arabia,Andriod,0
U_07370,2026-03-26 23:53:22.520252,Bahrain,iOS,0
U_07371,2026-03-27 00:45:56.435643,Saudi Arabia,iOS,0
U_07372,2026-03-27 01:38:30.351035,Saudi Arabia,iOS,0
U_07373,2026-03-27 02:31:04.266426,Saudi Arabia,iOS,0
U_07374,2026-03-27 03:23:38.181818,Saudi Arabia,Andriod,0
U_07375,2026-03-27 04:16:12.097209,Saudi Arabia,iOS,0
U_07376,2026-03-27 05:08:46.012601,Saudi Arabia,Andriod,0
U_07377,2026-03-27 06:01:19.927992,Saudi Arabia,iOS,0
U_07378,2026-03-27 06:53:53.843384,Saudi Arabia,Andriod,0
U_07379,2026-03-27 07:46:27.758775,Saudi Arabia,Web,0
U_07380,2026-03-27 08:39:01.674167,Saudi Arabia,iOS,0
U_07381,2026-03-27 09:31:35.589558,Saudi Arabia,Andriod,0
U_07382,2026-03-27 10:24:09.504950,Saudi Arabia,Andriod,0
U_07383,2026-03-27 11:16:43.420342,Other,iOS,0
U_07384,2026-03-27 12:09:17.335733,Saudi Arabia,Andriod,0
U_07385,2026-03-27 13:01:51.251125,Saudi Arabia,iOS,1
U_07386,2026-03-27 13:54:25.166516,Saudi Arabia,Andriod,0
U_07387,2026-03-27 14:46:59.081908,Saudi Arabia,Andriod,0
U_07388,2026-03-27 15:39:32.997299,Qatar,Andriod,0
U_07389,2026-03-27 16:32:06.912691,Saudi Arabia,Andriod,0
U_07390,2026-03-27 17:24:40.828082,Saudi Arabia,iOS,0
U_07391,2026-03-27 18:17:14.743474,Saudi Arabia,Andriod,0
U_07392,2026-03-27 19:09:48.658865,Saudi Arabia,Andriod,0
U_07393,2026-03-27 20:02:22.574257,UAE,Andriod,0
U_07394,2026-03-27 20:54:56.489648,Saudi Arabia,Andriod,1
U_07395,2026-03-27 21:47:30.405040,Saudi Arabia,Andriod,0
U_07396,2026-03-27 22:40:04.320432,Saudi Arabia,Web,0
U_07397,2026-03-27 23:32:38.235823,Saudi Arabia,iOS,0
U_07398,2026-03-28 00:25:12.151215,Bahrain,Andriod,1
U_07399,2026-03-28 01:17:46.066606,Saudi Arabia,iOS,0
U_07400,2026-03-28 02:10:19.981998,Saudi Arabia,Web,0
U_07401,2026-03-28 03:02:53.897389,Saudi Arabia,Andriod,1
U_07402,2026-03-28 03:55:27.812781,Saudi Arabia,Andriod,0
U_07403,2026-03-28 04:48:01.728172,Saudi Arabia,iOS,0
U_07404,2026-03-28 05:40:35.643564,Saudi Arabia,Andriod,0
U_07405,2026-03-28 06:33:09.558955,Saudi Arabia,Andriod,0
U_07406,2026-03-28 07:25:43.474347,Saudi Arabia,Andriod,1
U_07407,2026-03-28 08:18:17.389738,Saudi Arabia,iOS,0
U_07408,2026-03-28 09:10:51.305130,Qatar,Andriod,0
U_07409,2026-03-28 10:03:25.220522,Saudi Arabia,iOS,0
U_07410,2026-03-28 10:55:59.135913,Saudi Arabia,Andriod,0
U_07411,2026-03-28 11:48:33.051305,Saudi Arabia,iOS,0
U_07412,2026-03-28 12:41:06.966696,Saudi Arabia,iOS,0
U_07413,2026-03-28 13:33:40.882088,Saudi Arabia,iOS,0
U_07414,2026-03-28 14:26:14.797479,UAE,iOS,0
U_07415,2026-03-28 15:18:48.712871,Saudi Arabia,iOS,0
U_07416,2026-03-28 16:11:22.628262,Saudi Arabia,Web,0
U_07417,2026-03-28 17:03:56.543654,Saudi Arabia,Andriod,0
U_07418,2026-03-28 17:56:30.459045,Saudi Arabia,iOS,0
U_07419,2026-03-28 18:49:04.374437,Saudi Arabia,Andriod,0
U_07420,2026-03-28 19:41:38.289828,Kuwait,Andriod,1
U_07421,2026-03-28 20:34:12.205220,Saudi Arabia,Web,0
U_07422,2026-03-28 21:26:46.120612,Saudi Arabia,iOS,0
U_07423,2026-03-28 22:19:20.036003,Saudi Arabia,iOS,0
U_07424,2026-03-28 23:11:53.951395,Saudi Arabia,Web,0
U_07425,2026-03-29 00:04:27.866786,Saudi Arabia,iOS,0
U_07426,2026-03-29 00:57:01.782178,Saudi Arabia,iOS,0
U_07427,2026-03-29 01:49:35.697569,Saudi Arabia,iOS,0
U_07428,2026-03-29 02:42:09.612961,Saudi Arabia,iOS,0
U_07429,2026-03-29 03:34:43.528352,Saudi Arabia,Web,0
U_07430,2026-03-29 04:27:17.443744,Saudi Arabia,iOS,0
U_07431,2026-03-29 05:19:51.359135,Saudi Arabia,Web,0
U_07432,2026-03-29 06:12:25.274527,Saudi Arabia,Web,0
U_07433,2026-03-29 07:04:59.189918,Saudi Arabia,Andriod,0
U_07434,2026-03-29 07:57:33.105310,Saudi Arabia,iOS,0
U_07435,2026-03-29 08:50:07.020702,Saudi Arabia,iOS,0
U_07436,2026-03-29 09:42:40.936093,Bahrain,Andriod,0
U_07437,2026-03-29 10:35:14.851485,Saudi Arabia,Andriod,0
U_07438,2026-03-29 11:27:48.766876,Saudi Arabia,Andriod,0
U_07439,2026-03-29 12:20:22.682268,Saudi Arabia,Andriod,0
U_07440,2026-03-29 13:12:56.597659,Saudi Arabia,Web,0
U_07441,2026-03-29 14:05:30.513051,Saudi Arabia,Andriod,0
U_07442,2026-03-29 14:58:04.428442,Saudi Arabia,Andriod,0
U_07443,2026-03-29 15:50:38.343834,Saudi Arabia,Andriod,1
U_07444,2026-03-29 16:43:12.259225,Saudi Arabia,iOS,0
U_07445,2026-03-29 17:35:46.174617,Saudi Arabia,iOS,0
U_07446,2026-03-29 18:28:20.090009,Kuwait,iOS,0
U_07447,2026-03-29 19:20:54.005400,Saudi Arabia,iOS,1
U_07448,2026-03-29 20:13:27.920792,Saudi Arabia,Andriod,0
U_07449,2026-03-29 21:06:01.836183,Saudi Arabia,iOS,0
U_07450,2026-03-29 21:58:35.751575,Saudi Arabia,Andriod,0
U_07451,2026-03-29 22:51:09.666966,Saudi Arabia,Web,0
U_07452,2026-03-29 23:43:43.582358,Saudi Arabia,iOS,0
U_07453,2026-03-30 00:36:17.497749,Saudi Arabia,Andriod,0
U_07454,2026-03-30 01:28:51.413141,Saudi Arabia,iOS,0
U_07455,2026-03-30 02:21:25.328532,UAE,iOS,0
U_07456,2026-03-30 03:13:59.243924,Other,Andriod,0
U_07457,2026-03-30 04:06:33.159315,Saudi Arabia,Web,0
U_07458,2026-03-30 04:59:07.074707,Saudi Arabia,iOS,0
U_07459,2026-03-30 05:51:40.990099,Saudi Arabia,iOS,0
U_07460,2026-03-30 06:44:14.905490,Saudi Arabia,iOS,0
U_07461,2026-03-30 07:36:48.820882,Saudi Arabia,iOS,0
U_07462,2026-03-30 08:29:22.736273,Saudi Arabia,iOS,0
U_07463,2026-03-30 09:21:56.651665,Bahrain,Andriod,0
U_07464,2026-03-30 10:14:30.567056,Saudi Arabia,iOS,0
U_07465,2026-03-30 11:07:04.482448,Saudi Arabia,Andriod,0
U_07466,2026-03-30 11:59:38.397839,Saudi Arabia,Andriod,0
U_07467,2026-03-30 12:52:12.313231,UAE,Andriod,0
U_07468,2026-03-30 13:44:46.228622,Saudi Arabia,iOS,0
U_07469,2026-03-30 14:37:20.144014,Saudi Arabia,Web,0
U_07470,2026-03-30 15:29:54.059405,Saudi Arabia,iOS,0
U_07471,2026-03-30 16:22:27.974797,UAE,Andriod,0
U_07472,2026-03-30 17:15:01.890189,Saudi Arabia,iOS,1
U_07473,2026-03-30 18:07:35.805580,UAE,Andriod,0
U_07474,2026-03-30 19:00:09.720972,Saudi Arabia,iOS,0
U_07475,2026-03-30 19:52:43.636363,Saudi Arabia,iOS,0
U_07476,2026-03-30 20:45:17.551755,Saudi Arabia,iOS,0
U_07477,2026-03-30 21:37:51.467146,Saudi Arabia,iOS,0
U_07478,2026-03-30 22:30:25.382538,Saudi Arabia,Andriod,0
U_07479,2026-03-30 23:22:59.297929,UAE,Andriod,0
U_07480,2026-03-31 00:15:33.213321,Saudi Arabia,iOS,0
U_07481,2026-03-31 01:08:07.128712,Saudi Arabia,Andriod,0
U_07482,2026-03-31 02:00:41.044104,Saudi Arabia,Andriod,0
U_07483,2026-03-31 02:53:14.959495,Saudi Arabia,Andriod,0
U_07484,2026-03-31 03:45:48.874887,Saudi Arabia,iOS,0
U_07485,2026-03-31 04:38:22.790279,Saudi Arabia,Andriod,0
U_07486,2026-03-31 05:30:56.705670,Saudi Arabia,iOS,0
U_07487,2026-03-31 06:23:30.621062,Saudi Arabia,Andriod,0
U_07488,2026-03-31 07:16:04.536453,Qatar,Andriod,0
U_07489,2026-03-31 08:08:38.451845,Saudi Arabia,Andriod,0
U_07490,2026-03-31 09:01:12.367236,UAE,Web,0
U_07491,2026-03-31 09:53:46.282628,Saudi Arabia,Web,0
U_07492,2026-03-31 10:46:20.198019,Saudi Arabia,iOS,1
U_07493,2026-03-31 11:38:54.113411,Saudi Arabia,Web,0
U_07494,2026-03-31 12:31:28.028802,Saudi Arabia,iOS,0
U_07495,2026-03-31 13:24:01.944194,UAE,iOS,0
U_07496,2026-03-31 14:16:35.859585,Saudi Arabia,Andriod,0
U_07497,2026-03-31 15:09:09.774977,Saudi Arabia,Andriod,0
U_07498,2026-03-31 16:01:43.690369,UAE,Andriod,0
U_07499,2026-03-31 16:54:17.605760,Saudi Arabia,Andriod,1
U_07500,2026-03-31 17:46:51.521152,Saudi Arabia,Web,1
U_07501,2026-03-31 18:39:25.436543,Saudi Arabia,iOS,1
U_07502,2026-03-31 19:31:59.351935,UAE,iOS,0
U_07503,2026-03-31 20:24:33.267326,Saudi Arabia,Web,1
U_07504,2026-03-31 21:17:07.182718,Saudi Arabia,iOS,0
U_07505,2026-03-31 22:09:41.098109,Saudi Arabia,Andriod,0
U_07506,2026-03-31 23:02:15.013501,Qatar,Andriod,0
U_07507,2026-03-31 23:54:48.928892,Saudi Arabia,Andriod,0
U_07508,2026-04-01 00:47:22.844284,Saudi Arabia,Andriod,0
U_07509,2026-04-01 01:39:56.759675,Saudi Arabia,iOS,0
U_07510,2026-04-01 02:32:30.675067,Qatar,Andriod,0
U_07511,2026-04-01 03:25:04.590459,UAE,iOS,0
U_07512,2026-04-01 04:17:38.505850,Other,Andriod,0
U_07513,2026-04-01 05:10:12.421242,Saudi Arabia,iOS,0
U_07514,2026-04-01 06:02:46.336633,Saudi Arabia,Andriod,1
U_07515,2026-04-01 06:55:20.252025,Saudi Arabia,Andriod,0
U_07516,2026-04-01 07:47:54.167416,UAE,Web,0
U_07517,2026-04-01 08:40:28.082808,Saudi Arabia,Andriod,0
U_07518,2026-04-01 09:33:01.998199,Saudi Arabia,Andriod,1
U_07519,2026-04-01 10:25:35.913591,Kuwait,Web,0
U_07520,2026-04-01 11:18:09.828982,Saudi Arabia,Andriod,0
U_07521,2026-04-01 12:10:43.744374,Saudi Arabia,Andriod,0
U_07522,2026-04-01 13:03:17.659765,Saudi Arabia,Andriod,1
U_07523,2026-04-01 13:55:51.575157,Saudi Arabia,Andriod,0
U_07524,2026-04-01 14:48:25.490549,Kuwait,Andriod,0
U_07525,2026-04-01 15:40:59.405940,Saudi Arabia,iOS,0
U_07526,2026-04-01 16:33:33.321332,Saudi Arabia,Andriod,1
U_07527,2026-04-01 17:26:07.236723,Saudi Arabia,Andriod,0
U_07528,2026-04-01 18:18:41.152115,Saudi Arabia,Web,0
U_07529,2026-04-01 19:11:15.067506,Saudi Arabia,Andriod,0
U_07530,2026-04-01 20:03:48.982898,Saudi Arabia,Andriod,0
U_07531,2026-04-01 20:56:22.898289,Saudi Arabia,Andriod,0
U_07532,2026-04-01 21:48:56.813681,Saudi Arabia,iOS,0
U_07533,2026-04-01 22:41:30.729072,Saudi Arabia,Andriod,1
U_07534,2026-04-01 23:34:04.644464,Saudi Arabia,Web,0
U_07535,2026-04-02 00:26:38.559855,UAE,Web,1
U_07536,2026-04-02 01:19:12.475247,Kuwait,Andriod,0
U_07537,2026-04-02 02:11:46.390639,Kuwait,iOS,1
U_07538,2026-04-02 03:04:20.306030,Saudi Arabia,Andriod,0
U_07539,2026-04-02 03:56:54.221422,Saudi Arabia,Web,0
U_07540,2026-04-02 04:49:28.136813,Saudi Arabia,iOS,0
U_07541,2026-04-02 05:42:02.052205,Saudi Arabia,Andriod,0
U_07542,2026-04-02 06:34:35.967596,Saudi Arabia,Andriod,0
U_07543,2026-04-02 07:27:09.882988,Saudi Arabia,Andriod,0
U_07544,2026-04-02 08:19:43.798379,Other,Web,0
U_07545,2026-04-02 09:12:17.713771,Saudi Arabia,Andriod,0
U_07546,2026-04-02 10:04:51.629162,Saudi Arabia,Andriod,0
U_07547,2026-04-02 10:57:25.544554,Kuwait,Andriod,0
U_07548,2026-04-02 11:49:59.459945,Saudi Arabia,Andriod,0
U_07549,2026-04-02 12:42:33.375337,UAE,Andriod,0
U_07550,2026-04-02 13:35:07.290729,Kuwait,Andriod,0
U_07551,2026-04-02 14:27:41.206120,Qatar,Andriod,0
U_07552,2026-04-02 15:20:15.121512,Saudi Arabia,iOS,0
U_07553,2026-04-02 16:12:49.036903,Saudi Arabia,iOS,0
U_07554,2026-04-02 17:05:22.952295,Saudi Arabia,Andriod,0
U_07555,2026-04-02 17:57:56.867686,Saudi Arabia,Web,0
U_07556,2026-04-02 18:50:30.783078,Saudi Arabia,iOS,0
U_07557,2026-04-02 19:43:04.698469,Saudi Arabia,iOS,0
U_07558,2026-04-02 20:35:38.613861,Saudi Arabia,iOS,0
U_07559,2026-04-02 21:28:12.529252,Saudi Arabia,Andriod,0
U_07560,2026-04-02 22:20:46.444644,UAE,Web,0
U_07561,2026-04-02 23:13:20.360036,Kuwait,Andriod,0
U_07562,2026-04-03 00:05:54.275427,Saudi Arabia,Andriod,0
U_07563,2026-04-03 00:58:28.190819,Saudi Arabia,Andriod,0
U_07564,2026-04-03 01:51:02.106210,Kuwait,iOS,0
U_07565,2026-04-03 02:43:36.021602,Saudi Arabia,Andriod,0
U_07566,2026-04-03 03:36:09.936993,Bahrain,Andriod,0
U_07567,2026-04-03 04:28:43.852385,Bahrain,Andriod,0
U_07568,2026-04-03 05:21:17.767776,Saudi Arabia,Andriod,0
U_07569,2026-04-03 06:13:51.683168,UAE,Andriod,0
U_07570,2026-04-03 07:06:25.598559,Saudi Arabia,Andriod,0
U_07571,2026-04-03 07:58:59.513951,Saudi Arabia,Web,0
U_07572,2026-04-03 08:51:33.429342,Saudi Arabia,Web,0
U_07573,2026-04-03 09:44:07.344734,Saudi Arabia,Andriod,0
U_07574,2026-04-03 10:36:41.260126,Kuwait,iOS,0
U_07575,2026-04-03 11:29:15.175517,Saudi Arabia,Andriod,0
U_07576,2026-04-03 12:21:49.090909,Saudi Arabia,Andriod,0
U_07577,2026-04-03 13:14:23.006300,Saudi Arabia,iOS,1
U_07578,2026-04-03 14:06:56.921692,Kuwait,iOS,0
U_07579,2026-04-03 14:59:30.837083,Bahrain,iOS,0
U_07580,2026-04-03 15:52:04.752475,Kuwait,Andriod,0
U_07581,2026-04-03 16:44:38.667866,Saudi Arabia,Andriod,1
U_07582,2026-04-03 17:37:12.583258,Saudi Arabia,iOS,0
U_07583,2026-04-03 18:29:46.498649,Saudi Arabia,iOS,0
U_07584,2026-04-03 19:22:20.414041,Saudi Arabia,Andriod,1
U_07585,2026-04-03 20:14:54.329432,Saudi Arabia,iOS,0
U_07586,2026-04-03 21:07:28.244824,Saudi Arabia,iOS,0
U_07587,2026-04-03 22:00:02.160216,Saudi Arabia,Andriod,0
U_07588,2026-04-03 22:52:36.075607,Kuwait,Andriod,0
U_07589,2026-04-03 23:45:09.990999,Saudi Arabia,iOS,1
U_07590,2026-04-04 00:37:43.906390,Saudi Arabia,Andriod,0
U_07591,2026-04-04 01:30:17.821782,Saudi Arabia,iOS,1
U_07592,2026-04-04 02:22:51.737173,UAE,Andriod,0
U_07593,2026-04-04 03:15:25.652565,Kuwait,iOS,0
U_07594,2026-04-04 04:07:59.567956,Bahrain,iOS,0
U_07595,2026-04-04 05:00:33.483348,Saudi Arabia,Andriod,0
U_07596,2026-04-04 05:53:07.398739,Other,Andriod,0
U_07597,2026-04-04 06:45:41.314131,Saudi Arabia,iOS,0
U_07598,2026-04-04 07:38:15.229522,Saudi Arabia,iOS,0
U_07599,2026-04-04 08:30:49.144914,Other,Andriod,1
U_07600,2026-04-04 09:23:23.060306,Saudi Arabia,Andriod,0
U_07601,2026-04-04 10:15:56.975697,Saudi Arabia,iOS,0
U_07602,2026-04-04 11:08:30.891089,Saudi Arabia,Andriod,0
U_07603,2026-04-04 12:01:04.806480,Saudi Arabia,iOS,0
U_07604,2026-04-04 12:53:38.721872,Bahrain,Andriod,0
U_07605,2026-04-04 13:46:12.637263,Saudi Arabia,iOS,1
U_07606,2026-04-04 14:38:46.552655,Saudi Arabia,iOS,0
U_07607,2026-04-04 15:31:20.468046,Saudi Arabia,iOS,0
U_07608,2026-04-04 16:23:54.383438,Saudi Arabia,Andriod,0
U_07609,2026-04-04 17:16:28.298829,Saudi Arabia,Andriod,0
U_07610,2026-04-04 18:09:02.214221,Saudi Arabia,Andriod,0
U_07611,2026-04-04 19:01:36.129612,Saudi Arabia,iOS,0
U_07612,2026-04-04 19:54:10.045004,Saudi Arabia,iOS,0
U_07613,2026-04-04 20:46:43.960396,Bahrain,Andriod,0
U_07614,2026-04-04 21:39:17.875787,Saudi Arabia,iOS,0
U_07615,2026-04-04 22:31:51.791179,Saudi Arabia,Andriod,0
U_07616,2026-04-04 23:24:25.706570,Saudi Arabia,iOS,0
U_07617,2026-04-05 00:16:59.621962,Saudi Arabia,Andriod,0
U_07618,2026-04-05 01:09:33.537353,Kuwait,Andriod,0
U_07619,2026-04-05 02:02:07.452745,Qatar,Web,0
U_07620,2026-04-05 02:54:41.368136,Saudi Arabia,iOS,0
U_07621,2026-04-05 03:47:15.283528,UAE,iOS,0
U_07622,2026-04-05 04:39:49.198919,Saudi Arabia,Andriod,0
U_07623,2026-04-05 05:32:23.114311,Saudi Arabia,Web,0
U_07624,2026-04-05 06:24:57.029702,Saudi Arabia,Web,0
U_07625,2026-04-05 07:17:30.945094,Saudi Arabia,Andriod,0
U_07626,2026-04-05 08:10:04.860486,Saudi Arabia,Andriod,0
U_07627,2026-04-05 09:02:38.775877,Bahrain,Andriod,0
U_07628,2026-04-05 09:55:12.691269,Saudi Arabia,Andriod,0
U_07629,2026-04-05 10:47:46.606660,Bahrain,Andriod,0
U_07630,2026-04-05 11:40:20.522052,Kuwait,Andriod,0
U_07631,2026-04-05 12:32:54.437443,Saudi Arabia,Andriod,0
U_07632,2026-04-05 13:25:28.352835,Saudi Arabia,Andriod,0
U_07633,2026-04-05 14:18:02.268226,Saudi Arabia,Andriod,1
U_07634,2026-04-05 15:10:36.183618,Other,Andriod,0
U_07635,2026-04-05 16:03:10.099009,Saudi Arabia,Andriod,0
U_07636,2026-04-05 16:55:44.014401,Saudi Arabia,Andriod,0
U_07637,2026-04-05 17:48:17.929792,Saudi Arabia,iOS,0
U_07638,2026-04-05 18:40:51.845184,Saudi Arabia,iOS,0
U_07639,2026-04-05 19:33:25.760576,Saudi Arabia,Andriod,0
U_07640,2026-04-05 20:25:59.675967,Saudi Arabia,Andriod,0
U_07641,2026-04-05 21:18:33.591359,Saudi Arabia,iOS,0
U_07642,2026-04-05 22:11:07.506750,Saudi Arabia,Andriod,0
U_07643,2026-04-05 23:03:41.422142,Saudi Arabia,iOS,0
U_07644,2026-04-05 23:56:15.337533,Saudi Arabia,iOS,0
U_07645,2026-04-06 00:48:49.252925,Saudi Arabia,Web,0
U_07646,2026-04-06 01:41:23.168316,Saudi Arabia,Andriod,0
U_07647,2026-04-06 02:33:57.083708,Saudi Arabia,iOS,0
U_07648,2026-04-06 03:26:30.999099,Saudi Arabia,Andriod,0
U_07649,2026-04-06 04:19:04.914491,Saudi Arabia,iOS,0
U_07650,2026-04-06 05:11:38.829882,Saudi Arabia,Web,0
U_07651,2026-04-06 06:04:12.745274,Saudi Arabia,iOS,0
U_07652,2026-04-06 06:56:46.660666,Saudi Arabia,iOS,0
U_07653,2026-04-06 07:49:20.576057,Saudi Arabia,Andriod,0
U_07654,2026-04-06 08:41:54.491449,UAE,Andriod,0
U_07655,2026-04-06 09:34:28.406840,Kuwait,iOS,0
U_07656,2026-04-06 10:27:02.322232,Kuwait,Andriod,0
U_07657,2026-04-06 11:19:36.237623,Kuwait,iOS,0
U_07658,2026-04-06 12:12:10.153015,Saudi Arabia,Web,0
U_07659,2026-04-06 13:04:44.068406,Saudi Arabia,iOS,1
U_07660,2026-04-06 13:57:17.983798,Saudi Arabia,Web,0
U_07661,2026-04-06 14:49:51.899189,Saudi Arabia,Andriod,0
U_07662,2026-04-06 15:42:25.814581,Saudi Arabia,Andriod,0
U_07663,2026-04-06 16:34:59.729973,Kuwait,Web,0
U_07664,2026-04-06 17:27:33.645364,Saudi Arabia,Web,0
U_07665,2026-04-06 18:20:07.560756,Saudi Arabia,Andriod,0
U_07666,2026-04-06 19:12:41.476147,Saudi Arabia,iOS,0
U_07667,2026-04-06 20:05:15.391539,Saudi Arabia,Andriod,0
U_07668,2026-04-06 20:57:49.306930,Saudi Arabia,Andriod,0
U_07669,2026-04-06 21:50:23.222322,UAE,Andriod,0
U_07670,2026-04-06 22:42:57.137713,Saudi Arabia,Andriod,0
U_07671,2026-04-06 23:35:31.053105,Kuwait,iOS,0
U_07672,2026-04-07 00:28:04.968496,Saudi Arabia,Andriod,0
U_07673,2026-04-07 01:20:38.883888,Bahrain,Andriod,0
U_07674,2026-04-07 02:13:12.799279,Saudi Arabia,iOS,0
U_07675,2026-04-07 03:05:46.714671,Saudi Arabia,Andriod,1
U_07676,2026-04-07 03:58:20.630063,Saudi Arabia,Andriod,0
U_07677,2026-04-07 04:50:54.545454,Kuwait,Andriod,0
U_07678,2026-04-07 05:43:28.460846,Qatar,iOS,0
U_07679,2026-04-07 06:36:02.376237,Saudi Arabia,Andriod,0
U_07680,2026-04-07 07:28:36.291629,Saudi Arabia,iOS,0
U_07681,2026-04-07 08:21:10.207020,Qatar,Andriod,0
U_07682,2026-04-07 09:13:44.122412,Saudi Arabia,Andriod,0
U_07683,2026-04-07 10:06:18.037803,Saudi Arabia,Andriod,0
U_07684,2026-04-07 10:58:51.953195,Saudi Arabia,iOS,1
U_07685,2026-04-07 11:51:25.868586,Saudi Arabia,Andriod,0
U_07686,2026-04-07 12:43:59.783978,Kuwait,Web,0
U_07687,2026-04-07 13:36:33.699369,Kuwait,iOS,0
U_07688,2026-04-07 14:29:07.614761,Saudi Arabia,Andriod,0
U_07689,2026-04-07 15:21:41.530153,Saudi Arabia,Andriod,0
U_07690,2026-04-07 16:14:15.445544,UAE,Andriod,0
U_07691,2026-04-07 17:06:49.360936,Saudi Arabia,iOS,0
U_07692,2026-04-07 17:59:23.276327,Bahrain,iOS,0
U_07693,2026-04-07 18:51:57.191719,Saudi Arabia,Web,0
U_07694,2026-04-07 19:44:31.107110,Saudi Arabia,iOS,0
U_07695,2026-04-07 20:37:05.022502,Qatar,iOS,0
U_07696,2026-04-07 21:29:38.937893,Saudi Arabia,Andriod,0
U_07697,2026-04-07 22:22:12.853285,Saudi Arabia,iOS,1
U_07698,2026-04-07 23:14:46.768676,Saudi Arabia,Andriod,0
U_07699,2026-04-08 00:07:20.684068,Saudi Arabia,Andriod,0
U_07700,2026-04-08 00:59:54.599459,Saudi Arabia,Andriod,0
U_07701,2026-04-08 01:52:28.514851,Other,Andriod,0
U_07702,2026-04-08 02:45:02.430243,Kuwait,iOS,1
U_07703,2026-04-08 03:37:36.345634,Saudi Arabia,iOS,0
U_07704,2026-04-08 04:30:10.261026,Saudi Arabia,Andriod,0
U_07705,2026-04-08 05:22:44.176417,Saudi Arabia,Andriod,0
U_07706,2026-04-08 06:15:18.091809,Saudi Arabia,Web,0
U_07707,2026-04-08 07:07:52.007200,Saudi Arabia,Andriod,0
U_07708,2026-04-08 08:00:25.922592,Kuwait,iOS,0
U_07709,2026-04-08 08:52:59.837983,Saudi Arabia,Andriod,0
U_07710,2026-04-08 09:45:33.753375,UAE,iOS,0
U_07711,2026-04-08 10:38:07.668766,Saudi Arabia,iOS,0
U_07712,2026-04-08 11:30:41.584158,Saudi Arabia,Andriod,0
U_07713,2026-04-08 12:23:15.499549,Saudi Arabia,Andriod,0
U_07714,2026-04-08 13:15:49.414941,Saudi Arabia,Andriod,0
U_07715,2026-04-08 14:08:23.330333,Saudi Arabia,iOS,0
U_07716,2026-04-08 15:00:57.245724,Qatar,iOS,0
U_07717,2026-04-08 15:53:31.161116,Saudi Arabia,iOS,0
U_07718,2026-04-08 16:46:05.076507,Bahrain,iOS,0
U_07719,2026-04-08 17:38:38.991899,Saudi Arabia,iOS,0
U_07720,2026-04-08 18:31:12.907290,Other,Andriod,0
U_07721,2026-04-08 19:23:46.822682,Saudi Arabia,Web,0
U_07722,2026-04-08 20:16:20.738073,Qatar,iOS,0
U_07723,2026-04-08 21:08:54.653465,Saudi Arabia,iOS,0
U_07724,2026-04-08 22:01:28.568856,Kuwait,Andriod,0
U_07725,2026-04-08 22:54:02.484248,Bahrain,Andriod,0
U_07726,2026-04-08 23:46:36.399639,Saudi Arabia,Web,0
U_07727,2026-04-09 00:39:10.315031,Saudi Arabia,iOS,0
U_07728,2026-04-09 01:31:44.230423,Saudi Arabia,iOS,0
U_07729,2026-04-09 02:24:18.145814,Qatar,Andriod,0
U_07730,2026-04-09 03:16:52.061206,Saudi Arabia,Andriod,0
U_07731,2026-04-09 04:09:25.976597,Saudi Arabia,Andriod,0
U_07732,2026-04-09 05:01:59.891989,Saudi Arabia,Andriod,0
U_07733,2026-04-09 05:54:33.807380,Saudi Arabia,iOS,0
U_07734,2026-04-09 06:47:07.722772,UAE,Andriod,0
U_07735,2026-04-09 07:39:41.638163,Saudi Arabia,Andriod,0
U_07736,2026-04-09 08:32:15.553555,Saudi Arabia,Andriod,0
U_07737,2026-04-09 09:24:49.468946,Bahrain,Andriod,0
U_07738,2026-04-09 10:17:23.384338,Saudi Arabia,Andriod,0
U_07739,2026-04-09 11:09:57.299729,Saudi Arabia,iOS,0
U_07740,2026-04-09 12:02:31.215121,Saudi Arabia,iOS,0
U_07741,2026-04-09 12:55:05.130513,Saudi Arabia,Andriod,1
U_07742,2026-04-09 13:47:39.045904,Saudi Arabia,iOS,0
U_07743,2026-04-09 14:40:12.961296,Kuwait,Andriod,1
U_07744,2026-04-09 15:32:46.876687,Saudi Arabia,Andriod,0
U_07745,2026-04-09 16:25:20.792079,Saudi Arabia,iOS,0
U_07746,2026-04-09 17:17:54.707470,Saudi Arabia,iOS,0
U_07747,2026-04-09 18:10:28.622862,Saudi Arabia,Web,0
U_07748,2026-04-09 19:03:02.538253,Kuwait,iOS,0
U_07749,2026-04-09 19:55:36.453645,Saudi Arabia,iOS,0
U_07750,2026-04-09 20:48:10.369036,Saudi Arabia,iOS,0
U_07751,2026-04-09 21:40:44.284428,Saudi Arabia,Andriod,0
U_07752,2026-04-09 22:33:18.199819,Saudi Arabia,iOS,0
U_07753,2026-04-09 23:25:52.115211,Saudi Arabia,Andriod,0
U_07754,2026-04-10 00:18:26.030603,Saudi Arabia,Andriod,1
U_07755,2026-04-10 01:10:59.945994,Saudi Arabia,iOS,0
U_07756,2026-04-10 02:03:33.861386,Kuwait,iOS,0
U_07757,2026-04-10 02:56:07.776777,Saudi Arabia,Andriod,0
U_07758,2026-04-10 03:48:41.692169,Bahrain,Andriod,0
U_07759,2026-04-10 04:41:15.607560,Bahrain,iOS,0
U_07760,2026-04-10 05:33:49.522952,Saudi Arabia,iOS,0
U_07761,2026-04-10 06:26:23.438343,Saudi Arabia,Andriod,0
U_07762,2026-04-10 07:18:57.353735,Saudi Arabia,Andriod,0
U_07763,2026-04-10 08:11:31.269126,Saudi Arabia,iOS,0
U_07764,2026-04-10 09:04:05.184518,Kuwait,Andriod,0
U_07765,2026-04-10 09:56:39.099909,Saudi Arabia,iOS,0
U_07766,2026-04-10 10:49:13.015301,Saudi Arabia,iOS,0
U_07767,2026-04-10 11:41:46.930693,Saudi Arabia,iOS,0
U_07768,2026-04-10 12:34:20.846084,Saudi Arabia,Andriod,0
U_07769,2026-04-10 13:26:54.761476,Saudi Arabia,Andriod,0
U_07770,2026-04-10 14:19:28.676867,Kuwait,Andriod,0
U_07771,2026-04-10 15:12:02.592259,Saudi Arabia,Andriod,0
U_07772,2026-04-10 16:04:36.507650,Kuwait,Andriod,0
U_07773,2026-04-10 16:57:10.423042,Saudi Arabia,iOS,0
U_07774,2026-04-10 17:49:44.338433,Saudi Arabia,iOS,0
U_07775,2026-04-10 18:42:18.253825,Saudi Arabia,Web,0
U_07776,2026-04-10 19:34:52.169216,Saudi Arabia,Andriod,0
U_07777,2026-04-10 20:27:26.084608,Saudi Arabia,Andriod,0
U_07778,2026-04-10 21:20:00.000000,UAE,iOS,0
U_07779,2026-04-10 22:12:33.915391,Bahrain,iOS,0
U_07780,2026-04-10 23:05:07.830783,Saudi Arabia,Andriod,0
U_07781,2026-04-10 23:57:41.746174,Saudi Arabia,iOS,0
U_07782,2026-04-11 00:50:15.661566,Saudi Arabia,Andriod,0
U_07783,2026-04-11 01:42:49.576957,UAE,Andriod,0
U_07784,2026-04-11 02:35:23.492349,Saudi Arabia,iOS,1
U_07785,2026-04-11 03:27:57.407740,Qatar,iOS,0
U_07786,2026-04-11 04:20:31.323132,Saudi Arabia,iOS,0
U_07787,2026-04-11 05:13:05.238523,Saudi Arabia,iOS,0
U_07788,2026-04-11 06:05:39.153915,Bahrain,Andriod,0
U_07789,2026-04-11 06:58:13.069306,Saudi Arabia,iOS,0
U_07790,2026-04-11 07:50:46.984698,Saudi Arabia,iOS,0
U_07791,2026-04-11 08:43:20.900090,Saudi Arabia,Andriod,0
U_07792,2026-04-11 09:35:54.815481,Saudi Arabia,Andriod,1
U_07793,2026-04-11 10:28:28.730873,Saudi Arabia,iOS,0
U_07794,2026-04-11 11:21:02.646264,Saudi Arabia,Andriod,0
U_07795,2026-04-11 12:13:36.561656,Kuwait,Web,0
U_07796,2026-04-11 13:06:10.477047,Saudi Arabia,iOS,0
U_07797,2026-04-11 13:58:44.392439,Qatar,Andriod,0
U_07798,2026-04-11 14:51:18.307830,Saudi Arabia,Andriod,0
U_07799,2026-04-11 15:43:52.223222,Saudi Arabia,iOS,0
U_07800,2026-04-11 16:36:26.138613,Saudi Arabia,Andriod,0
U_07801,2026-04-11 17:29:00.054005,Saudi Arabia,Web,0
U_07802,2026-04-11 18:21:33.969396,Saudi Arabia,Web,0
U_07803,2026-04-11 19:14:07.884788,Other,iOS,0
U_07804,2026-04-11 20:06:41.800180,Saudi Arabia,iOS,0
U_07805,2026-04-11 20:59:15.715571,Saudi Arabia,Web,0
U_07806,2026-04-11 21:51:49.630963,Saudi Arabia,Andriod,0
U_07807,2026-04-11 22:44:23.546354,Kuwait,iOS,0
U_07808,2026-04-11 23:36:57.461746,UAE,Andriod,0
U_07809,2026-04-12 00:29:31.377137,Saudi Arabia,iOS,0
U_07810,2026-04-12 01:22:05.292529,Saudi Arabia,iOS,0
U_07811,2026-04-12 02:14:39.207920,Saudi Arabia,Andriod,0
U_07812,2026-04-12 03:07:13.123312,Saudi Arabia,iOS,0
U_07813,2026-04-12 03:59:47.038703,Saudi Arabia,iOS,0
U_07814,2026-04-12 04:52:20.954095,Saudi Arabia,iOS,0
U_07815,2026-04-12 05:44:54.869486,Saudi Arabia,Andriod,0
U_07816,2026-04-12 06:37:28.784878,Saudi Arabia,iOS,0
U_07817,2026-04-12 07:30:02.700270,Saudi Arabia,Andriod,0
U_07818,2026-04-12 08:22:36.615661,Qatar,Andriod,0
U_07819,2026-04-12 09:15:10.531053,Bahrain,Andriod,0
U_07820,2026-04-12 10:07:44.446444,Saudi Arabia,iOS,0
U_07821,2026-04-12 11:00:18.361836,Saudi Arabia,Andriod,0
U_07822,2026-04-12 11:52:52.277227,Saudi Arabia,iOS,0
U_07823,2026-04-12 12:45:26.192619,Saudi Arabia,Andriod,0
U_07824,2026-04-12 13:38:00.108010,Kuwait,Andriod,0
U_07825,2026-04-12 14:30:34.023402,Saudi Arabia,iOS,0
U_07826,2026-04-12 15:23:07.938793,UAE,Andriod,0
U_07827,2026-04-12 16:15:41.854185,Qatar,iOS,0
U_07828,2026-04-12 17:08:15.769576,Saudi Arabia,iOS,0
U_07829,2026-04-12 18:00:49.684968,Saudi Arabia,iOS,0
U_07830,2026-04-12 18:53:23.600360,Saudi Arabia,Andriod,0
U_07831,2026-04-12 19:45:57.515751,Saudi Arabia,iOS,0
U_07832,2026-04-12 20:38:31.431143,Saudi Arabia,iOS,0
U_07833,2026-04-12 21:31:05.346534,Saudi Arabia,iOS,0
U_07834,2026-04-12 22:23:39.261926,UAE,Andriod,1
U_07835,2026-04-12 23:16:13.177317,Saudi Arabia,Andriod,0
U_07836,2026-04-13 00:08:47.092709,Saudi Arabia,iOS,0
U_07837,2026-04-13 01:01:21.008100,Saudi Arabia,iOS,0
U_07838,2026-04-13 01:53:54.923492,Saudi Arabia,Andriod,0
U_07839,2026-04-13 02:46:28.838883,Saudi Arabia,Andriod,0
U_07840,2026-04-13 03:39:02.754275,UAE,Andriod,0
U_07841,2026-04-13 04:31:36.669666,Saudi Arabia,Andriod,0
U_07842,2026-04-13 05:24:10.585058,Saudi Arabia,iOS,1
U_07843,2026-04-13 06:16:44.500450,Saudi Arabia,Web,0
U_07844,2026-04-13 07:09:18.415841,Saudi Arabia,iOS,0
U_07845,2026-04-13 08:01:52.331233,UAE,Web,0
U_07846,2026-04-13 08:54:26.246624,Saudi Arabia,iOS,0
U_07847,2026-04-13 09:47:00.162016,UAE,Andriod,0
U_07848,2026-04-13 10:39:34.077407,Saudi Arabia,iOS,0
U_07849,2026-04-13 11:32:07.992799,Saudi Arabia,iOS,0
U_07850,2026-04-13 12:24:41.908190,Saudi Arabia,Andriod,0
U_07851,2026-04-13 13:17:15.823582,Saudi Arabia,Andriod,0
U_07852,2026-04-13 14:09:49.738973,Saudi Arabia,Web,0
U_07853,2026-04-13 15:02:23.654365,Kuwait,Andriod,0
U_07854,2026-04-13 15:54:57.569756,Saudi Arabia,Andriod,0
U_07855,2026-04-13 16:47:31.485148,Saudi Arabia,iOS,1
U_07856,2026-04-13 17:40:05.400540,Saudi Arabia,Web,1
U_07857,2026-04-13 18:32:39.315931,Saudi Arabia,Andriod,0
U_07858,2026-04-13 19:25:13.231323,Saudi Arabia,Andriod,0
U_07859,2026-04-13 20:17:47.146714,Saudi Arabia,Andriod,0
U_07860,2026-04-13 21:10:21.062106,Saudi Arabia,Andriod,0
U_07861,2026-04-13 22:02:54.977497,Saudi Arabia,Web,0
U_07862,2026-04-13 22:55:28.892889,Saudi Arabia,iOS,0
U_07863,2026-04-13 23:48:02.808280,Saudi Arabia,iOS,0
U_07864,2026-04-14 00:40:36.723672,Saudi Arabia,iOS,0
U_07865,2026-04-14 01:33:10.639063,Saudi Arabia,Andriod,0
U_07866,2026-04-14 02:25:44.554455,Qatar,iOS,0
U_07867,2026-04-14 03:18:18.469846,Saudi Arabia,iOS,0
U_07868,2026-04-14 04:10:52.385238,Saudi Arabia,iOS,0
U_07869,2026-04-14 05:03:26.300630,Saudi Arabia,Andriod,0
U_07870,2026-04-14 05:56:00.216021,Saudi Arabia,Andriod,1
U_07871,2026-04-14 06:48:34.131413,UAE,iOS,0
U_07872,2026-04-14 07:41:08.046804,Saudi Arabia,Web,0
U_07873,2026-04-14 08:33:41.962196,Qatar,Web,0
U_07874,2026-04-14 09:26:15.877587,Bahrain,iOS,1
U_07875,2026-04-14 10:18:49.792979,Saudi Arabia,Andriod,0
U_07876,2026-04-14 11:11:23.708370,Saudi Arabia,Andriod,0
U_07877,2026-04-14 12:03:57.623762,Saudi Arabia,iOS,1
U_07878,2026-04-14 12:56:31.539153,Saudi Arabia,iOS,0
U_07879,2026-04-14 13:49:05.454545,Saudi Arabia,Andriod,0
U_07880,2026-04-14 14:41:39.369936,Saudi Arabia,Andriod,0
U_07881,2026-04-14 15:34:13.285328,Saudi Arabia,iOS,0
U_07882,2026-04-14 16:26:47.200720,Saudi Arabia,Andriod,0
U_07883,2026-04-14 17:19:21.116111,Saudi Arabia,Andriod,1
U_07884,2026-04-14 18:11:55.031503,Bahrain,Andriod,0
U_07885,2026-04-14 19:04:28.946894,Saudi Arabia,iOS,0
U_07886,2026-04-14 19:57:02.862286,UAE,Andriod,0
U_07887,2026-04-14 20:49:36.777677,Saudi Arabia,iOS,0
U_07888,2026-04-14 21:42:10.693069,Saudi Arabia,Andriod,0
U_07889,2026-04-14 22:34:44.608460,Saudi Arabia,Andriod,0
U_07890,2026-04-14 23:27:18.523852,Saudi Arabia,Andriod,0
U_07891,2026-04-15 00:19:52.439243,Saudi Arabia,iOS,0
U_07892,2026-04-15 01:12:26.354635,Saudi Arabia,Andriod,0
U_07893,2026-04-15 02:05:00.270027,UAE,Web,0
U_07894,2026-04-15 02:57:34.185418,Saudi Arabia,Andriod,0
U_07895,2026-04-15 03:50:08.100810,Saudi Arabia,iOS,0
U_07896,2026-04-15 04:42:42.016201,UAE,Andriod,0
U_07897,2026-04-15 05:35:15.931593,Kuwait,iOS,0
U_07898,2026-04-15 06:27:49.846984,Saudi Arabia,Andriod,0
U_07899,2026-04-15 07:20:23.762376,Saudi Arabia,Andriod,0
U_07900,2026-04-15 08:12:57.677767,Bahrain,iOS,1
U_07901,2026-04-15 09:05:31.593159,Saudi Arabia,iOS,0
U_07902,2026-04-15 09:58:05.508550,Saudi Arabia,iOS,0
U_07903,2026-04-15 10:50:39.423942,Saudi Arabia,Web,0
U_07904,2026-04-15 11:43:13.339333,UAE,iOS,1
U_07905,2026-04-15 12:35:47.254725,Saudi Arabia,Andriod,0
U_07906,2026-04-15 13:28:21.170117,Other,Web,0
U_07907,2026-04-15 14:20:55.085508,Saudi Arabia,iOS,0
U_07908,2026-04-15 15:13:29.000900,Kuwait,Andriod,0
U_07909,2026-04-15 16:06:02.916291,Saudi Arabia,Andriod,0
U_07910,2026-04-15 16:58:36.831683,Saudi Arabia,Andriod,1
U_07911,2026-04-15 17:51:10.747074,Bahrain,iOS,0
U_07912,2026-04-15 18:43:44.662466,Saudi Arabia,iOS,0
U_07913,2026-04-15 19:36:18.577857,Saudi Arabia,Andriod,0
U_07914,2026-04-15 20:28:52.493249,Saudi Arabia,Web,0
U_07915,2026-04-15 21:21:26.408640,Saudi Arabia,iOS,0
U_07916,2026-04-15 22:14:00.324032,Saudi Arabia,iOS,0
U_07917,2026-04-15 23:06:34.239423,Saudi Arabia,iOS,0
U_07918,2026-04-15 23:59:08.154815,Saudi Arabia,Andriod,0
U_07919,2026-04-16 00:51:42.070207,Saudi Arabia,iOS,0
U_07920,2026-04-16 01:44:15.985598,Saudi Arabia,Andriod,0
U_07921,2026-04-16 02:36:49.900990,Saudi Arabia,iOS,0
U_07922,2026-04-16 03:29:23.816381,Kuwait,Web,0
U_07923,2026-04-16 04:21:57.731773,Saudi Arabia,Andriod,0
U_07924,2026-04-16 05:14:31.647164,Saudi Arabia,Andriod,0
U_07925,2026-04-16 06:07:05.562556,Qatar,iOS,1
U_07926,2026-04-16 06:59:39.477947,Saudi Arabia,Andriod,0
U_07927,2026-04-16 07:52:13.393339,UAE,iOS,0
U_07928,2026-04-16 08:44:47.308730,UAE,iOS,0
U_07929,2026-04-16 09:37:21.224122,Kuwait,iOS,1
U_07930,2026-04-16 10:29:55.139513,Saudi Arabia,Andriod,0
U_07931,2026-04-16 11:22:29.054905,UAE,Andriod,0
U_07932,2026-04-16 12:15:02.970297,Kuwait,Andriod,0
U_07933,2026-04-16 13:07:36.885688,Saudi Arabia,Andriod,0
U_07934,2026-04-16 14:00:10.801080,Saudi Arabia,iOS,0
U_07935,2026-04-16 14:52:44.716471,Saudi Arabia,Andriod,0
U_07936,2026-04-16 15:45:18.631863,Saudi Arabia,Andriod,0
U_07937,2026-04-16 16:37:52.547254,Saudi Arabia,Andriod,1
U_07938,2026-04-16 17:30:26.462646,Saudi Arabia,Andriod,0
U_07939,2026-04-16 18:23:00.378037,Saudi Arabia,Web,0
U_07940,2026-04-16 19:15:34.293429,Saudi Arabia,Andriod,0
U_07941,2026-04-16 20:08:08.208820,Saudi Arabia,Andriod,0
U_07942,2026-04-16 21:00:42.124212,Saudi Arabia,iOS,0
U_07943,2026-04-16 21:53:16.039603,Bahrain,Andriod,0
U_07944,2026-04-16 22:45:49.954995,Saudi Arabia,Andriod,0
U_07945,2026-04-16 23:38:23.870387,Saudi Arabia,iOS,0
U_07946,2026-04-17 00:30:57.785778,Saudi Arabia,iOS,1
U_07947,2026-04-17 01:23:31.701170,Saudi Arabia,Andriod,0
U_07948,2026-04-17 02:16:05.616561,Kuwait,Andriod,0
U_07949,2026-04-17 03:08:39.531953,Qatar,Andriod,0
U_07950,2026-04-17 04:01:13.447344,Saudi Arabia,iOS,0
U_07951,2026-04-17 04:53:47.362736,Qatar,Andriod,0
U_07952,2026-04-17 05:46:21.278127,Saudi Arabia,Andriod,0
U_07953,2026-04-17 06:38:55.193519,Saudi Arabia,iOS,0
U_07954,2026-04-17 07:31:29.108910,Saudi Arabia,iOS,0
U_07955,2026-04-17 08:24:03.024302,Bahrain,Andriod,0
U_07956,2026-04-17 09:16:36.939693,Saudi Arabia,Andriod,0
U_07957,2026-04-17 10:09:10.855085,Saudi Arabia,iOS,0
U_07958,2026-04-17 11:01:44.770477,UAE,Web,0
U_07959,2026-04-17 11:54:18.685868,Saudi Arabia,iOS,0
U_07960,2026-04-17 12:46:52.601260,Saudi Arabia,Web,0
U_07961,2026-04-17 13:39:26.516651,UAE,iOS,0
U_07962,2026-04-17 14:32:00.432043,Saudi Arabia,iOS,0
U_07963,2026-04-17 15:24:34.347434,Saudi Arabia,Andriod,0
U_07964,2026-04-17 16:17:08.262826,Saudi Arabia,iOS,0
U_07965,2026-04-17 17:09:42.178217,Saudi Arabia,Andriod,0
U_07966,2026-04-17 18:02:16.093609,Saudi Arabia,Andriod,0
U_07967,2026-04-17 18:54:50.009000,Saudi Arabia,Andriod,0
U_07968,2026-04-17 19:47:23.924392,Saudi Arabia,Andriod,0
U_07969,2026-04-17 20:39:57.839783,Saudi Arabia,Andriod,0
U_07970,2026-04-17 21:32:31.755175,Bahrain,iOS,1
U_07971,2026-04-17 22:25:05.670567,Other,iOS,0
U_07972,2026-04-17 23:17:39.585958,Saudi Arabia,Andriod,0
U_07973,2026-04-18 00:10:13.501350,Saudi Arabia,iOS,0
U_07974,2026-04-18 01:02:47.416741,Bahrain,Andriod,1
U_07975,2026-04-18 01:55:21.332133,Saudi Arabia,Andriod,0
U_07976,2026-04-18 02:47:55.247524,Saudi Arabia,iOS,0
U_07977,2026-04-18 03:40:29.162916,Bahrain,Andriod,1
U_07978,2026-04-18 04:33:03.078307,Kuwait,iOS,0
U_07979,2026-04-18 05:25:36.993699,Kuwait,Andriod,0
U_07980,2026-04-18 06:18:10.909090,Kuwait,Andriod,1
U_07981,2026-04-18 07:10:44.824482,Saudi Arabia,Andriod,0
U_07982,2026-04-18 08:03:18.739873,Saudi Arabia,iOS,0
U_07983,2026-04-18 08:55:52.655265,Saudi Arabia,Andriod,0
U_07984,2026-04-18 09:48:26.570657,Saudi Arabia,iOS,0
U_07985,2026-04-18 10:41:00.486048,Saudi Arabia,Andriod,0
U_07986,2026-04-18 11:33:34.401440,Kuwait,Andriod,0
U_07987,2026-04-18 12:26:08.316831,Kuwait,Andriod,0
U_07988,2026-04-18 13:18:42.232223,Saudi Arabia,Andriod,0
U_07989,2026-04-18 14:11:16.147614,Kuwait,Andriod,0
U_07990,2026-04-18 15:03:50.063006,UAE,iOS,0
U_07991,2026-04-18 15:56:23.978397,Saudi Arabia,iOS,0
U_07992,2026-04-18 16:48:57.893789,Saudi Arabia,Andriod,0
U_07993,2026-04-18 17:41:31.809180,Saudi Arabia,iOS,0
U_07994,2026-04-18 18:34:05.724572,Saudi Arabia,Andriod,0
U_07995,2026-04-18 19:26:39.639963,Saudi Arabia,Andriod,0
U_07996,2026-04-18 20:19:13.555355,Saudi Arabia,Andriod,0
U_07997,2026-04-18 21:11:47.470747,Saudi Arabia,Andriod,0
U_07998,2026-04-18 22:04:21.386138,Saudi Arabia,Andriod,0
U_07999,2026-04-18 22:56:55.301530,Bahrain,Andriod,0
U_08000,2026-04-18 23:49:29.216921,Saudi Arabia,Andriod,0
U_08001,2026-04-19 00:42:03.132313,Kuwait,Andriod,0
U_08002,2026-04-19 01:34:37.047704,Saudi Arabia,Andriod,0
U_08003,2026-04-19 02:27:10.963096,Saudi Arabia,Andriod,0
U_08004,2026-04-19 03:19:44.878487,Bahrain,Andriod,0
U_08005,2026-04-19 04:12:18.793879,Saudi Arabia,Andriod,0
U_08006,2026-04-19 05:04:52.709270,Saudi Arabia,iOS,0
U_08007,2026-04-19 05:57:26.624662,Kuwait,iOS,0
U_08008,2026-04-19 06:50:00.540054,Saudi Arabia,Web,1
U_08009,2026-04-19 07:42:34.455445,Saudi Arabia,Andriod,0
U_08010,2026-04-19 08:35:08.370837,Saudi Arabia,iOS,0
U_08011,2026-04-19 09:27:42.286228,UAE,Andriod,0
U_08012,2026-04-19 10:20:16.201620,Saudi Arabia,Web,0
U_08013,2026-04-19 11:12:50.117011,Saudi Arabia,Andriod,0
U_08014,2026-04-19 12:05:24.032403,Saudi Arabia,Andriod,1
U_08015,2026-04-19 12:57:57.947794,Saudi Arabia,iOS,1
U_08016,2026-04-19 13:50:31.863186,Kuwait,Andriod,0
U_08017,2026-04-19 14:43:05.778577,Saudi Arabia,Andriod,0
U_08018,2026-04-19 15:35:39.693969,Saudi Arabia,Andriod,0
U_08019,2026-04-19 16:28:13.609360,Saudi Arabia,iOS,1
U_08020,2026-04-19 17:20:47.524752,Bahrain,iOS,0
U_08021,2026-04-19 18:13:21.440144,Saudi Arabia,Andriod,0
U_08022,2026-04-19 19:05:55.355535,UAE,iOS,1
U_08023,2026-04-19 19:58:29.270927,UAE,Andriod,0
U_08024,2026-04-19 20:51:03.186318,Saudi Arabia,Web,0
U_08025,2026-04-19 21:43:37.101710,Saudi Arabia,Andriod,1
U_08026,2026-04-19 22:36:11.017101,Saudi Arabia,Andriod,0
U_08027,2026-04-19 23:28:44.932493,UAE,Andriod,0
U_08028,2026-04-20 00:21:18.847884,Saudi Arabia,Andriod,0
U_08029,2026-04-20 01:13:52.763276,Saudi Arabia,Andriod,0
U_08030,2026-04-20 02:06:26.678667,UAE,Andriod,1
U_08031,2026-04-20 02:59:00.594059,Saudi Arabia,Andriod,1
U_08032,2026-04-20 03:51:34.509450,Saudi Arabia,Andriod,0
U_08033,2026-04-20 04:44:08.424842,Saudi Arabia,Andriod,0
U_08034,2026-04-20 05:36:42.340234,Saudi Arabia,iOS,0
U_08035,2026-04-20 06:29:16.255625,Kuwait,Andriod,0
U_08036,2026-04-20 07:21:50.171017,Saudi Arabia,Web,0
U_08037,2026-04-20 08:14:24.086408,Saudi Arabia,Andriod,0
U_08038,2026-04-20 09:06:58.001800,UAE,Andriod,0
U_08039,2026-04-20 09:59:31.917191,Saudi Arabia,Andriod,0
U_08040,2026-04-20 10:52:05.832583,Qatar,Andriod,1
U_08041,2026-04-20 11:44:39.747974,Qatar,Andriod,0
U_08042,2026-04-20 12:37:13.663366,Saudi Arabia,Andriod,0
U_08043,2026-04-20 13:29:47.578757,Saudi Arabia,Andriod,0
U_08044,2026-04-20 14:22:21.494149,Kuwait,iOS,0
U_08045,2026-04-20 15:14:55.409540,Saudi Arabia,Andriod,0
U_08046,2026-04-20 16:07:29.324932,Saudi Arabia,Andriod,0
U_08047,2026-04-20 17:00:03.240324,Kuwait,Andriod,0
U_08048,2026-04-20 17:52:37.155715,Saudi Arabia,iOS,0
U_08049,2026-04-20 18:45:11.071107,UAE,iOS,0
U_08050,2026-04-20 19:37:44.986498,Saudi Arabia,Web,0
U_08051,2026-04-20 20:30:18.901890,Saudi Arabia,iOS,0
U_08052,2026-04-20 21:22:52.817281,Saudi Arabia,Andriod,0
U_08053,2026-04-20 22:15:26.732673,Qatar,Andriod,0
U_08054,2026-04-20 23:08:00.648064,Saudi Arabia,Andriod,0
U_08055,2026-04-21 00:00:34.563456,UAE,iOS,0
U_08056,2026-04-21 00:53:08.478847,Saudi Arabia,Andriod,0
U_08057,2026-04-21 01:45:42.394239,Saudi Arabia,Andriod,0
U_08058,2026-04-21 02:38:16.309630,Saudi Arabia,Andriod,0
U_08059,2026-04-21 03:30:50.225022,Saudi Arabia,Andriod,0
U_08060,2026-04-21 04:23:24.140414,Saudi Arabia,Andriod,0
U_08061,2026-04-21 05:15:58.055805,Saudi Arabia,iOS,0
U_08062,2026-04-21 06:08:31.971197,Saudi Arabia,Andriod,0
U_08063,2026-04-21 07:01:05.886588,Qatar,Andriod,0
U_08064,2026-04-21 07:53:39.801980,Saudi Arabia,Web,0
U_08065,2026-04-21 08:46:13.717371,Qatar,Andriod,0
U_08066,2026-04-21 09:38:47.632763,Saudi Arabia,Andriod,0
U_08067,2026-04-21 10:31:21.548154,Saudi Arabia,iOS,0
U_08068,2026-04-21 11:23:55.463546,Saudi Arabia,Andriod,0
U_08069,2026-04-21 12:16:29.378937,Saudi Arabia,Andriod,0
U_08070,2026-04-21 13:09:03.294329,Saudi Arabia,Web,0
U_08071,2026-04-21 14:01:37.209720,Saudi Arabia,Andriod,0
U_08072,2026-04-21 14:54:11.125112,Saudi Arabia,Web,0
U_08073,2026-04-21 15:46:45.040504,Kuwait,Andriod,1
U_08074,2026-04-21 16:39:18.955895,Saudi Arabia,Andriod,0
U_08075,2026-04-21 17:31:52.871287,UAE,iOS,0
U_08076,2026-04-21 18:24:26.786678,Saudi Arabia,Andriod,0
U_08077,2026-04-21 19:17:00.702070,Saudi Arabia,Andriod,0
U_08078,2026-04-21 20:09:34.617461,Saudi Arabia,iOS,0
U_08079,2026-04-21 21:02:08.532853,Saudi Arabia,iOS,0
U_08080,2026-04-21 21:54:42.448244,Saudi Arabia,Andriod,1
U_08081,2026-04-21 22:47:16.363636,Saudi Arabia,iOS,0
U_08082,2026-04-21 23:39:50.279027,Saudi Arabia,Andriod,0
U_08083,2026-04-22 00:32:24.194419,Saudi Arabia,Andriod,0
U_08084,2026-04-22 01:24:58.109810,Saudi Arabia,Web,0
U_08085,2026-04-22 02:17:32.025202,Saudi Arabia,Andriod,0
U_08086,2026-04-22 03:10:05.940594,Saudi Arabia,Andriod,0
U_08087,2026-04-22 04:02:39.855985,Qatar,iOS,0
U_08088,2026-04-22 04:55:13.771377,Kuwait,iOS,1
U_08089,2026-04-22 05:47:47.686768,Saudi Arabia,iOS,0
U_08090,2026-04-22 06:40:21.602160,Bahrain,iOS,0
U_08091,2026-04-22 07:32:55.517551,UAE,Web,0
U_08092,2026-04-22 08:25:29.432943,Saudi Arabia,Andriod,0
U_08093,2026-04-22 09:18:03.348334,Saudi Arabia,iOS,0
U_08094,2026-04-22 10:10:37.263726,Qatar,iOS,0
U_08095,2026-04-22 11:03:11.179117,Saudi Arabia,Andriod,0
U_08096,2026-04-22 11:55:45.094509,Bahrain,Andriod,0
U_08097,2026-04-22 12:48:19.009900,Saudi Arabia,iOS,0
U_08098,2026-04-22 13:40:52.925292,Saudi Arabia,Web,0
U_08099,2026-04-22 14:33:26.840684,Saudi Arabia,iOS,0
U_08100,2026-04-22 15:26:00.756075,Saudi Arabia,iOS,0
U_08101,2026-04-22 16:18:34.671467,UAE,iOS,0
U_08102,2026-04-22 17:11:08.586858,Other,Andriod,0
U_08103,2026-04-22 18:03:42.502250,Saudi Arabia,iOS,0
U_08104,2026-04-22 18:56:16.417641,Saudi Arabia,iOS,0
U_08105,2026-04-22 19:48:50.333033,UAE,iOS,0
U_08106,2026-04-22 20:41:24.248424,Saudi Arabia,Andriod,0
U_08107,2026-04-22 21:33:58.163816,Saudi Arabia,iOS,0
U_08108,2026-04-22 22:26:32.079207,Saudi Arabia,iOS,0
U_08109,2026-04-22 23:19:05.994599,Kuwait,Andriod,0
U_08110,2026-04-23 00:11:39.909991,Kuwait,iOS,0
U_08111,2026-04-23 01:04:13.825382,Saudi Arabia,Andriod,0
U_08112,2026-04-23 01:56:47.740774,Saudi Arabia,iOS,0
U_08113,2026-04-23 02:49:21.656165,Qatar,iOS,0
U_08114,2026-04-23 03:41:55.571557,Saudi Arabia,Andriod,1
U_08115,2026-04-23 04:34:29.486948,Saudi Arabia,iOS,0
U_08116,2026-04-23 05:27:03.402340,Saudi Arabia,iOS,0
U_08117,2026-04-23 06:19:37.317731,Kuwait,Andriod,0
U_08118,2026-04-23 07:12:11.233123,Saudi Arabia,Web,1
U_08119,2026-04-23 08:04:45.148514,Saudi Arabia,Andriod,0
U_08120,2026-04-23 08:57:19.063906,Saudi Arabia,Andriod,0
U_08121,2026-04-23 09:49:52.979297,Saudi Arabia,Andriod,0
U_08122,2026-04-23 10:42:26.894689,Saudi Arabia,Web,0
U_08123,2026-04-23 11:35:00.810081,Saudi Arabia,Andriod,0
U_08124,2026-04-23 12:27:34.725472,Saudi Arabia,Andriod,0
U_08125,2026-04-23 13:20:08.640864,Saudi Arabia,iOS,0
U_08126,2026-04-23 14:12:42.556255,Saudi Arabia,iOS,0
U_08127,2026-04-23 15:05:16.471647,Saudi Arabia,Andriod,0
U_08128,2026-04-23 15:57:50.387038,Qatar,Web,0
U_08129,2026-04-23 16:50:24.302430,UAE,Andriod,0
U_08130,2026-04-23 17:42:58.217821,Saudi Arabia,Andriod,0
U_08131,2026-04-23 18:35:32.133213,Kuwait,Andriod,0
U_08132,2026-04-23 19:28:06.048604,Saudi Arabia,Andriod,0
U_08133,2026-04-23 20:20:39.963996,Qatar,Andriod,0
U_08134,2026-04-23 21:13:13.879387,Saudi Arabia,Andriod,1
U_08135,2026-04-23 22:05:47.794779,Saudi Arabia,iOS,0
U_08136,2026-04-23 22:58:21.710171,Saudi Arabia,Andriod,0
U_08137,2026-04-23 23:50:55.625562,Saudi Arabia,Andriod,0
U_08138,2026-04-24 00:43:29.540954,Qatar,Andriod,0
U_08139,2026-04-24 01:36:03.456345,Saudi Arabia,iOS,0
U_08140,2026-04-24 02:28:37.371737,Saudi Arabia,Andriod,0
U_08141,2026-04-24 03:21:11.287128,Saudi Arabia,iOS,0
U_08142,2026-04-24 04:13:45.202520,Kuwait,iOS,0
U_08143,2026-04-24 05:06:19.117911,Saudi Arabia,Andriod,0
U_08144,2026-04-24 05:58:53.033303,Saudi Arabia,iOS,0
U_08145,2026-04-24 06:51:26.948694,Qatar,iOS,0
U_08146,2026-04-24 07:44:00.864086,Saudi Arabia,iOS,0
U_08147,2026-04-24 08:36:34.779477,Saudi Arabia,Andriod,1
U_08148,2026-04-24 09:29:08.694869,Bahrain,iOS,0
U_08149,2026-04-24 10:21:42.610261,Saudi Arabia,Andriod,0
U_08150,2026-04-24 11:14:16.525652,Saudi Arabia,Andriod,1
U_08151,2026-04-24 12:06:50.441044,Saudi Arabia,Andriod,0
U_08152,2026-04-24 12:59:24.356435,UAE,Andriod,0
U_08153,2026-04-24 13:51:58.271827,Saudi Arabia,Andriod,0
U_08154,2026-04-24 14:44:32.187218,Qatar,iOS,0
U_08155,2026-04-24 15:37:06.102610,Kuwait,iOS,0
U_08156,2026-04-24 16:29:40.018001,Saudi Arabia,Andriod,0
U_08157,2026-04-24 17:22:13.933393,Kuwait,Andriod,0
U_08158,2026-04-24 18:14:47.848784,Saudi Arabia,iOS,0
U_08159,2026-04-24 19:07:21.764176,Saudi Arabia,iOS,0
U_08160,2026-04-24 19:59:55.679567,Kuwait,Andriod,0
U_08161,2026-04-24 20:52:29.594959,Qatar,Andriod,0
U_08162,2026-04-24 21:45:03.510351,Saudi Arabia,Andriod,0
U_08163,2026-04-24 22:37:37.425742,Saudi Arabia,Andriod,0
U_08164,2026-04-24 23:30:11.341134,Saudi Arabia,Andriod,0
U_08165,2026-04-25 00:22:45.256525,Saudi Arabia,Andriod,0
U_08166,2026-04-25 01:15:19.171917,Saudi Arabia,Andriod,0
U_08167,2026-04-25 02:07:53.087308,Saudi Arabia,Web,0
U_08168,2026-04-25 03:00:27.002700,Saudi Arabia,Andriod,1
U_08169,2026-04-25 03:53:00.918091,Saudi Arabia,iOS,0
U_08170,2026-04-25 04:45:34.833483,Saudi Arabia,iOS,0
U_08171,2026-04-25 05:38:08.748874,UAE,Andriod,0
U_08172,2026-04-25 06:30:42.664266,UAE,Web,0
U_08173,2026-04-25 07:23:16.579657,Saudi Arabia,iOS,1
U_08174,2026-04-25 08:15:50.495049,Saudi Arabia,iOS,1
U_08175,2026-04-25 09:08:24.410441,Saudi Arabia,Andriod,0
U_08176,2026-04-25 10:00:58.325832,Saudi Arabia,Web,0
U_08177,2026-04-25 10:53:32.241224,Saudi Arabia,iOS,0
U_08178,2026-04-25 11:46:06.156615,Kuwait,iOS,0
U_08179,2026-04-25 12:38:40.072007,Saudi Arabia,Andriod,0
U_08180,2026-04-25 13:31:13.987398,Saudi Arabia,iOS,0
U_08181,2026-04-25 14:23:47.902790,Saudi Arabia,Andriod,0
U_08182,2026-04-25 15:16:21.818181,Saudi Arabia,iOS,1
U_08183,2026-04-25 16:08:55.733573,Saudi Arabia,iOS,1
U_08184,2026-04-25 17:01:29.648964,Other,iOS,0
U_08185,2026-04-25 17:54:03.564356,Saudi Arabia,iOS,0
U_08186,2026-04-25 18:46:37.479747,Saudi Arabia,iOS,0
U_08187,2026-04-25 19:39:11.395139,Saudi Arabia,iOS,0
U_08188,2026-04-25 20:31:45.310531,Qatar,Andriod,0
U_08189,2026-04-25 21:24:19.225922,Saudi Arabia,iOS,0
U_08190,2026-04-25 22:16:53.141314,Saudi Arabia,Web,0
U_08191,2026-04-25 23:09:27.056705,UAE,iOS,0
U_08192,2026-04-26 00:02:00.972097,Saudi Arabia,Andriod,0
U_08193,2026-04-26 00:54:34.887488,Saudi Arabia,iOS,1
U_08194,2026-04-26 01:47:08.802880,Saudi Arabia,iOS,0
U_08195,2026-04-26 02:39:42.718271,Saudi Arabia,Andriod,0
U_08196,2026-04-26 03:32:16.633663,Saudi Arabia,Andriod,0
U_08197,2026-04-26 04:24:50.549054,Saudi Arabia,Andriod,0
U_08198,2026-04-26 05:17:24.464446,Saudi Arabia,Andriod,0
U_08199,2026-04-26 06:09:58.379837,Saudi Arabia,Andriod,0
U_08200,2026-04-26 07:02:32.295229,Saudi Arabia,Andriod,0
U_08201,2026-04-26 07:55:06.210621,Saudi Arabia,Andriod,0
U_08202,2026-04-26 08:47:40.126012,Saudi Arabia,Andriod,0
U_08203,2026-04-26 09:40:14.041404,Qatar,Web,0
U_08204,2026-04-26 10:32:47.956795,Saudi Arabia,Andriod,0
U_08205,2026-04-26 11:25:21.872187,Saudi Arabia,iOS,0
U_08206,2026-04-26 12:17:55.787578,Saudi Arabia,iOS,0
U_08207,2026-04-26 13:10:29.702970,Saudi Arabia,Andriod,0
U_08208,2026-04-26 14:03:03.618361,Saudi Arabia,Andriod,0
U_08209,2026-04-26 14:55:37.533753,Saudi Arabia,Andriod,0
U_08210,2026-04-26 15:48:11.449144,Saudi Arabia,Andriod,1
U_08211,2026-04-26 16:40:45.364536,Saudi Arabia,iOS,0
U_08212,2026-04-26 17:33:19.279927,Kuwait,iOS,0
U_08213,2026-04-26 18:25:53.195319,Saudi Arabia,iOS,0
U_08214,2026-04-26 19:18:27.110711,Saudi Arabia,Andriod,0
U_08215,2026-04-26 20:11:01.026102,Saudi Arabia,Andriod,0
U_08216,2026-04-26 21:03:34.941494,Saudi Arabia,iOS,0
U_08217,2026-04-26 21:56:08.856885,Saudi Arabia,Andriod,0
U_08218,2026-04-26 22:48:42.772277,Saudi Arabia,iOS,0
U_08219,2026-04-26 23:41:16.687668,Saudi Arabia,iOS,0
U_08220,2026-04-27 00:33:50.603060,Kuwait,Andriod,0
U_08221,2026-04-27 01:26:24.518451,UAE,iOS,0
U_08222,2026-04-27 02:18:58.433843,Saudi Arabia,Andriod,0
U_08223,2026-04-27 03:11:32.349234,Saudi Arabia,Andriod,0
U_08224,2026-04-27 04:04:06.264626,Bahrain,Andriod,0
U_08225,2026-04-27 04:56:40.180018,Saudi Arabia,iOS,0
U_08226,2026-04-27 05:49:14.095409,Saudi Arabia,Andriod,0
U_08227,2026-04-27 06:41:48.010801,Saudi Arabia,Andriod,0
U_08228,2026-04-27 07:34:21.926192,Saudi Arabia,Andriod,0
U_08229,2026-04-27 08:26:55.841584,Saudi Arabia,Andriod,0
U_08230,2026-04-27 09:19:29.756975,Saudi Arabia,iOS,0
U_08231,2026-04-27 10:12:03.672367,Saudi Arabia,iOS,0
U_08232,2026-04-27 11:04:37.587758,Saudi Arabia,Andriod,0
U_08233,2026-04-27 11:57:11.503150,Kuwait,Andriod,0
U_08234,2026-04-27 12:49:45.418541,Saudi Arabia,iOS,0
U_08235,2026-04-27 13:42:19.333933,Saudi Arabia,iOS,0
U_08236,2026-04-27 14:34:53.249324,Saudi Arabia,Andriod,0
U_08237,2026-04-27 15:27:27.164716,Kuwait,iOS,1
U_08238,2026-04-27 16:20:01.080108,Kuwait,iOS,0
U_08239,2026-04-27 17:12:34.995499,Saudi Arabia,iOS,0
U_08240,2026-04-27 18:05:08.910891,Saudi Arabia,iOS,0
U_08241,2026-04-27 18:57:42.826282,Kuwait,Andriod,0
U_08242,2026-04-27 19:50:16.741674,Saudi Arabia,iOS,0
U_08243,2026-04-27 20:42:50.657065,Saudi Arabia,iOS,0
U_08244,2026-04-27 21:35:24.572457,Saudi Arabia,iOS,0
U_08245,2026-04-27 22:27:58.487848,Saudi Arabia,iOS,1
U_08246,2026-04-27 23:20:32.403240,Saudi Arabia,Andriod,1
U_08247,2026-04-28 00:13:06.318631,Saudi Arabia,iOS,0
U_08248,2026-04-28 01:05:40.234023,Saudi Arabia,Andriod,0
U_08249,2026-04-28 01:58:14.149414,Bahrain,iOS,0
U_08250,2026-04-28 02:50:48.064806,Kuwait,iOS,0
U_08251,2026-04-28 03:43:21.980198,Bahrain,iOS,0
U_08252,2026-04-28 04:35:55.895589,Qatar,iOS,1
U_08253,2026-04-28 05:28:29.810981,Saudi Arabia,Andriod,0
U_08254,2026-04-28 06:21:03.726372,Saudi Arabia,Andriod,0
U_08255,2026-04-28 07:13:37.641764,Saudi Arabia,Andriod,0
U_08256,2026-04-28 08:06:11.557155,UAE,iOS,0
U_08257,2026-04-28 08:58:45.472547,Saudi Arabia,iOS,0
U_08258,2026-04-28 09:51:19.387938,Other,iOS,0
U_08259,2026-04-28 10:43:53.303330,Saudi Arabia,Andriod,0
U_08260,2026-04-28 11:36:27.218721,Kuwait,iOS,0
U_08261,2026-04-28 12:29:01.134113,Saudi Arabia,Andriod,0
U_08262,2026-04-28 13:21:35.049504,Saudi Arabia,iOS,0
U_08263,2026-04-28 14:14:08.964896,Kuwait,iOS,1
U_08264,2026-04-28 15:06:42.880288,Saudi Arabia,Web,0
U_08265,2026-04-28 15:59:16.795679,UAE,Andriod,0
U_08266,2026-04-28 16:51:50.711071,Saudi Arabia,Andriod,0
U_08267,2026-04-28 17:44:24.626462,Saudi Arabia,Andriod,0
U_08268,2026-04-28 18:36:58.541854,Saudi Arabia,Andriod,0
U_08269,2026-04-28 19:29:32.457245,Saudi Arabia,iOS,0
U_08270,2026-04-28 20:22:06.372637,Saudi Arabia,Andriod,0
U_08271,2026-04-28 21:14:40.288028,Saudi Arabia,iOS,0
U_08272,2026-04-28 22:07:14.203420,Saudi Arabia,Andriod,0
U_08273,2026-04-28 22:59:48.118811,Saudi Arabia,Andriod,0
U_08274,2026-04-28 23:52:22.034203,Saudi Arabia,Andriod,0
U_08275,2026-04-29 00:44:55.949594,Saudi Arabia,Andriod,0
U_08276,2026-04-29 01:37:29.864986,Kuwait,Andriod,0
U_08277,2026-04-29 02:30:03.780378,Saudi Arabia,iOS,0
U_08278,2026-04-29 03:22:37.695769,Saudi Arabia,iOS,0
U_08279,2026-04-29 04:15:11.611161,Saudi Arabia,iOS,0
U_08280,2026-04-29 05:07:45.526552,Saudi Arabia,Andriod,0
U_08281,2026-04-29 06:00:19.441944,Saudi Arabia,Web,0
U_08282,2026-04-29 06:52:53.357335,Qatar,iOS,0
U_08283,2026-04-29 07:45:27.272727,UAE,iOS,0
U_08284,2026-04-29 08:38:01.188118,Saudi Arabia,Andriod,0
U_08285,2026-04-29 09:30:35.103510,Saudi Arabia,Andriod,0
U_08286,2026-04-29 10:23:09.018901,UAE,Andriod,1
U_08287,2026-04-29 11:15:42.934293,Saudi Arabia,iOS,0
U_08288,2026-04-29 12:08:16.849684,Saudi Arabia,Web,0
U_08289,2026-04-29 13:00:50.765076,Saudi Arabia,Andriod,0
U_08290,2026-04-29 13:53:24.680468,Saudi Arabia,iOS,0
U_08291,2026-04-29 14:45:58.595859,Qatar,Web,0
U_08292,2026-04-29 15:38:32.511251,Saudi Arabia,Andriod,0
U_08293,2026-04-29 16:31:06.426642,Saudi Arabia,iOS,0
U_08294,2026-04-29 17:23:40.342034,Saudi Arabia,Andriod,0
U_08295,2026-04-29 18:16:14.257425,Kuwait,Andriod,0
U_08296,2026-04-29 19:08:48.172817,UAE,Andriod,0
U_08297,2026-04-29 20:01:22.088208,Saudi Arabia,iOS,0
U_08298,2026-04-29 20:53:56.003600,Saudi Arabia,Web,0
U_08299,2026-04-29 21:46:29.918991,Saudi Arabia,iOS,0
U_08300,2026-04-29 22:39:03.834383,UAE,Andriod,0
U_08301,2026-04-29 23:31:37.749774,Kuwait,Andriod,0
U_08302,2026-04-30 00:24:11.665166,Saudi Arabia,iOS,0
U_08303,2026-04-30 01:16:45.580558,Kuwait,iOS,0
U_08304,2026-04-30 02:09:19.495949,Saudi Arabia,Andriod,0
U_08305,2026-04-30 03:01:53.411341,Saudi Arabia,Andriod,0
U_08306,2026-04-30 03:54:27.326732,Saudi Arabia,Andriod,1
U_08307,2026-04-30 04:47:01.242124,Saudi Arabia,Andriod,0
U_08308,2026-04-30 05:39:35.157515,Saudi Arabia,Andriod,0
U_08309,2026-04-30 06:32:09.072907,Saudi Arabia,Andriod,0
U_08310,2026-04-30 07:24:42.988298,Saudi Arabia,iOS,0
U_08311,2026-04-30 08:17:16.903690,Saudi Arabia,iOS,0
U_08312,2026-04-30 09:09:50.819081,Saudi Arabia,Andriod,0
U_08313,2026-04-30 10:02:24.734473,Saudi Arabia,Andriod,0
U_08314,2026-04-30 10:54:58.649864,Saudi Arabia,iOS,0
U_08315,2026-04-30 11:47:32.565256,Saudi Arabia,Web,0
U_08316,2026-04-30 12:40:06.480648,Saudi Arabia,Andriod,0
U_08317,2026-04-30 13:32:40.396039,UAE,iOS,0
U_08318,2026-04-30 14:25:14.311431,Kuwait,Web,0
U_08319,2026-04-30 15:17:48.226822,UAE,Andriod,0
U_08320,2026-04-30 16:10:22.142214,Saudi Arabia,iOS,0
U_08321,2026-04-30 17:02:56.057605,Saudi Arabia,iOS,0
U_08322,2026-04-30 17:55:29.972997,Saudi Arabia,Andriod,1
U_08323,2026-04-30 18:48:03.888388,Saudi Arabia,Andriod,0
U_08324,2026-04-30 19:40:37.803780,Saudi Arabia,iOS,0
U_08325,2026-04-30 20:33:11.719171,Saudi Arabia,iOS,1
U_08326,2026-04-30 21:25:45.634563,UAE,iOS,0
U_08327,2026-04-30 22:18:19.549954,Saudi Arabia,Andriod,1
U_08328,2026-04-30 23:10:53.465346,Bahrain,iOS,0
U_08329,2026-05-01 00:03:27.380738,UAE,iOS,0
U_08330,2026-05-01 00:56:01.296129,Saudi Arabia,Andriod,0
U_08331,2026-05-01 01:48:35.211521,Kuwait,Andriod,0
U_08332,2026-05-01 02:41:09.126912,Saudi Arabia,Andriod,1
U_08333,2026-05-01 03:33:43.042304,UAE,iOS,0
U_08334,2026-05-01 04:26:16.957695,Saudi Arabia,Andriod,0
U_08335,2026-05-01 05:18:50.873087,Kuwait,iOS,0
U_08336,2026-05-01 06:11:24.788478,Saudi Arabia,Web,0
U_08337,2026-05-01 07:03:58.703870,Qatar,Andriod,0
U_08338,2026-05-01 07:56:32.619261,Saudi Arabia,iOS,0
U_08339,2026-05-01 08:49:06.534653,Saudi Arabia,iOS,0
U_08340,2026-05-01 09:41:40.450045,Kuwait,Andriod,0
U_08341,2026-05-01 10:34:14.365436,UAE,Andriod,0
U_08342,2026-05-01 11:26:48.280828,Saudi Arabia,Andriod,0
U_08343,2026-05-01 12:19:22.196219,Saudi Arabia,Andriod,0
U_08344,2026-05-01 13:11:56.111611,Saudi Arabia,Andriod,1
U_08345,2026-05-01 14:04:30.027002,Qatar,Andriod,0
U_08346,2026-05-01 14:57:03.942394,Kuwait,Andriod,0
U_08347,2026-05-01 15:49:37.857785,UAE,Andriod,0
U_08348,2026-05-01 16:42:11.773177,Saudi Arabia,Andriod,1
U_08349,2026-05-01 17:34:45.688568,Saudi Arabia,Web,0
U_08350,2026-05-01 18:27:19.603960,Saudi Arabia,iOS,0
U_08351,2026-05-01 19:19:53.519351,UAE,iOS,1
U_08352,2026-05-01 20:12:27.434743,Saudi Arabia,Andriod,0
U_08353,2026-05-01 21:05:01.350135,UAE,Andriod,0
U_08354,2026-05-01 21:57:35.265526,Saudi Arabia,Web,0
U_08355,2026-05-01 22:50:09.180918,Saudi Arabia,iOS,0
U_08356,2026-05-01 23:42:43.096309,Saudi Arabia,Andriod,0
U_08357,2026-05-02 00:35:17.011701,Saudi Arabia,iOS,0
U_08358,2026-05-02 01:27:50.927092,Saudi Arabia,Andriod,0
U_08359,2026-05-02 02:20:24.842484,Saudi Arabia,iOS,0
U_08360,2026-05-02 03:12:58.757875,Saudi Arabia,iOS,1
U_08361,2026-05-02 04:05:32.673267,UAE,iOS,0
U_08362,2026-05-02 04:58:06.588658,Saudi Arabia,Andriod,0
U_08363,2026-05-02 05:50:40.504050,Saudi Arabia,iOS,1
U_08364,2026-05-02 06:43:14.419441,Saudi Arabia,iOS,0
U_08365,2026-05-02 07:35:48.334833,Saudi Arabia,iOS,0
U_08366,2026-05-02 08:28:22.250225,Kuwait,iOS,0
U_08367,2026-05-02 09:20:56.165616,Saudi Arabia,Web,0
U_08368,2026-05-02 10:13:30.081008,Kuwait,iOS,0
U_08369,2026-05-02 11:06:03.996399,Saudi Arabia,iOS,0
U_08370,2026-05-02 11:58:37.911791,Saudi Arabia,Andriod,0
U_08371,2026-05-02 12:51:11.827182,Saudi Arabia,Andriod,0
U_08372,2026-05-02 13:43:45.742574,Saudi Arabia,Andriod,0
U_08373,2026-05-02 14:36:19.657965,Saudi Arabia,Andriod,0
U_08374,2026-05-02 15:28:53.573357,Kuwait,Web,0
U_08375,2026-05-02 16:21:27.488748,Saudi Arabia,iOS,0
U_08376,2026-05-02 17:14:01.404140,Saudi Arabia,Web,0
U_08377,2026-05-02 18:06:35.319531,Saudi Arabia,Andriod,1
U_08378,2026-05-02 18:59:09.234923,Saudi Arabia,Andriod,1
U_08379,2026-05-02 19:51:43.150315,Saudi Arabia,Andriod,0
U_08380,2026-05-02 20:44:17.065706,Saudi Arabia,Andriod,1
U_08381,2026-05-02 21:36:50.981098,Saudi Arabia,iOS,1
U_08382,2026-05-02 22:29:24.896489,Saudi Arabia,iOS,0
U_08383,2026-05-02 23:21:58.811881,Saudi Arabia,Web,0
U_08384,2026-05-03 00:14:32.727272,UAE,Andriod,1
U_08385,2026-05-03 01:07:06.642664,Saudi Arabia,iOS,0
U_08386,2026-05-03 01:59:40.558055,Saudi Arabia,Andriod,0
U_08387,2026-05-03 02:52:14.473447,Qatar,Andriod,0
U_08388,2026-05-03 03:44:48.388838,Saudi Arabia,iOS,0
U_08389,2026-05-03 04:37:22.304230,Saudi Arabia,Andriod,0
U_08390,2026-05-03 05:29:56.219621,Saudi Arabia,Andriod,0
U_08391,2026-05-03 06:22:30.135013,Saudi Arabia,iOS,0
U_08392,2026-05-03 07:15:04.050405,Saudi Arabia,Web,0
U_08393,2026-05-03 08:07:37.965796,Qatar,iOS,1
U_08394,2026-05-03 09:00:11.881188,Kuwait,Andriod,0
U_08395,2026-05-03 09:52:45.796579,Kuwait,iOS,0
U_08396,2026-05-03 10:45:19.711971,Kuwait,Andriod,0
U_08397,2026-05-03 11:37:53.627362,Saudi Arabia,iOS,0
U_08398,2026-05-03 12:30:27.542754,Saudi Arabia,iOS,1
U_08399,2026-05-03 13:23:01.458145,UAE,Andriod,0
U_08400,2026-05-03 14:15:35.373537,Qatar,iOS,0
U_08401,2026-05-03 15:08:09.288928,Saudi Arabia,Andriod,0
U_08402,2026-05-03 16:00:43.204320,Qatar,Andriod,0
U_08403,2026-05-03 16:53:17.119711,Saudi Arabia,Web,0
U_08404,2026-05-03 17:45:51.035103,Saudi Arabia,Andriod,0
U_08405,2026-05-03 18:38:24.950495,Saudi Arabia,iOS,0
U_08406,2026-05-03 19:30:58.865886,Saudi Arabia,iOS,0
U_08407,2026-05-03 20:23:32.781278,Saudi Arabia,Andriod,1
U_08408,2026-05-03 21:16:06.696669,Saudi Arabia,Andriod,0
U_08409,2026-05-03 22:08:40.612061,Saudi Arabia,iOS,0
U_08410,2026-05-03 23:01:14.527452,Saudi Arabia,Andriod,0
U_08411,2026-05-03 23:53:48.442844,Saudi Arabia,Andriod,0
U_08412,2026-05-04 00:46:22.358235,Other,Web,0
U_08413,2026-05-04 01:38:56.273627,Saudi Arabia,Web,1
U_08414,2026-05-04 02:31:30.189018,Saudi Arabia,Web,0
U_08415,2026-05-04 03:24:04.104410,Saudi Arabia,Andriod,0
U_08416,2026-05-04 04:16:38.019801,Saudi Arabia,Web,0
U_08417,2026-05-04 05:09:11.935193,Kuwait,iOS,0
U_08418,2026-05-04 06:01:45.850585,Saudi Arabia,Andriod,0
U_08419,2026-05-04 06:54:19.765976,Kuwait,Andriod,0
U_08420,2026-05-04 07:46:53.681368,Saudi Arabia,Web,0
U_08421,2026-05-04 08:39:27.596759,Saudi Arabia,Andriod,0
U_08422,2026-05-04 09:32:01.512151,Saudi Arabia,iOS,0
U_08423,2026-05-04 10:24:35.427542,Saudi Arabia,Andriod,0
U_08424,2026-05-04 11:17:09.342934,Saudi Arabia,Andriod,0
U_08425,2026-05-04 12:09:43.258325,Saudi Arabia,iOS,0
U_08426,2026-05-04 13:02:17.173717,Saudi Arabia,iOS,0
U_08427,2026-05-04 13:54:51.089108,Saudi Arabia,Andriod,0
U_08428,2026-05-04 14:47:25.004500,Other,iOS,0
U_08429,2026-05-04 15:39:58.919891,Saudi Arabia,iOS,0
U_08430,2026-05-04 16:32:32.835283,Saudi Arabia,iOS,0
U_08431,2026-05-04 17:25:06.750675,Saudi Arabia,Web,0
U_08432,2026-05-04 18:17:40.666066,Saudi Arabia,Andriod,0
U_08433,2026-05-04 19:10:14.581458,Saudi Arabia,iOS,0
U_08434,2026-05-04 20:02:48.496849,UAE,Andriod,1
U_08435,2026-05-04 20:55:22.412241,Qatar,Andriod,0
U_08436,2026-05-04 21:47:56.327632,Saudi Arabia,iOS,1
U_08437,2026-05-04 22:40:30.243024,Saudi Arabia,iOS,0
U_08438,2026-05-04 23:33:04.158415,Saudi Arabia,Andriod,0
U_08439,2026-05-05 00:25:38.073807,Saudi Arabia,Andriod,0
U_08440,2026-05-05 01:18:11.989198,Saudi Arabia,Andriod,0
U_08441,2026-05-05 02:10:45.904590,Saudi Arabia,Andriod,0
U_08442,2026-05-05 03:03:19.819982,Saudi Arabia,iOS,0
U_08443,2026-05-05 03:55:53.735373,Saudi Arabia,Web,0
U_08444,2026-05-05 04:48:27.650765,Saudi Arabia,iOS,0
U_08445,2026-05-05 05:41:01.566156,Saudi Arabia,Andriod,1
U_08446,2026-05-05 06:33:35.481548,Saudi Arabia,iOS,0
U_08447,2026-05-05 07:26:09.396939,Saudi Arabia,iOS,0
U_08448,2026-05-05 08:18:43.312331,UAE,Andriod,1
U_08449,2026-05-05 09:11:17.227722,Saudi Arabia,iOS,0
U_08450,2026-05-05 10:03:51.143114,Kuwait,Andriod,0
U_08451,2026-05-05 10:56:25.058505,Saudi Arabia,iOS,0
U_08452,2026-05-05 11:48:58.973897,Saudi Arabia,Andriod,0
U_08453,2026-05-05 12:41:32.889288,Saudi Arabia,Andriod,0
U_08454,2026-05-05 13:34:06.804680,Saudi Arabia,iOS,0
U_08455,2026-05-05 14:26:40.720072,Qatar,Andriod,0
U_08456,2026-05-05 15:19:14.635463,Saudi Arabia,iOS,0
U_08457,2026-05-05 16:11:48.550855,Saudi Arabia,iOS,0
U_08458,2026-05-05 17:04:22.466246,Saudi Arabia,Andriod,0
U_08459,2026-05-05 17:56:56.381638,Qatar,Andriod,0
U_08460,2026-05-05 18:49:30.297029,Saudi Arabia,Andriod,0
U_08461,2026-05-05 19:42:04.212421,Qatar,iOS,0
U_08462,2026-05-05 20:34:38.127812,Bahrain,Andriod,0
U_08463,2026-05-05 21:27:12.043204,Saudi Arabia,Andriod,0
U_08464,2026-05-05 22:19:45.958595,UAE,iOS,0
U_08465,2026-05-05 23:12:19.873987,Other,iOS,1
U_08466,2026-05-06 00:04:53.789378,Saudi Arabia,Andriod,0
U_08467,2026-05-06 00:57:27.704770,Saudi Arabia,Andriod,0
U_08468,2026-05-06 01:50:01.620162,Saudi Arabia,iOS,1
U_08469,2026-05-06 02:42:35.535553,Saudi Arabia,iOS,0
U_08470,2026-05-06 03:35:09.450945,Saudi Arabia,iOS,0
U_08471,2026-05-06 04:27:43.366336,Saudi Arabia,Andriod,0
U_08472,2026-05-06 05:20:17.281728,Saudi Arabia,Andriod,0
U_08473,2026-05-06 06:12:51.197119,Saudi Arabia,Andriod,0
U_08474,2026-05-06 07:05:25.112511,Saudi Arabia,Andriod,0
U_08475,2026-05-06 07:57:59.027902,UAE,Web,0
U_08476,2026-05-06 08:50:32.943294,Kuwait,Andriod,0
U_08477,2026-05-06 09:43:06.858685,Saudi Arabia,Andriod,0
U_08478,2026-05-06 10:35:40.774077,Saudi Arabia,iOS,0
U_08479,2026-05-06 11:28:14.689468,Saudi Arabia,Andriod,0
U_08480,2026-05-06 12:20:48.604860,Qatar,Andriod,0
U_08481,2026-05-06 13:13:22.520252,Saudi Arabia,iOS,0
U_08482,2026-05-06 14:05:56.435643,Saudi Arabia,Web,1
U_08483,2026-05-06 14:58:30.351035,Bahrain,Andriod,0
U_08484,2026-05-06 15:51:04.266426,Qatar,Andriod,0
U_08485,2026-05-06 16:43:38.181818,Kuwait,Andriod,0
U_08486,2026-05-06 17:36:12.097209,Kuwait,Andriod,0
U_08487,2026-05-06 18:28:46.012601,Saudi Arabia,iOS,0
U_08488,2026-05-06 19:21:19.927992,Saudi Arabia,iOS,0
U_08489,2026-05-06 20:13:53.843384,Saudi Arabia,Andriod,0
U_08490,2026-05-06 21:06:27.758775,Saudi Arabia,Andriod,0
U_08491,2026-05-06 21:59:01.674167,UAE,Andriod,1
U_08492,2026-05-06 22:51:35.589558,Saudi Arabia,iOS,0
U_08493,2026-05-06 23:44:09.504950,Saudi Arabia,Andriod,0
U_08494,2026-05-07 00:36:43.420342,Qatar,Andriod,0
U_08495,2026-05-07 01:29:17.335733,Saudi Arabia,Andriod,0
U_08496,2026-05-07 02:21:51.251125,Qatar,Andriod,0
U_08497,2026-05-07 03:14:25.166516,Other,Web,0
U_08498,2026-05-07 04:06:59.081908,Saudi Arabia,iOS,0
U_08499,2026-05-07 04:59:32.997299,Saudi Arabia,iOS,0
U_08500,2026-05-07 05:52:06.912691,Saudi Arabia,iOS,0
U_08501,2026-05-07 06:44:40.828082,Saudi Arabia,Andriod,0
U_08502,2026-05-07 07:37:14.743474,Saudi Arabia,iOS,0
U_08503,2026-05-07 08:29:48.658865,Saudi Arabia,Andriod,0
U_08504,2026-05-07 09:22:22.574257,Qatar,Andriod,1
U_08505,2026-05-07 10:14:56.489648,Saudi Arabia,Andriod,0
U_08506,2026-05-07 11:07:30.405040,Kuwait,Andriod,0
U_08507,2026-05-07 12:00:04.320432,Saudi Arabia,Andriod,0
U_08508,2026-05-07 12:52:38.235823,Saudi Arabia,Andriod,0
U_08509,2026-05-07 13:45:12.151215,Bahrain,iOS,0
U_08510,2026-05-07 14:37:46.066606,Saudi Arabia,Andriod,0
U_08511,2026-05-07 15:30:19.981998,Saudi Arabia,Andriod,0
U_08512,2026-05-07 16:22:53.897389,Saudi Arabia,Andriod,0
U_08513,2026-05-07 17:15:27.812781,Kuwait,Web,1
U_08514,2026-05-07 18:08:01.728172,Saudi Arabia,Web,0
U_08515,2026-05-07 19:00:35.643564,Saudi Arabia,Andriod,0
U_08516,2026-05-07 19:53:09.558955,Saudi Arabia,iOS,0
U_08517,2026-05-07 20:45:43.474347,Qatar,Andriod,0
U_08518,2026-05-07 21:38:17.389738,Bahrain,iOS,0
U_08519,2026-05-07 22:30:51.305130,Saudi Arabia,iOS,0
U_08520,2026-05-07 23:23:25.220522,UAE,iOS,0
U_08521,2026-05-08 00:15:59.135913,Saudi Arabia,iOS,0
U_08522,2026-05-08 01:08:33.051305,Saudi Arabia,iOS,0
U_08523,2026-05-08 02:01:06.966696,Saudi Arabia,Andriod,0
U_08524,2026-05-08 02:53:40.882088,Saudi Arabia,Web,0
U_08525,2026-05-08 03:46:14.797479,Saudi Arabia,iOS,0
U_08526,2026-05-08 04:38:48.712871,Saudi Arabia,Web,0
U_08527,2026-05-08 05:31:22.628262,Saudi Arabia,iOS,0
U_08528,2026-05-08 06:23:56.543654,Kuwait,iOS,0
U_08529,2026-05-08 07:16:30.459045,Saudi Arabia,Andriod,0
U_08530,2026-05-08 08:09:04.374437,Saudi Arabia,Andriod,0
U_08531,2026-05-08 09:01:38.289828,Bahrain,iOS,0
U_08532,2026-05-08 09:54:12.205220,Saudi Arabia,iOS,0
U_08533,2026-05-08 10:46:46.120612,Saudi Arabia,Andriod,1
U_08534,2026-05-08 11:39:20.036003,Kuwait,iOS,0
U_08535,2026-05-08 12:31:53.951395,Saudi Arabia,Andriod,0
U_08536,2026-05-08 13:24:27.866786,Saudi Arabia,Andriod,0
U_08537,2026-05-08 14:17:01.782178,Saudi Arabia,iOS,0
U_08538,2026-05-08 15:09:35.697569,Bahrain,Andriod,0
U_08539,2026-05-08 16:02:09.612961,Saudi Arabia,iOS,0
U_08540,2026-05-08 16:54:43.528352,UAE,Andriod,0
U_08541,2026-05-08 17:47:17.443744,Saudi Arabia,Andriod,0
U_08542,2026-05-08 18:39:51.359135,Saudi Arabia,Web,0
U_08543,2026-05-08 19:32:25.274527,UAE,Andriod,1
U_08544,2026-05-08 20:24:59.189918,Saudi Arabia,Andriod,0
U_08545,2026-05-08 21:17:33.105310,Saudi Arabia,iOS,0
U_08546,2026-05-08 22:10:07.020702,Saudi Arabia,Andriod,0
U_08547,2026-05-08 23:02:40.936093,UAE,Andriod,0
U_08548,2026-05-08 23:55:14.851485,Saudi Arabia,Andriod,0
U_08549,2026-05-09 00:47:48.766876,Saudi Arabia,Andriod,0
U_08550,2026-05-09 01:40:22.682268,Saudi Arabia,iOS,0
U_08551,2026-05-09 02:32:56.597659,Bahrain,Andriod,0
U_08552,2026-05-09 03:25:30.513051,Saudi Arabia,Andriod,0
U_08553,2026-05-09 04:18:04.428442,Saudi Arabia,Andriod,0
U_08554,2026-05-09 05:10:38.343834,Saudi Arabia,Andriod,0
U_08555,2026-05-09 06:03:12.259225,Saudi Arabia,iOS,0
U_08556,2026-05-09 06:55:46.174617,Saudi Arabia,Web,0
U_08557,2026-05-09 07:48:20.090009,Saudi Arabia,iOS,0
U_08558,2026-05-09 08:40:54.005400,Saudi Arabia,Andriod,0
U_08559,2026-05-09 09:33:27.920792,Kuwait,Andriod,0
U_08560,2026-05-09 10:26:01.836183,UAE,Web,0
U_08561,2026-05-09 11:18:35.751575,Saudi Arabia,Andriod,0
U_08562,2026-05-09 12:11:09.666966,Bahrain,Andriod,0
U_08563,2026-05-09 13:03:43.582358,Saudi Arabia,iOS,0
U_08564,2026-05-09 13:56:17.497749,Bahrain,iOS,0
U_08565,2026-05-09 14:48:51.413141,Saudi Arabia,iOS,0
U_08566,2026-05-09 15:41:25.328532,Saudi Arabia,Andriod,1
U_08567,2026-05-09 16:33:59.243924,Bahrain,Andriod,0
U_08568,2026-05-09 17:26:33.159315,Bahrain,Andriod,0
U_08569,2026-05-09 18:19:07.074707,Saudi Arabia,Andriod,0
U_08570,2026-05-09 19:11:40.990099,Saudi Arabia,Andriod,0
U_08571,2026-05-09 20:04:14.905490,Saudi Arabia,iOS,0
U_08572,2026-05-09 20:56:48.820882,Saudi Arabia,iOS,0
U_08573,2026-05-09 21:49:22.736273,Saudi Arabia,iOS,0
U_08574,2026-05-09 22:41:56.651665,Saudi Arabia,Andriod,0
U_08575,2026-05-09 23:34:30.567056,UAE,iOS,0
U_08576,2026-05-10 00:27:04.482448,Saudi Arabia,Andriod,0
U_08577,2026-05-10 01:19:38.397839,Saudi Arabia,Andriod,0
U_08578,2026-05-10 02:12:12.313231,Saudi Arabia,Andriod,0
U_08579,2026-05-10 03:04:46.228622,Saudi Arabia,iOS,0
U_08580,2026-05-10 03:57:20.144014,Saudi Arabia,iOS,0
U_08581,2026-05-10 04:49:54.059405,Saudi Arabia,iOS,0
U_08582,2026-05-10 05:42:27.974797,Kuwait,Andriod,0
U_08583,2026-05-10 06:35:01.890189,Bahrain,iOS,1
U_08584,2026-05-10 07:27:35.805580,Saudi Arabia,Andriod,0
U_08585,2026-05-10 08:20:09.720972,Saudi Arabia,Andriod,0
U_08586,2026-05-10 09:12:43.636363,Saudi Arabia,iOS,0
U_08587,2026-05-10 10:05:17.551755,UAE,Andriod,0
U_08588,2026-05-10 10:57:51.467146,Kuwait,Andriod,0
U_08589,2026-05-10 11:50:25.382538,Saudi Arabia,Andriod,0
U_08590,2026-05-10 12:42:59.297929,Saudi Arabia,iOS,0
U_08591,2026-05-10 13:35:33.213321,UAE,iOS,0
U_08592,2026-05-10 14:28:07.128712,Saudi Arabia,iOS,0
U_08593,2026-05-10 15:20:41.044104,Saudi Arabia,iOS,0
U_08594,2026-05-10 16:13:14.959495,Bahrain,Andriod,0
U_08595,2026-05-10 17:05:48.874887,Kuwait,Andriod,0
U_08596,2026-05-10 17:58:22.790279,Saudi Arabia,Web,0
U_08597,2026-05-10 18:50:56.705670,Saudi Arabia,iOS,0
U_08598,2026-05-10 19:43:30.621062,Saudi Arabia,iOS,0
U_08599,2026-05-10 20:36:04.536453,Saudi Arabia,Andriod,0
U_08600,2026-05-10 21:28:38.451845,Saudi Arabia,iOS,0
U_08601,2026-05-10 22:21:12.367236,Saudi Arabia,iOS,0
U_08602,2026-05-10 23:13:46.282628,Kuwait,Andriod,0
U_08603,2026-05-11 00:06:20.198019,UAE,iOS,0
U_08604,2026-05-11 00:58:54.113411,Saudi Arabia,Andriod,0
U_08605,2026-05-11 01:51:28.028802,Saudi Arabia,iOS,0
U_08606,2026-05-11 02:44:01.944194,Saudi Arabia,Andriod,1
U_08607,2026-05-11 03:36:35.859585,Saudi Arabia,Andriod,0
U_08608,2026-05-11 04:29:09.774977,Saudi Arabia,iOS,0
U_08609,2026-05-11 05:21:43.690369,Saudi Arabia,Web,0
U_08610,2026-05-11 06:14:17.605760,UAE,Andriod,0
U_08611,2026-05-11 07:06:51.521152,Saudi Arabia,Web,0
U_08612,2026-05-11 07:59:25.436543,Bahrain,iOS,0
U_08613,2026-05-11 08:51:59.351935,Other,Andriod,0
U_08614,2026-05-11 09:44:33.267326,Saudi Arabia,Andriod,1
U_08615,2026-05-11 10:37:07.182718,Saudi Arabia,Andriod,0
U_08616,2026-05-11 11:29:41.098109,Qatar,Andriod,0
U_08617,2026-05-11 12:22:15.013501,Qatar,Andriod,0
U_08618,2026-05-11 13:14:48.928892,Saudi Arabia,Web,0
U_08619,2026-05-11 14:07:22.844284,Saudi Arabia,iOS,0
U_08620,2026-05-11 14:59:56.759675,Saudi Arabia,iOS,0
U_08621,2026-05-11 15:52:30.675067,Other,Andriod,0
U_08622,2026-05-11 16:45:04.590459,Saudi Arabia,Andriod,0
U_08623,2026-05-11 17:37:38.505850,Saudi Arabia,Andriod,0
U_08624,2026-05-11 18:30:12.421242,UAE,Andriod,0
U_08625,2026-05-11 19:22:46.336633,Saudi Arabia,Web,0
U_08626,2026-05-11 20:15:20.252025,Saudi Arabia,Andriod,0
U_08627,2026-05-11 21:07:54.167416,Saudi Arabia,iOS,0
U_08628,2026-05-11 22:00:28.082808,UAE,iOS,0
U_08629,2026-05-11 22:53:01.998199,Saudi Arabia,Web,1
U_08630,2026-05-11 23:45:35.913591,Saudi Arabia,Andriod,0
U_08631,2026-05-12 00:38:09.828982,Saudi Arabia,Web,0
U_08632,2026-05-12 01:30:43.744374,Saudi Arabia,iOS,0
U_08633,2026-05-12 02:23:17.659765,Saudi Arabia,Andriod,0
U_08634,2026-05-12 03:15:51.575157,Saudi Arabia,Andriod,0
U_08635,2026-05-12 04:08:25.490549,Saudi Arabia,iOS,0
U_08636,2026-05-12 05:00:59.405940,UAE,Andriod,0
U_08637,2026-05-12 05:53:33.321332,UAE,Andriod,0
U_08638,2026-05-12 06:46:07.236723,Saudi Arabia,Andriod,0
U_08639,2026-05-12 07:38:41.152115,Saudi Arabia,Andriod,0
U_08640,2026-05-12 08:31:15.067506,Saudi Arabia,Andriod,0
U_08641,2026-05-12 09:23:48.982898,UAE,Andriod,0
U_08642,2026-05-12 10:16:22.898289,Saudi Arabia,Andriod,0
U_08643,2026-05-12 11:08:56.813681,Saudi Arabia,Andriod,0
U_08644,2026-05-12 12:01:30.729072,Saudi Arabia,iOS,0
U_08645,2026-05-12 12:54:04.644464,Saudi Arabia,Andriod,0
U_08646,2026-05-12 13:46:38.559855,Saudi Arabia,Andriod,0
U_08647,2026-05-12 14:39:12.475247,Saudi Arabia,iOS,0
U_08648,2026-05-12 15:31:46.390639,Saudi Arabia,Andriod,0
U_08649,2026-05-12 16:24:20.306030,Kuwait,iOS,0
U_08650,2026-05-12 17:16:54.221422,Saudi Arabia,Andriod,0
U_08651,2026-05-12 18:09:28.136813,Saudi Arabia,iOS,0
U_08652,2026-05-12 19:02:02.052205,Saudi Arabia,iOS,0
U_08653,2026-05-12 19:54:35.967596,Saudi Arabia,Web,0
U_08654,2026-05-12 20:47:09.882988,Saudi Arabia,Andriod,0
U_08655,2026-05-12 21:39:43.798379,Saudi Arabia,Andriod,1
U_08656,2026-05-12 22:32:17.713771,Saudi Arabia,Andriod,0
U_08657,2026-05-12 23:24:51.629162,Saudi Arabia,Andriod,0
U_08658,2026-05-13 00:17:25.544554,Saudi Arabia,Andriod,0
U_08659,2026-05-13 01:09:59.459945,Saudi Arabia,Andriod,0
U_08660,2026-05-13 02:02:33.375337,Bahrain,Web,0
U_08661,2026-05-13 02:55:07.290729,Saudi Arabia,iOS,1
U_08662,2026-05-13 03:47:41.206120,Saudi Arabia,Web,0
U_08663,2026-05-13 04:40:15.121512,Saudi Arabia,Andriod,0
U_08664,2026-05-13 05:32:49.036903,Saudi Arabia,Andriod,0
U_08665,2026-05-13 06:25:22.952295,Saudi Arabia,iOS,0
U_08666,2026-05-13 07:17:56.867686,Saudi Arabia,Andriod,0
U_08667,2026-05-13 08:10:30.783078,Kuwait,Andriod,0
U_08668,2026-05-13 09:03:04.698469,Saudi Arabia,Web,1
U_08669,2026-05-13 09:55:38.613861,Saudi Arabia,Web,0
U_08670,2026-05-13 10:48:12.529252,UAE,Web,0
U_08671,2026-05-13 11:40:46.444644,Qatar,iOS,0
U_08672,2026-05-13 12:33:20.360036,Saudi Arabia,Web,0
U_08673,2026-05-13 13:25:54.275427,Saudi Arabia,Andriod,0
U_08674,2026-05-13 14:18:28.190819,Saudi Arabia,Andriod,0
U_08675,2026-05-13 15:11:02.106210,Saudi Arabia,iOS,1
U_08676,2026-05-13 16:03:36.021602,Saudi Arabia,Andriod,0
U_08677,2026-05-13 16:56:09.936993,Saudi Arabia,Web,0
U_08678,2026-05-13 17:48:43.852385,Kuwait,Web,0
U_08679,2026-05-13 18:41:17.767776,Saudi Arabia,Andriod,1
U_08680,2026-05-13 19:33:51.683168,Saudi Arabia,Andriod,0
U_08681,2026-05-13 20:26:25.598559,Saudi Arabia,iOS,0
U_08682,2026-05-13 21:18:59.513951,UAE,Andriod,0
U_08683,2026-05-13 22:11:33.429342,Saudi Arabia,Andriod,0
U_08684,2026-05-13 23:04:07.344734,Saudi Arabia,iOS,0
U_08685,2026-05-13 23:56:41.260126,Saudi Arabia,iOS,0
U_08686,2026-05-14 00:49:15.175517,Saudi Arabia,iOS,0
U_08687,2026-05-14 01:41:49.090909,Saudi Arabia,Andriod,0
U_08688,2026-05-14 02:34:23.006300,Saudi Arabia,iOS,0
U_08689,2026-05-14 03:26:56.921692,Saudi Arabia,Andriod,0
U_08690,2026-05-14 04:19:30.837083,Saudi Arabia,iOS,0
U_08691,2026-05-14 05:12:04.752475,Saudi Arabia,Andriod,0
U_08692,2026-05-14 06:04:38.667866,Saudi Arabia,Andriod,0
U_08693,2026-05-14 06:57:12.583258,Saudi Arabia,Andriod,0
U_08694,2026-05-14 07:49:46.498649,Saudi Arabia,Andriod,0
U_08695,2026-05-14 08:42:20.414041,Saudi Arabia,Andriod,0
U_08696,2026-05-14 09:34:54.329432,Saudi Arabia,iOS,0
U_08697,2026-05-14 10:27:28.244824,Qatar,Andriod,0
U_08698,2026-05-14 11:20:02.160216,Saudi Arabia,iOS,1
U_08699,2026-05-14 12:12:36.075607,Saudi Arabia,iOS,1
U_08700,2026-05-14 13:05:09.990999,Saudi Arabia,Andriod,0
U_08701,2026-05-14 13:57:43.906390,Bahrain,iOS,0
U_08702,2026-05-14 14:50:17.821782,UAE,Andriod,0
U_08703,2026-05-14 15:42:51.737173,Saudi Arabia,iOS,0
U_08704,2026-05-14 16:35:25.652565,Saudi Arabia,Andriod,0
U_08705,2026-05-14 17:27:59.567956,Saudi Arabia,iOS,0
U_08706,2026-05-14 18:20:33.483348,Saudi Arabia,iOS,0
U_08707,2026-05-14 19:13:07.398739,Kuwait,iOS,0
U_08708,2026-05-14 20:05:41.314131,Saudi Arabia,Andriod,0
U_08709,2026-05-14 20:58:15.229522,Saudi Arabia,Web,0
U_08710,2026-05-14 21:50:49.144914,Kuwait,Andriod,0
U_08711,2026-05-14 22:43:23.060306,UAE,Andriod,0
U_08712,2026-05-14 23:35:56.975697,Saudi Arabia,Andriod,0
U_08713,2026-05-15 00:28:30.891089,Saudi Arabia,Web,0
U_08714,2026-05-15 01:21:04.806480,Saudi Arabia,Andriod,0
U_08715,2026-05-15 02:13:38.721872,Bahrain,iOS,0
U_08716,2026-05-15 03:06:12.637263,UAE,Andriod,0
U_08717,2026-05-15 03:58:46.552655,Saudi Arabia,Andriod,0
U_08718,2026-05-15 04:51:20.468046,Saudi Arabia,iOS,1
U_08719,2026-05-15 05:43:54.383438,Bahrain,iOS,0
U_08720,2026-05-15 06:36:28.298829,Saudi Arabia,Web,0
U_08721,2026-05-15 07:29:02.214221,Saudi Arabia,Web,0
U_08722,2026-05-15 08:21:36.129612,Kuwait,Andriod,0
U_08723,2026-05-15 09:14:10.045004,Saudi Arabia,Web,0
U_08724,2026-05-15 10:06:43.960396,Saudi Arabia,Andriod,0
U_08725,2026-05-15 10:59:17.875787,UAE,iOS,0
U_08726,2026-05-15 11:51:51.791179,Kuwait,iOS,0
U_08727,2026-05-15 12:44:25.706570,Saudi Arabia,iOS,0
U_08728,2026-05-15 13:36:59.621962,Saudi Arabia,iOS,0
U_08729,2026-05-15 14:29:33.537353,Saudi Arabia,iOS,0
U_08730,2026-05-15 15:22:07.452745,Saudi Arabia,Andriod,0
U_08731,2026-05-15 16:14:41.368136,Saudi Arabia,Andriod,0
U_08732,2026-05-15 17:07:15.283528,Kuwait,Andriod,0
U_08733,2026-05-15 17:59:49.198919,Saudi Arabia,Andriod,0
U_08734,2026-05-15 18:52:23.114311,Saudi Arabia,Web,0
U_08735,2026-05-15 19:44:57.029702,Saudi Arabia,Andriod,0
U_08736,2026-05-15 20:37:30.945094,Other,Andriod,0
U_08737,2026-05-15 21:30:04.860486,Saudi Arabia,Andriod,0
U_08738,2026-05-15 22:22:38.775877,Saudi Arabia,iOS,0
U_08739,2026-05-15 23:15:12.691269,Saudi Arabia,Web,0
U_08740,2026-05-16 00:07:46.606660,Saudi Arabia,iOS,0
U_08741,2026-05-16 01:00:20.522052,Saudi Arabia,Andriod,0
U_08742,2026-05-16 01:52:54.437443,Saudi Arabia,iOS,0
U_08743,2026-05-16 02:45:28.352835,Saudi Arabia,Andriod,0
U_08744,2026-05-16 03:38:02.268226,Saudi Arabia,Web,1
U_08745,2026-05-16 04:30:36.183618,Saudi Arabia,iOS,0
U_08746,2026-05-16 05:23:10.099009,Saudi Arabia,Andriod,0
U_08747,2026-05-16 06:15:44.014401,Saudi Arabia,iOS,0
U_08748,2026-05-16 07:08:17.929792,Saudi Arabia,iOS,0
U_08749,2026-05-16 08:00:51.845184,Saudi Arabia,iOS,0
U_08750,2026-05-16 08:53:25.760576,Saudi Arabia,Andriod,0
U_08751,2026-05-16 09:45:59.675967,Saudi Arabia,iOS,0
U_08752,2026-05-16 10:38:33.591359,Saudi Arabia,Andriod,0
U_08753,2026-05-16 11:31:07.506750,Saudi Arabia,iOS,1
U_08754,2026-05-16 12:23:41.422142,Saudi Arabia,iOS,0
U_08755,2026-05-16 13:16:15.337533,Qatar,Andriod,0
U_08756,2026-05-16 14:08:49.252925,UAE,iOS,0
U_08757,2026-05-16 15:01:23.168316,Saudi Arabia,iOS,0
U_08758,2026-05-16 15:53:57.083708,Saudi Arabia,iOS,0
U_08759,2026-05-16 16:46:30.999099,Saudi Arabia,Andriod,0
U_08760,2026-05-16 17:39:04.914491,Saudi Arabia,Andriod,0
U_08761,2026-05-16 18:31:38.829882,Saudi Arabia,iOS,0
U_08762,2026-05-16 19:24:12.745274,Saudi Arabia,iOS,0
U_08763,2026-05-16 20:16:46.660666,Saudi Arabia,Andriod,1
U_08764,2026-05-16 21:09:20.576057,Bahrain,iOS,0
U_08765,2026-05-16 22:01:54.491449,Saudi Arabia,Andriod,0
U_08766,2026-05-16 22:54:28.406840,UAE,Andriod,0
U_08767,2026-05-16 23:47:02.322232,Kuwait,Andriod,0
U_08768,2026-05-17 00:39:36.237623,Saudi Arabia,iOS,0
U_08769,2026-05-17 01:32:10.153015,Saudi Arabia,Andriod,0
U_08770,2026-05-17 02:24:44.068406,Saudi Arabia,Andriod,0
U_08771,2026-05-17 03:17:17.983798,Saudi Arabia,Andriod,1
U_08772,2026-05-17 04:09:51.899189,Saudi Arabia,Andriod,0
U_08773,2026-05-17 05:02:25.814581,Saudi Arabia,Andriod,0
U_08774,2026-05-17 05:54:59.729973,Saudi Arabia,Andriod,0
U_08775,2026-05-17 06:47:33.645364,Qatar,iOS,0
U_08776,2026-05-17 07:40:07.560756,Saudi Arabia,Andriod,0
U_08777,2026-05-17 08:32:41.476147,Qatar,iOS,0
U_08778,2026-05-17 09:25:15.391539,Saudi Arabia,Andriod,0
U_08779,2026-05-17 10:17:49.306930,Kuwait,Andriod,0
U_08780,2026-05-17 11:10:23.222322,Saudi Arabia,Andriod,0
U_08781,2026-05-17 12:02:57.137713,Saudi Arabia,Andriod,0
U_08782,2026-05-17 12:55:31.053105,UAE,iOS,0
U_08783,2026-05-17 13:48:04.968496,Saudi Arabia,iOS,0
U_08784,2026-05-17 14:40:38.883888,Saudi Arabia,Andriod,0
U_08785,2026-05-17 15:33:12.799279,Saudi Arabia,Andriod,0
U_08786,2026-05-17 16:25:46.714671,Saudi Arabia,Andriod,0
U_08787,2026-05-17 17:18:20.630063,Saudi Arabia,iOS,0
U_08788,2026-05-17 18:10:54.545454,Kuwait,Web,1
U_08789,2026-05-17 19:03:28.460846,Saudi Arabia,Web,0
U_08790,2026-05-17 19:56:02.376237,Saudi Arabia,Andriod,1
U_08791,2026-05-17 20:48:36.291629,Bahrain,Andriod,0
U_08792,2026-05-17 21:41:10.207020,Saudi Arabia,Andriod,0
U_08793,2026-05-17 22:33:44.122412,Saudi Arabia,Andriod,0
U_08794,2026-05-17 23:26:18.037803,Kuwait,Web,0
U_08795,2026-05-18 00:18:51.953195,Saudi Arabia,iOS,0
U_08796,2026-05-18 01:11:25.868586,Saudi Arabia,Andriod,0
U_08797,2026-05-18 02:03:59.783978,Saudi Arabia,Andriod,0
U_08798,2026-05-18 02:56:33.699369,Saudi Arabia,Andriod,1
U_08799,2026-05-18 03:49:07.614761,Saudi Arabia,Andriod,0
U_08800,2026-05-18 04:41:41.530153,Saudi Arabia,Web,0
U_08801,2026-05-18 05:34:15.445544,Kuwait,Andriod,0
U_08802,2026-05-18 06:26:49.360936,Saudi Arabia,Andriod,0
U_08803,2026-05-18 07:19:23.276327,Saudi Arabia,Andriod,0
U_08804,2026-05-18 08:11:57.191719,Other,Andriod,0
U_08805,2026-05-18 09:04:31.107110,Saudi Arabia,iOS,1
U_08806,2026-05-18 09:57:05.022502,UAE,Andriod,0
U_08807,2026-05-18 10:49:38.937893,Saudi Arabia,Web,0
U_08808,2026-05-18 11:42:12.853285,Kuwait,iOS,1
U_08809,2026-05-18 12:34:46.768676,Saudi Arabia,iOS,1
U_08810,2026-05-18 13:27:20.684068,Saudi Arabia,Andriod,1
U_08811,2026-05-18 14:19:54.599459,Saudi Arabia,Andriod,0
U_08812,2026-05-18 15:12:28.514851,Saudi Arabia,Web,0
U_08813,2026-05-18 16:05:02.430243,UAE,iOS,0
U_08814,2026-05-18 16:57:36.345634,Saudi Arabia,iOS,0
U_08815,2026-05-18 17:50:10.261026,Saudi Arabia,Andriod,0
U_08816,2026-05-18 18:42:44.176417,Kuwait,iOS,0
U_08817,2026-05-18 19:35:18.091809,Saudi Arabia,iOS,0
U_08818,2026-05-18 20:27:52.007200,Saudi Arabia,iOS,0
U_08819,2026-05-18 21:20:25.922592,Saudi Arabia,iOS,0
U_08820,2026-05-18 22:12:59.837983,Saudi Arabia,iOS,0
U_08821,2026-05-18 23:05:33.753375,Saudi Arabia,Web,0
U_08822,2026-05-18 23:58:07.668766,Other,iOS,1
U_08823,2026-05-19 00:50:41.584158,Saudi Arabia,Andriod,0
U_08824,2026-05-19 01:43:15.499549,Saudi Arabia,Andriod,0
U_08825,2026-05-19 02:35:49.414941,UAE,Andriod,0
U_08826,2026-05-19 03:28:23.330333,Saudi Arabia,Andriod,0
U_08827,2026-05-19 04:20:57.245724,Saudi Arabia,Andriod,0
U_08828,2026-05-19 05:13:31.161116,Saudi Arabia,Andriod,1
U_08829,2026-05-19 06:06:05.076507,Saudi Arabia,Andriod,0
U_08830,2026-05-19 06:58:38.991899,Saudi Arabia,Andriod,0
U_08831,2026-05-19 07:51:12.907290,Saudi Arabia,Andriod,0
U_08832,2026-05-19 08:43:46.822682,Saudi Arabia,Andriod,0
U_08833,2026-05-19 09:36:20.738073,Kuwait,iOS,0
U_08834,2026-05-19 10:28:54.653465,Saudi Arabia,Andriod,0
U_08835,2026-05-19 11:21:28.568856,Qatar,Andriod,0
U_08836,2026-05-19 12:14:02.484248,Saudi Arabia,Web,0
U_08837,2026-05-19 13:06:36.399639,Saudi Arabia,iOS,0
U_08838,2026-05-19 13:59:10.315031,Saudi Arabia,iOS,0
U_08839,2026-05-19 14:51:44.230423,Bahrain,Web,0
U_08840,2026-05-19 15:44:18.145814,Saudi Arabia,iOS,0
U_08841,2026-05-19 16:36:52.061206,Saudi Arabia,Web,0
U_08842,2026-05-19 17:29:25.976597,UAE,Web,0
U_08843,2026-05-19 18:21:59.891989,Saudi Arabia,Andriod,0
U_08844,2026-05-19 19:14:33.807380,UAE,Andriod,0
U_08845,2026-05-19 20:07:07.722772,Saudi Arabia,Andriod,0
U_08846,2026-05-19 20:59:41.638163,Kuwait,Andriod,0
U_08847,2026-05-19 21:52:15.553555,Qatar,Andriod,1
U_08848,2026-05-19 22:44:49.468946,Saudi Arabia,Andriod,0
U_08849,2026-05-19 23:37:23.384338,Saudi Arabia,Web,0
U_08850,2026-05-20 00:29:57.299729,Saudi Arabia,Andriod,0
U_08851,2026-05-20 01:22:31.215121,Bahrain,Web,0
U_08852,2026-05-20 02:15:05.130513,Saudi Arabia,iOS,0
U_08853,2026-05-20 03:07:39.045904,Saudi Arabia,iOS,0
U_08854,2026-05-20 04:00:12.961296,Saudi Arabia,Andriod,0
U_08855,2026-05-20 04:52:46.876687,Saudi Arabia,iOS,0
U_08856,2026-05-20 05:45:20.792079,Saudi Arabia,Andriod,0
U_08857,2026-05-20 06:37:54.707470,Saudi Arabia,iOS,0
U_08858,2026-05-20 07:30:28.622862,Saudi Arabia,Web,0
U_08859,2026-05-20 08:23:02.538253,Saudi Arabia,iOS,0
U_08860,2026-05-20 09:15:36.453645,Saudi Arabia,Andriod,0
U_08861,2026-05-20 10:08:10.369036,Saudi Arabia,iOS,0
U_08862,2026-05-20 11:00:44.284428,UAE,Andriod,0
U_08863,2026-05-20 11:53:18.199819,UAE,iOS,0
U_08864,2026-05-20 12:45:52.115211,Saudi Arabia,iOS,0
U_08865,2026-05-20 13:38:26.030603,Saudi Arabia,Andriod,0
U_08866,2026-05-20 14:30:59.945994,Saudi Arabia,iOS,0
U_08867,2026-05-20 15:23:33.861386,Saudi Arabia,iOS,0
U_08868,2026-05-20 16:16:07.776777,Saudi Arabia,Andriod,1
U_08869,2026-05-20 17:08:41.692169,Saudi Arabia,iOS,0
U_08870,2026-05-20 18:01:15.607560,Saudi Arabia,Andriod,1
U_08871,2026-05-20 18:53:49.522952,Bahrain,iOS,0
U_08872,2026-05-20 19:46:23.438343,Saudi Arabia,iOS,0
U_08873,2026-05-20 20:38:57.353735,Saudi Arabia,Andriod,0
U_08874,2026-05-20 21:31:31.269126,Saudi Arabia,iOS,0
U_08875,2026-05-20 22:24:05.184518,Bahrain,Andriod,0
U_08876,2026-05-20 23:16:39.099909,Saudi Arabia,Web,0
U_08877,2026-05-21 00:09:13.015301,Saudi Arabia,iOS,0
U_08878,2026-05-21 01:01:46.930693,Saudi Arabia,Web,0
U_08879,2026-05-21 01:54:20.846084,Saudi Arabia,iOS,0
U_08880,2026-05-21 02:46:54.761476,Saudi Arabia,iOS,0
U_08881,2026-05-21 03:39:28.676867,Saudi Arabia,iOS,0
U_08882,2026-05-21 04:32:02.592259,Saudi Arabia,Andriod,0
U_08883,2026-05-21 05:24:36.507650,Saudi Arabia,Andriod,0
U_08884,2026-05-21 06:17:10.423042,Saudi Arabia,iOS,0
U_08885,2026-05-21 07:09:44.338433,UAE,Andriod,0
U_08886,2026-05-21 08:02:18.253825,Saudi Arabia,Andriod,0
U_08887,2026-05-21 08:54:52.169216,Kuwait,iOS,1
U_08888,2026-05-21 09:47:26.084608,Saudi Arabia,Andriod,0
U_08889,2026-05-21 10:40:00.000000,Saudi Arabia,Web,1
U_08890,2026-05-21 11:32:33.915391,Saudi Arabia,iOS,0
U_08891,2026-05-21 12:25:07.830783,Saudi Arabia,iOS,0
U_08892,2026-05-21 13:17:41.746174,UAE,Andriod,0
U_08893,2026-05-21 14:10:15.661566,Other,Andriod,0
U_08894,2026-05-21 15:02:49.576957,Saudi Arabia,Andriod,0
U_08895,2026-05-21 15:55:23.492349,Saudi Arabia,iOS,0
U_08896,2026-05-21 16:47:57.407740,Saudi Arabia,Andriod,0
U_08897,2026-05-21 17:40:31.323132,Saudi Arabia,Andriod,0
U_08898,2026-05-21 18:33:05.238523,Saudi Arabia,Andriod,0
U_08899,2026-05-21 19:25:39.153915,Saudi Arabia,iOS,0
U_08900,2026-05-21 20:18:13.069306,Qatar,Andriod,0
U_08901,2026-05-21 21:10:46.984698,Saudi Arabia,iOS,0
U_08902,2026-05-21 22:03:20.900090,Bahrain,Andriod,0
U_08903,2026-05-21 22:55:54.815481,Kuwait,Web,0
U_08904,2026-05-21 23:48:28.730873,Kuwait,Andriod,0
U_08905,2026-05-22 00:41:02.646264,Saudi Arabia,iOS,0
U_08906,2026-05-22 01:33:36.561656,Saudi Arabia,Andriod,0
U_08907,2026-05-22 02:26:10.477047,Saudi Arabia,Andriod,1
U_08908,2026-05-22 03:18:44.392439,Saudi Arabia,Andriod,0
U_08909,2026-05-22 04:11:18.307830,Saudi Arabia,Andriod,0
U_08910,2026-05-22 05:03:52.223222,Other,iOS,0
U_08911,2026-05-22 05:56:26.138613,Kuwait,Andriod,0
U_08912,2026-05-22 06:49:00.054005,Kuwait,Andriod,0
U_08913,2026-05-22 07:41:33.969396,UAE,Web,0
U_08914,2026-05-22 08:34:07.884788,Saudi Arabia,Andriod,0
U_08915,2026-05-22 09:26:41.800180,Saudi Arabia,Andriod,0
U_08916,2026-05-22 10:19:15.715571,Saudi Arabia,Andriod,0
U_08917,2026-05-22 11:11:49.630963,Saudi Arabia,iOS,0
U_08918,2026-05-22 12:04:23.546354,UAE,Andriod,0
U_08919,2026-05-22 12:56:57.461746,Saudi Arabia,Andriod,0
U_08920,2026-05-22 13:49:31.377137,Saudi Arabia,Web,0
U_08921,2026-05-22 14:42:05.292529,Saudi Arabia,Andriod,0
U_08922,2026-05-22 15:34:39.207920,Saudi Arabia,iOS,0
U_08923,2026-05-22 16:27:13.123312,Saudi Arabia,Andriod,0
U_08924,2026-05-22 17:19:47.038703,UAE,iOS,0
U_08925,2026-05-22 18:12:20.954095,Saudi Arabia,iOS,0
U_08926,2026-05-22 19:04:54.869486,Saudi Arabia,iOS,0
U_08927,2026-05-22 19:57:28.784878,Saudi Arabia,Andriod,0
U_08928,2026-05-22 20:50:02.700270,Saudi Arabia,Andriod,0
U_08929,2026-05-22 21:42:36.615661,Saudi Arabia,iOS,1
U_08930,2026-05-22 22:35:10.531053,Other,Andriod,0
U_08931,2026-05-22 23:27:44.446444,Saudi Arabia,Andriod,0
U_08932,2026-05-23 00:20:18.361836,Saudi Arabia,Web,0
U_08933,2026-05-23 01:12:52.277227,Saudi Arabia,Andriod,0
U_08934,2026-05-23 02:05:26.192619,Saudi Arabia,Andriod,0
U_08935,2026-05-23 02:58:00.108010,Saudi Arabia,iOS,0
U_08936,2026-05-23 03:50:34.023402,Saudi Arabia,Andriod,0
U_08937,2026-05-23 04:43:07.938793,Saudi Arabia,Andriod,0
U_08938,2026-05-23 05:35:41.854185,Bahrain,Web,0
U_08939,2026-05-23 06:28:15.769576,Saudi Arabia,iOS,0
U_08940,2026-05-23 07:20:49.684968,Saudi Arabia,Andriod,0
U_08941,2026-05-23 08:13:23.600360,Saudi Arabia,Andriod,0
U_08942,2026-05-23 09:05:57.515751,Saudi Arabia,iOS,0
U_08943,2026-05-23 09:58:31.431143,UAE,Andriod,0
U_08944,2026-05-23 10:51:05.346534,Bahrain,Web,0
U_08945,2026-05-23 11:43:39.261926,Saudi Arabia,Andriod,0
U_08946,2026-05-23 12:36:13.177317,UAE,Web,0
U_08947,2026-05-23 13:28:47.092709,Kuwait,iOS,0
U_08948,2026-05-23 14:21:21.008100,Qatar,Andriod,0
U_08949,2026-05-23 15:13:54.923492,Saudi Arabia,Andriod,0
U_08950,2026-05-23 16:06:28.838883,Saudi Arabia,Andriod,1
U_08951,2026-05-23 16:59:02.754275,Saudi Arabia,Web,0
U_08952,2026-05-23 17:51:36.669666,UAE,iOS,0
U_08953,2026-05-23 18:44:10.585058,Saudi Arabia,Andriod,0
U_08954,2026-05-23 19:36:44.500450,Saudi Arabia,Andriod,0
U_08955,2026-05-23 20:29:18.415841,Saudi Arabia,iOS,0
U_08956,2026-05-23 21:21:52.331233,Saudi Arabia,Web,0
U_08957,2026-05-23 22:14:26.246624,Saudi Arabia,Andriod,1
U_08958,2026-05-23 23:07:00.162016,UAE,Andriod,0
U_08959,2026-05-23 23:59:34.077407,Saudi Arabia,iOS,0
U_08960,2026-05-24 00:52:07.992799,UAE,Andriod,0
U_08961,2026-05-24 01:44:41.908190,Saudi Arabia,Andriod,0
U_08962,2026-05-24 02:37:15.823582,Saudi Arabia,iOS,0
U_08963,2026-05-24 03:29:49.738973,Saudi Arabia,Andriod,0
U_08964,2026-05-24 04:22:23.654365,Saudi Arabia,iOS,1
U_08965,2026-05-24 05:14:57.569756,Saudi Arabia,Andriod,0
U_08966,2026-05-24 06:07:31.485148,Saudi Arabia,iOS,0
U_08967,2026-05-24 07:00:05.400540,Saudi Arabia,iOS,0
U_08968,2026-05-24 07:52:39.315931,Kuwait,iOS,1
U_08969,2026-05-24 08:45:13.231323,Saudi Arabia,Andriod,0
U_08970,2026-05-24 09:37:47.146714,Saudi Arabia,Andriod,1
U_08971,2026-05-24 10:30:21.062106,Saudi Arabia,Andriod,0
U_08972,2026-05-24 11:22:54.977497,Saudi Arabia,iOS,0
U_08973,2026-05-24 12:15:28.892889,Saudi Arabia,Andriod,0
U_08974,2026-05-24 13:08:02.808280,Saudi Arabia,Andriod,0
U_08975,2026-05-24 14:00:36.723672,Saudi Arabia,iOS,0
U_08976,2026-05-24 14:53:10.639063,Saudi Arabia,Andriod,0
U_08977,2026-05-24 15:45:44.554455,Saudi Arabia,Andriod,0
U_08978,2026-05-24 16:38:18.469846,Kuwait,Andriod,0
U_08979,2026-05-24 17:30:52.385238,Saudi Arabia,iOS,0
U_08980,2026-05-24 18:23:26.300630,Saudi Arabia,iOS,1
U_08981,2026-05-24 19:16:00.216021,Kuwait,Andriod,0
U_08982,2026-05-24 20:08:34.131413,Saudi Arabia,Andriod,0
U_08983,2026-05-24 21:01:08.046804,Saudi Arabia,iOS,0
U_08984,2026-05-24 21:53:41.962196,Saudi Arabia,iOS,0
U_08985,2026-05-24 22:46:15.877587,Saudi Arabia,Andriod,0
U_08986,2026-05-24 23:38:49.792979,Saudi Arabia,Andriod,0
U_08987,2026-05-25 00:31:23.708370,Saudi Arabia,Andriod,1
U_08988,2026-05-25 01:23:57.623762,Qatar,iOS,0
U_08989,2026-05-25 02:16:31.539153,UAE,Andriod,0
U_08990,2026-05-25 03:09:05.454545,Saudi Arabia,iOS,0
U_08991,2026-05-25 04:01:39.369936,Saudi Arabia,iOS,0
U_08992,2026-05-25 04:54:13.285328,Saudi Arabia,iOS,1
U_08993,2026-05-25 05:46:47.200720,Saudi Arabia,Andriod,0
U_08994,2026-05-25 06:39:21.116111,Saudi Arabia,Andriod,0
U_08995,2026-05-25 07:31:55.031503,Saudi Arabia,Andriod,0
U_08996,2026-05-25 08:24:28.946894,Saudi Arabia,iOS,0
U_08997,2026-05-25 09:17:02.862286,Saudi Arabia,iOS,0
U_08998,2026-05-25 10:09:36.777677,Qatar,iOS,0
U_08999,2026-05-25 11:02:10.693069,Saudi Arabia,iOS,0
U_09000,2026-05-25 11:54:44.608460,Qatar,Andriod,1
U_09001,2026-05-25 12:47:18.523852,Bahrain,iOS,0
U_09002,2026-05-25 13:39:52.439243,Saudi Arabia,iOS,0
U_09003,2026-05-25 14:32:26.354635,Kuwait,iOS,0
U_09004,2026-05-25 15:25:00.270027,Saudi Arabia,iOS,0
U_09005,2026-05-25 16:17:34.185418,Saudi Arabia,Andriod,0
U_09006,2026-05-25 17:10:08.100810,Saudi Arabia,Andriod,0
U_09007,2026-05-25 18:02:42.016201,Saudi Arabia,Andriod,0
U_09008,2026-05-25 18:55:15.931593,Saudi Arabia,Andriod,0
U_09009,2026-05-25 19:47:49.846984,Saudi Arabia,iOS,0
U_09010,2026-05-25 20:40:23.762376,Saudi Arabia,iOS,0
U_09011,2026-05-25 21:32:57.677767,Saudi Arabia,Andriod,1
U_09012,2026-05-25 22:25:31.593159,Saudi Arabia,Andriod,0
U_09013,2026-05-25 23:18:05.508550,Saudi Arabia,iOS,0
U_09014,2026-05-26 00:10:39.423942,Saudi Arabia,iOS,0
U_09015,2026-05-26 01:03:13.339333,Saudi Arabia,iOS,0
U_09016,2026-05-26 01:55:47.254725,Saudi Arabia,iOS,0
U_09017,2026-05-26 02:48:21.170117,Saudi Arabia,iOS,0
U_09018,2026-05-26 03:40:55.085508,UAE,iOS,0
U_09019,2026-05-26 04:33:29.000900,Saudi Arabia,Andriod,0
U_09020,2026-05-26 05:26:02.916291,Saudi Arabia,iOS,0
U_09021,2026-05-26 06:18:36.831683,Saudi Arabia,iOS,0
U_09022,2026-05-26 07:11:10.747074,UAE,Andriod,0
U_09023,2026-05-26 08:03:44.662466,Saudi Arabia,Andriod,0
U_09024,2026-05-26 08:56:18.577857,Saudi Arabia,Web,0
U_09025,2026-05-26 09:48:52.493249,Saudi Arabia,iOS,0
U_09026,2026-05-26 10:41:26.408640,Saudi Arabia,Andriod,0
U_09027,2026-05-26 11:34:00.324032,Saudi Arabia,iOS,0
U_09028,2026-05-26 12:26:34.239423,Saudi Arabia,Andriod,0
U_09029,2026-05-26 13:19:08.154815,Other,iOS,0
U_09030,2026-05-26 14:11:42.070207,Saudi Arabia,iOS,0
U_09031,2026-05-26 15:04:15.985598,Saudi Arabia,Web,0
U_09032,2026-05-26 15:56:49.900990,Kuwait,Andriod,0
U_09033,2026-05-26 16:49:23.816381,Saudi Arabia,Web,0
U_09034,2026-05-26 17:41:57.731773,UAE,iOS,0
U_09035,2026-05-26 18:34:31.647164,Saudi Arabia,iOS,0
U_09036,2026-05-26 19:27:05.562556,Kuwait,Andriod,0
U_09037,2026-05-26 20:19:39.477947,Saudi Arabia,Andriod,0
U_09038,2026-05-26 21:12:13.393339,UAE,Andriod,0
U_09039,2026-05-26 22:04:47.308730,Kuwait,Web,0
U_09040,2026-05-26 22:57:21.224122,Saudi Arabia,iOS,0
U_09041,2026-05-26 23:49:55.139513,Saudi Arabia,Andriod,0
U_09042,2026-05-27 00:42:29.054905,Saudi Arabia,iOS,0
U_09043,2026-05-27 01:35:02.970297,Qatar,iOS,0
U_09044,2026-05-27 02:27:36.885688,Saudi Arabia,Andriod,1
U_09045,2026-05-27 03:20:10.801080,Saudi Arabia,Andriod,0
U_09046,2026-05-27 04:12:44.716471,Saudi Arabia,iOS,0
U_09047,2026-05-27 05:05:18.631863,Saudi Arabia,iOS,0
U_09048,2026-05-27 05:57:52.547254,Saudi Arabia,Andriod,0
U_09049,2026-05-27 06:50:26.462646,Qatar,Andriod,0
U_09050,2026-05-27 07:43:00.378037,Saudi Arabia,iOS,0
U_09051,2026-05-27 08:35:34.293429,UAE,iOS,0
U_09052,2026-05-27 09:28:08.208820,Saudi Arabia,iOS,0
U_09053,2026-05-27 10:20:42.124212,Saudi Arabia,Web,0
U_09054,2026-05-27 11:13:16.039603,Saudi Arabia,Web,0
U_09055,2026-05-27 12:05:49.954995,Saudi Arabia,Andriod,0
U_09056,2026-05-27 12:58:23.870387,Qatar,Web,0
U_09057,2026-05-27 13:50:57.785778,UAE,Andriod,0
U_09058,2026-05-27 14:43:31.701170,Saudi Arabia,iOS,0
U_09059,2026-05-27 15:36:05.616561,Saudi Arabia,iOS,0
U_09060,2026-05-27 16:28:39.531953,Saudi Arabia,Web,0
U_09061,2026-05-27 17:21:13.447344,Bahrain,Andriod,0
U_09062,2026-05-27 18:13:47.362736,UAE,Andriod,0
U_09063,2026-05-27 19:06:21.278127,Kuwait,Andriod,0
U_09064,2026-05-27 19:58:55.193519,Saudi Arabia,Andriod,0
U_09065,2026-05-27 20:51:29.108910,Saudi Arabia,iOS,0
U_09066,2026-05-27 21:44:03.024302,Saudi Arabia,iOS,0
U_09067,2026-05-27 22:36:36.939693,Saudi Arabia,iOS,0
U_09068,2026-05-27 23:29:10.855085,Saudi Arabia,iOS,1
U_09069,2026-05-28 00:21:44.770477,Saudi Arabia,Andriod,0
U_09070,2026-05-28 01:14:18.685868,Saudi Arabia,iOS,0
U_09071,2026-05-28 02:06:52.601260,Bahrain,iOS,0
U_09072,2026-05-28 02:59:26.516651,Kuwait,Andriod,0
U_09073,2026-05-28 03:52:00.432043,Saudi Arabia,iOS,0
U_09074,2026-05-28 04:44:34.347434,Saudi Arabia,Andriod,0
U_09075,2026-05-28 05:37:08.262826,Saudi Arabia,Andriod,0
U_09076,2026-05-28 06:29:42.178217,Kuwait,Andriod,0
U_09077,2026-05-28 07:22:16.093609,Kuwait,Web,0
U_09078,2026-05-28 08:14:50.009000,Kuwait,iOS,0
U_09079,2026-05-28 09:07:23.924392,Kuwait,iOS,0
U_09080,2026-05-28 09:59:57.839783,Saudi Arabia,Andriod,1
U_09081,2026-05-28 10:52:31.755175,Saudi Arabia,Andriod,0
U_09082,2026-05-28 11:45:05.670567,Saudi Arabia,Andriod,0
U_09083,2026-05-28 12:37:39.585958,Saudi Arabia,iOS,0
U_09084,2026-05-28 13:30:13.501350,Kuwait,Andriod,0
U_09085,2026-05-28 14:22:47.416741,Saudi Arabia,Web,0
U_09086,2026-05-28 15:15:21.332133,Saudi Arabia,Andriod,0
U_09087,2026-05-28 16:07:55.247524,Saudi Arabia,iOS,1
U_09088,2026-05-28 17:00:29.162916,Qatar,Andriod,0
U_09089,2026-05-28 17:53:03.078307,Saudi Arabia,Andriod,0
U_09090,2026-05-28 18:45:36.993699,Saudi Arabia,Andriod,0
U_09091,2026-05-28 19:38:10.909090,Saudi Arabia,iOS,0
U_09092,2026-05-28 20:30:44.824482,Saudi Arabia,Andriod,1
U_09093,2026-05-28 21:23:18.739873,Saudi Arabia,iOS,0
U_09094,2026-05-28 22:15:52.655265,Kuwait,iOS,1
U_09095,2026-05-28 23:08:26.570657,Saudi Arabia,Andriod,0
U_09096,2026-05-29 00:01:00.486048,UAE,iOS,0
U_09097,2026-05-29 00:53:34.401440,Saudi Arabia,Andriod,1
U_09098,2026-05-29 01:46:08.316831,Saudi Arabia,Andriod,0
U_09099,2026-05-29 02:38:42.232223,Qatar,iOS,0
U_09100,2026-05-29 03:31:16.147614,Saudi Arabia,Andriod,0
U_09101,2026-05-29 04:23:50.063006,Saudi Arabia,Web,0
U_09102,2026-05-29 05:16:23.978397,Kuwait,iOS,0
U_09103,2026-05-29 06:08:57.893789,Saudi Arabia,Andriod,0
U_09104,2026-05-29 07:01:31.809180,Kuwait,iOS,0
U_09105,2026-05-29 07:54:05.724572,Saudi Arabia,Andriod,0
U_09106,2026-05-29 08:46:39.639963,Saudi Arabia,iOS,0
U_09107,2026-05-29 09:39:13.555355,Saudi Arabia,iOS,0
U_09108,2026-05-29 10:31:47.470747,UAE,iOS,0
U_09109,2026-05-29 11:24:21.386138,Saudi Arabia,Web,0
U_09110,2026-05-29 12:16:55.301530,Kuwait,Andriod,0
U_09111,2026-05-29 13:09:29.216921,Qatar,Andriod,0
U_09112,2026-05-29 14:02:03.132313,Saudi Arabia,iOS,0
U_09113,2026-05-29 14:54:37.047704,Saudi Arabia,Andriod,0
U_09114,2026-05-29 15:47:10.963096,Saudi Arabia,iOS,0
U_09115,2026-05-29 16:39:44.878487,Saudi Arabia,iOS,0
U_09116,2026-05-29 17:32:18.793879,Saudi Arabia,Andriod,0
U_09117,2026-05-29 18:24:52.709270,Saudi Arabia,iOS,0
U_09118,2026-05-29 19:17:26.624662,Other,iOS,0
U_09119,2026-05-29 20:10:00.540054,Qatar,Andriod,0
U_09120,2026-05-29 21:02:34.455445,UAE,Andriod,0
U_09121,2026-05-29 21:55:08.370837,Bahrain,iOS,0
U_09122,2026-05-29 22:47:42.286228,Saudi Arabia,iOS,0
U_09123,2026-05-29 23:40:16.201620,Saudi Arabia,iOS,0
U_09124,2026-05-30 00:32:50.117011,Bahrain,Web,1
U_09125,2026-05-30 01:25:24.032403,Saudi Arabia,Andriod,0
U_09126,2026-05-30 02:17:57.947794,Qatar,Andriod,1
U_09127,2026-05-30 03:10:31.863186,Saudi Arabia,Web,0
U_09128,2026-05-30 04:03:05.778577,Saudi Arabia,Andriod,0
U_09129,2026-05-30 04:55:39.693969,Kuwait,Web,0
U_09130,2026-05-30 05:48:13.609360,Qatar,iOS,0
U_09131,2026-05-30 06:40:47.524752,Saudi Arabia,iOS,1
U_09132,2026-05-30 07:33:21.440144,Kuwait,Andriod,1
U_09133,2026-05-30 08:25:55.355535,Saudi Arabia,iOS,1
U_09134,2026-05-30 09:18:29.270927,Saudi Arabia,Andriod,0
U_09135,2026-05-30 10:11:03.186318,Kuwait,iOS,0
U_09136,2026-05-30 11:03:37.101710,Saudi Arabia,Andriod,0
U_09137,2026-05-30 11:56:11.017101,Saudi Arabia,iOS,0
U_09138,2026-05-30 12:48:44.932493,Saudi Arabia,iOS,0
U_09139,2026-05-30 13:41:18.847884,Saudi Arabia,Web,0
U_09140,2026-05-30 14:33:52.763276,Saudi Arabia,Andriod,0
U_09141,2026-05-30 15:26:26.678667,Saudi Arabia,Web,0
U_09142,2026-05-30 16:19:00.594059,Saudi Arabia,Andriod,0
U_09143,2026-05-30 17:11:34.509450,Qatar,Andriod,0
U_09144,2026-05-30 18:04:08.424842,Saudi Arabia,Andriod,0
U_09145,2026-05-30 18:56:42.340234,Kuwait,iOS,0
U_09146,2026-05-30 19:49:16.255625,Saudi Arabia,iOS,1
U_09147,2026-05-30 20:41:50.171017,Saudi Arabia,iOS,0
U_09148,2026-05-30 21:34:24.086408,Saudi Arabia,Andriod,1
U_09149,2026-05-30 22:26:58.001800,Saudi Arabia,iOS,0
U_09150,2026-05-30 23:19:31.917191,Saudi Arabia,Web,0
U_09151,2026-05-31 00:12:05.832583,Saudi Arabia,Andriod,0
U_09152,2026-05-31 01:04:39.747974,Saudi Arabia,Andriod,0
U_09153,2026-05-31 01:57:13.663366,Saudi Arabia,iOS,0
U_09154,2026-05-31 02:49:47.578757,Saudi Arabia,iOS,0
U_09155,2026-05-31 03:42:21.494149,Saudi Arabia,Web,0
U_09156,2026-05-31 04:34:55.409540,Saudi Arabia,iOS,0
U_09157,2026-05-31 05:27:29.324932,Qatar,iOS,0
U_09158,2026-05-31 06:20:03.240324,Saudi Arabia,iOS,1
U_09159,2026-05-31 07:12:37.155715,Saudi Arabia,iOS,0
U_09160,2026-05-31 08:05:11.071107,Saudi Arabia,iOS,0
U_09161,2026-05-31 08:57:44.986498,Bahrain,Andriod,1
U_09162,2026-05-31 09:50:18.901890,Saudi Arabia,Andriod,1
U_09163,2026-05-31 10:42:52.817281,Kuwait,Andriod,0
U_09164,2026-05-31 11:35:26.732673,Saudi Arabia,iOS,0
U_09165,2026-05-31 12:28:00.648064,Qatar,Andriod,0
U_09166,2026-05-31 13:20:34.563456,UAE,Andriod,0
U_09167,2026-05-31 14:13:08.478847,UAE,iOS,0
U_09168,2026-05-31 15:05:42.394239,Saudi Arabia,iOS,0
U_09169,2026-05-31 15:58:16.309630,Saudi Arabia,iOS,0
U_09170,2026-05-31 16:50:50.225022,Saudi Arabia,Andriod,0
U_09171,2026-05-31 17:43:24.140414,Saudi Arabia,Andriod,0
U_09172,2026-05-31 18:35:58.055805,UAE,Web,0
U_09173,2026-05-31 19:28:31.971197,Saudi Arabia,iOS,0
U_09174,2026-05-31 20:21:05.886588,Saudi Arabia,Andriod,0
U_09175,2026-05-31 21:13:39.801980,Saudi Arabia,iOS,0
U_09176,2026-05-31 22:06:13.717371,Saudi Arabia,iOS,0
U_09177,2026-05-31 22:58:47.632763,Saudi Arabia,Andriod,0
U_09178,2026-05-31 23:51:21.548154,Kuwait,iOS,0
U_09179,2026-06-01 00:43:55.463546,Saudi Arabia,Andriod,0
U_09180,2026-06-01 01:36:29.378937,Saudi Arabia,Andriod,0
U_09181,2026-06-01 02:29:03.294329,Saudi Arabia,Andriod,0
U_09182,2026-06-01 03:21:37.209720,Saudi Arabia,iOS,1
U_09183,2026-06-01 04:14:11.125112,Saudi Arabia,Web,0
U_09184,2026-06-01 05:06:45.040504,Saudi Arabia,Web,0
U_09185,2026-06-01 05:59:18.955895,Kuwait,Web,0
U_09186,2026-06-01 06:51:52.871287,Kuwait,Andriod,0
U_09187,2026-06-01 07:44:26.786678,Kuwait,Andriod,0
U_09188,2026-06-01 08:37:00.702070,Saudi Arabia,Andriod,0
U_09189,2026-06-01 09:29:34.617461,Qatar,iOS,0
U_09190,2026-06-01 10:22:08.532853,UAE,Andriod,0
U_09191,2026-06-01 11:14:42.448244,Bahrain,Andriod,0
U_09192,2026-06-01 12:07:16.363636,Saudi Arabia,Web,0
U_09193,2026-06-01 12:59:50.279027,Qatar,Andriod,0
U_09194,2026-06-01 13:52:24.194419,UAE,iOS,0
U_09195,2026-06-01 14:44:58.109810,UAE,Andriod,0
U_09196,2026-06-01 15:37:32.025202,Saudi Arabia,Web,0
U_09197,2026-06-01 16:30:05.940594,Kuwait,iOS,0
U_09198,2026-06-01 17:22:39.855985,Qatar,iOS,0
U_09199,2026-06-01 18:15:13.771377,Saudi Arabia,Andriod,0
U_09200,2026-06-01 19:07:47.686768,Saudi Arabia,iOS,0
U_09201,2026-06-01 20:00:21.602160,Qatar,iOS,0
U_09202,2026-06-01 20:52:55.517551,Saudi Arabia,iOS,0
U_09203,2026-06-01 21:45:29.432943,Saudi Arabia,Andriod,0
U_09204,2026-06-01 22:38:03.348334,Saudi Arabia,iOS,0
U_09205,2026-06-01 23:30:37.263726,Qatar,Andriod,0
U_09206,2026-06-02 00:23:11.179117,Saudi Arabia,Andriod,0
U_09207,2026-06-02 01:15:45.094509,Saudi Arabia,Web,0
U_09208,2026-06-02 02:08:19.009900,Saudi Arabia,Web,0
U_09209,2026-06-02 03:00:52.925292,Kuwait,Andriod,0
U_09210,2026-06-02 03:53:26.840684,Saudi Arabia,Web,0
U_09211,2026-06-02 04:46:00.756075,Bahrain,iOS,0
U_09212,2026-06-02 05:38:34.671467,Qatar,Andriod,1
U_09213,2026-06-02 06:31:08.586858,Saudi Arabia,Andriod,1
U_09214,2026-06-02 07:23:42.502250,Saudi Arabia,iOS,1
U_09215,2026-06-02 08:16:16.417641,Saudi Arabia,Andriod,0
U_09216,2026-06-02 09:08:50.333033,Saudi Arabia,iOS,0
U_09217,2026-06-02 10:01:24.248424,Saudi Arabia,Andriod,0
U_09218,2026-06-02 10:53:58.163816,Bahrain,iOS,0
U_09219,2026-06-02 11:46:32.079207,UAE,Andriod,0
U_09220,2026-06-02 12:39:05.994599,Saudi Arabia,iOS,0
U_09221,2026-06-02 13:31:39.909991,Saudi Arabia,iOS,0
U_09222,2026-06-02 14:24:13.825382,Saudi Arabia,Web,0
U_09223,2026-06-02 15:16:47.740774,Saudi Arabia,Andriod,0
U_09224,2026-06-02 16:09:21.656165,Saudi Arabia,Web,0
U_09225,2026-06-02 17:01:55.571557,Bahrain,iOS,0
U_09226,2026-06-02 17:54:29.486948,Bahrain,iOS,0
U_09227,2026-06-02 18:47:03.402340,Saudi Arabia,Andriod,0
U_09228,2026-06-02 19:39:37.317731,Bahrain,Andriod,0
U_09229,2026-06-02 20:32:11.233123,Saudi Arabia,iOS,0
U_09230,2026-06-02 21:24:45.148514,Kuwait,Andriod,0
U_09231,2026-06-02 22:17:19.063906,Saudi Arabia,iOS,0
U_09232,2026-06-02 23:09:52.979297,Saudi Arabia,iOS,0
U_09233,2026-06-03 00:02:26.894689,Bahrain,iOS,0
U_09234,2026-06-03 00:55:00.810081,Saudi Arabia,Andriod,1
U_09235,2026-06-03 01:47:34.725472,Kuwait,Andriod,0
U_09236,2026-06-03 02:40:08.640864,Saudi Arabia,Andriod,0
U_09237,2026-06-03 03:32:42.556255,Saudi Arabia,Andriod,0
U_09238,2026-06-03 04:25:16.471647,Saudi Arabia,iOS,0
U_09239,2026-06-03 05:17:50.387038,Saudi Arabia,Web,0
U_09240,2026-06-03 06:10:24.302430,Saudi Arabia,Web,0
U_09241,2026-06-03 07:02:58.217821,Saudi Arabia,Andriod,0
U_09242,2026-06-03 07:55:32.133213,Saudi Arabia,iOS,0
U_09243,2026-06-03 08:48:06.048604,Saudi Arabia,Andriod,0
U_09244,2026-06-03 09:40:39.963996,Kuwait,Andriod,0
U_09245,2026-06-03 10:33:13.879387,Saudi Arabia,Web,0
U_09246,2026-06-03 11:25:47.794779,Bahrain,Web,1
U_09247,2026-06-03 12:18:21.710171,Saudi Arabia,Andriod,0
U_09248,2026-06-03 13:10:55.625562,Saudi Arabia,iOS,0
U_09249,2026-06-03 14:03:29.540954,Saudi Arabia,Web,0
U_09250,2026-06-03 14:56:03.456345,Saudi Arabia,Andriod,0
U_09251,2026-06-03 15:48:37.371737,Saudi Arabia,Andriod,0
U_09252,2026-06-03 16:41:11.287128,Saudi Arabia,Andriod,1
U_09253,2026-06-03 17:33:45.202520,Saudi Arabia,iOS,0
U_09254,2026-06-03 18:26:19.117911,Saudi Arabia,Andriod,0
U_09255,2026-06-03 19:18:53.033303,Kuwait,iOS,1
U_09256,2026-06-03 20:11:26.948694,Saudi Arabia,iOS,1
U_09257,2026-06-03 21:04:00.864086,Saudi Arabia,Andriod,0
U_09258,2026-06-03 21:56:34.779477,Saudi Arabia,iOS,0
U_09259,2026-06-03 22:49:08.694869,Kuwait,iOS,0
U_09260,2026-06-03 23:41:42.610261,Saudi Arabia,iOS,0
U_09261,2026-06-04 00:34:16.525652,Saudi Arabia,Andriod,0
U_09262,2026-06-04 01:26:50.441044,Saudi Arabia,Web,0
U_09263,2026-06-04 02:19:24.356435,Saudi Arabia,iOS,0
U_09264,2026-06-04 03:11:58.271827,Saudi Arabia,iOS,0
U_09265,2026-06-04 04:04:32.187218,UAE,Web,0
U_09266,2026-06-04 04:57:06.102610,Saudi Arabia,Andriod,0
U_09267,2026-06-04 05:49:40.018001,Saudi Arabia,iOS,0
U_09268,2026-06-04 06:42:13.933393,Saudi Arabia,Andriod,0
U_09269,2026-06-04 07:34:47.848784,Saudi Arabia,Andriod,0
U_09270,2026-06-04 08:27:21.764176,Saudi Arabia,Andriod,0
U_09271,2026-06-04 09:19:55.679567,Saudi Arabia,Andriod,0
U_09272,2026-06-04 10:12:29.594959,Saudi Arabia,Web,0
U_09273,2026-06-04 11:05:03.510351,Saudi Arabia,iOS,0
U_09274,2026-06-04 11:57:37.425742,Saudi Arabia,iOS,0
U_09275,2026-06-04 12:50:11.341134,Kuwait,iOS,0
U_09276,2026-06-04 13:42:45.256525,Saudi Arabia,Andriod,0
U_09277,2026-06-04 14:35:19.171917,Saudi Arabia,Web,0
U_09278,2026-06-04 15:27:53.087308,Saudi Arabia,Andriod,0
U_09279,2026-06-04 16:20:27.002700,Saudi Arabia,iOS,0
U_09280,2026-06-04 17:13:00.918091,Saudi Arabia,Andriod,0
U_09281,2026-06-04 18:05:34.833483,Saudi Arabia,Andriod,0
U_09282,2026-06-04 18:58:08.748874,Qatar,Web,0
U_09283,2026-06-04 19:50:42.664266,Kuwait,Andriod,0
U_09284,2026-06-04 20:43:16.579657,Saudi Arabia,Andriod,0
U_09285,2026-06-04 21:35:50.495049,UAE,Andriod,0
U_09286,2026-06-04 22:28:24.410441,Kuwait,Andriod,0
U_09287,2026-06-04 23:20:58.325832,Saudi Arabia,Andriod,0
U_09288,2026-06-05 00:13:32.241224,UAE,iOS,0
U_09289,2026-06-05 01:06:06.156615,Saudi Arabia,Andriod,0
U_09290,2026-06-05 01:58:40.072007,Saudi Arabia,Andriod,0
U_09291,2026-06-05 02:51:13.987398,Saudi Arabia,Andriod,0
U_09292,2026-06-05 03:43:47.902790,Saudi Arabia,Web,0
U_09293,2026-06-05 04:36:21.818181,Saudi Arabia,Andriod,0
U_09294,2026-06-05 05:28:55.733573,Saudi Arabia,Andriod,1
U_09295,2026-06-05 06:21:29.648964,Qatar,Web,0
U_09296,2026-06-05 07:14:03.564356,Bahrain,iOS,0
U_09297,2026-06-05 08:06:37.479747,UAE,Andriod,0
U_09298,2026-06-05 08:59:11.395139,UAE,Andriod,0
U_09299,2026-06-05 09:51:45.310531,Qatar,iOS,0
U_09300,2026-06-05 10:44:19.225922,Saudi Arabia,Andriod,0
U_09301,2026-06-05 11:36:53.141314,Saudi Arabia,Andriod,0
U_09302,2026-06-05 12:29:27.056705,Saudi Arabia,Andriod,0
U_09303,2026-06-05 13:22:00.972097,UAE,Web,0
U_09304,2026-06-05 14:14:34.887488,Saudi Arabia,iOS,0
U_09305,2026-06-05 15:07:08.802880,Kuwait,Andriod,0
U_09306,2026-06-05 15:59:42.718271,Saudi Arabia,Andriod,0
U_09307,2026-06-05 16:52:16.633663,Saudi Arabia,iOS,0
U_09308,2026-06-05 17:44:50.549054,Kuwait,iOS,0
U_09309,2026-06-05 18:37:24.464446,Saudi Arabia,Andriod,0
U_09310,2026-06-05 19:29:58.379837,Saudi Arabia,Andriod,0
U_09311,2026-06-05 20:22:32.295229,Saudi Arabia,Andriod,0
U_09312,2026-06-05 21:15:06.210621,Saudi Arabia,Andriod,0
U_09313,2026-06-05 22:07:40.126012,Kuwait,iOS,0
U_09314,2026-06-05 23:00:14.041404,Saudi Arabia,iOS,0
U_09315,2026-06-05 23:52:47.956795,Saudi Arabia,iOS,0
U_09316,2026-06-06 00:45:21.872187,Saudi Arabia,Web,0
U_09317,2026-06-06 01:37:55.787578,UAE,iOS,0
U_09318,2026-06-06 02:30:29.702970,Saudi Arabia,Web,0
U_09319,2026-06-06 03:23:03.618361,Saudi Arabia,Web,0
U_09320,2026-06-06 04:15:37.533753,Kuwait,Web,0
U_09321,2026-06-06 05:08:11.449144,Saudi Arabia,Andriod,0
U_09322,2026-06-06 06:00:45.364536,Bahrain,Web,0
U_09323,2026-06-06 06:53:19.279927,Saudi Arabia,iOS,0
U_09324,2026-06-06 07:45:53.195319,Saudi Arabia,iOS,1
U_09325,2026-06-06 08:38:27.110711,Saudi Arabia,iOS,0
U_09326,2026-06-06 09:31:01.026102,Qatar,Web,0
U_09327,2026-06-06 10:23:34.941494,Kuwait,iOS,0
U_09328,2026-06-06 11:16:08.856885,Saudi Arabia,Andriod,0
U_09329,2026-06-06 12:08:42.772277,Saudi Arabia,iOS,1
U_09330,2026-06-06 13:01:16.687668,UAE,iOS,0
U_09331,2026-06-06 13:53:50.603060,Saudi Arabia,iOS,0
U_09332,2026-06-06 14:46:24.518451,Kuwait,Andriod,0
U_09333,2026-06-06 15:38:58.433843,Saudi Arabia,Andriod,0
U_09334,2026-06-06 16:31:32.349234,Kuwait,Web,0
U_09335,2026-06-06 17:24:06.264626,Saudi Arabia,Andriod,0
U_09336,2026-06-06 18:16:40.180018,Saudi Arabia,Web,0
U_09337,2026-06-06 19:09:14.095409,Saudi Arabia,Andriod,0
U_09338,2026-06-06 20:01:48.010801,Qatar,Andriod,0
U_09339,2026-06-06 20:54:21.926192,Saudi Arabia,Andriod,0
U_09340,2026-06-06 21:46:55.841584,Saudi Arabia,Andriod,0
U_09341,2026-06-06 22:39:29.756975,Saudi Arabia,Andriod,0
U_09342,2026-06-06 23:32:03.672367,Saudi Arabia,Andriod,1
U_09343,2026-06-07 00:24:37.587758,UAE,Andriod,0
U_09344,2026-06-07 01:17:11.503150,Kuwait,Andriod,0
U_09345,2026-06-07 02:09:45.418541,Saudi Arabia,iOS,0
U_09346,2026-06-07 03:02:19.333933,Other,Andriod,0
U_09347,2026-06-07 03:54:53.249324,Kuwait,iOS,0
U_09348,2026-06-07 04:47:27.164716,UAE,Andriod,0
U_09349,2026-06-07 05:40:01.080108,Saudi Arabia,Andriod,0
U_09350,2026-06-07 06:32:34.995499,UAE,Web,0
U_09351,2026-06-07 07:25:08.910891,Saudi Arabia,iOS,0
U_09352,2026-06-07 08:17:42.826282,Saudi Arabia,iOS,0
U_09353,2026-06-07 09:10:16.741674,UAE,iOS,0
U_09354,2026-06-07 10:02:50.657065,Saudi Arabia,iOS,0
U_09355,2026-06-07 10:55:24.572457,Saudi Arabia,Andriod,0
U_09356,2026-06-07 11:47:58.487848,Kuwait,Andriod,1
U_09357,2026-06-07 12:40:32.403240,UAE,Andriod,0
U_09358,2026-06-07 13:33:06.318631,Saudi Arabia,Andriod,0
U_09359,2026-06-07 14:25:40.234023,UAE,iOS,0
U_09360,2026-06-07 15:18:14.149414,Saudi Arabia,iOS,0
U_09361,2026-06-07 16:10:48.064806,Saudi Arabia,iOS,0
U_09362,2026-06-07 17:03:21.980198,UAE,Andriod,0
U_09363,2026-06-07 17:55:55.895589,Saudi Arabia,Andriod,0
U_09364,2026-06-07 18:48:29.810981,Saudi Arabia,Andriod,1
U_09365,2026-06-07 19:41:03.726372,Saudi Arabia,iOS,0
U_09366,2026-06-07 20:33:37.641764,Saudi Arabia,iOS,0
U_09367,2026-06-07 21:26:11.557155,Saudi Arabia,Web,0
U_09368,2026-06-07 22:18:45.472547,UAE,iOS,0
U_09369,2026-06-07 23:11:19.387938,Kuwait,Andriod,0
U_09370,2026-06-08 00:03:53.303330,Saudi Arabia,iOS,0
U_09371,2026-06-08 00:56:27.218721,Kuwait,iOS,1
U_09372,2026-06-08 01:49:01.134113,Saudi Arabia,Andriod,0
U_09373,2026-06-08 02:41:35.049504,Saudi Arabia,iOS,0
U_09374,2026-06-08 03:34:08.964896,UAE,Andriod,0
U_09375,2026-06-08 04:26:42.880288,Saudi Arabia,Andriod,0
U_09376,2026-06-08 05:19:16.795679,Saudi Arabia,Andriod,0
U_09377,2026-06-08 06:11:50.711071,Saudi Arabia,Andriod,0
U_09378,2026-06-08 07:04:24.626462,Saudi Arabia,Andriod,0
U_09379,2026-06-08 07:56:58.541854,UAE,iOS,0
U_09380,2026-06-08 08:49:32.457245,Saudi Arabia,Andriod,0
U_09381,2026-06-08 09:42:06.372637,Saudi Arabia,Andriod,0
U_09382,2026-06-08 10:34:40.288028,Saudi Arabia,iOS,0
U_09383,2026-06-08 11:27:14.203420,Saudi Arabia,Web,1
U_09384,2026-06-08 12:19:48.118811,Saudi Arabia,Andriod,1
U_09385,2026-06-08 13:12:22.034203,Saudi Arabia,Andriod,0
U_09386,2026-06-08 14:04:55.949594,UAE,Andriod,0
U_09387,2026-06-08 14:57:29.864986,Bahrain,Andriod,0
U_09388,2026-06-08 15:50:03.780378,Saudi Arabia,Andriod,0
U_09389,2026-06-08 16:42:37.695769,Saudi Arabia,Andriod,0
U_09390,2026-06-08 17:35:11.611161,Saudi Arabia,Andriod,1
U_09391,2026-06-08 18:27:45.526552,Qatar,Andriod,0
U_09392,2026-06-08 19:20:19.441944,Other,Andriod,0
U_09393,2026-06-08 20:12:53.357335,Saudi Arabia,iOS,0
U_09394,2026-06-08 21:05:27.272727,Kuwait,Andriod,0
U_09395,2026-06-08 21:58:01.188118,Saudi Arabia,Web,0
U_09396,2026-06-08 22:50:35.103510,Saudi Arabia,Andriod,0
U_09397,2026-06-08 23:43:09.018901,Saudi Arabia,Andriod,0
U_09398,2026-06-09 00:35:42.934293,Saudi Arabia,Andriod,0
U_09399,2026-06-09 01:28:16.849684,Saudi Arabia,iOS,0
U_09400,2026-06-09 02:20:50.765076,Saudi Arabia,iOS,0
U_09401,2026-06-09 03:13:24.680468,Saudi Arabia,Andriod,0
U_09402,2026-06-09 04:05:58.595859,Saudi Arabia,Andriod,0
U_09403,2026-06-09 04:58:32.511251,Saudi Arabia,Andriod,1
U_09404,2026-06-09 05:51:06.426642,Saudi Arabia,Andriod,1
U_09405,2026-06-09 06:43:40.342034,Saudi Arabia,Andriod,0
U_09406,2026-06-09 07:36:14.257425,Saudi Arabia,iOS,0
U_09407,2026-06-09 08:28:48.172817,Saudi Arabia,iOS,0
U_09408,2026-06-09 09:21:22.088208,Saudi Arabia,iOS,1
U_09409,2026-06-09 10:13:56.003600,Saudi Arabia,Andriod,0
U_09410,2026-06-09 11:06:29.918991,Saudi Arabia,iOS,0
U_09411,2026-06-09 11:59:03.834383,Saudi Arabia,Andriod,0
U_09412,2026-06-09 12:51:37.749774,Saudi Arabia,iOS,0
U_09413,2026-06-09 13:44:11.665166,Kuwait,Andriod,0
U_09414,2026-06-09 14:36:45.580558,Saudi Arabia,iOS,0
U_09415,2026-06-09 15:29:19.495949,Saudi Arabia,Andriod,0
U_09416,2026-06-09 16:21:53.411341,Saudi Arabia,Andriod,0
U_09417,2026-06-09 17:14:27.326732,Saudi Arabia,iOS,0
U_09418,2026-06-09 18:07:01.242124,Saudi Arabia,Web,0
U_09419,2026-06-09 18:59:35.157515,Saudi Arabia,iOS,0
U_09420,2026-06-09 19:52:09.072907,Saudi Arabia,Andriod,0
U_09421,2026-06-09 20:44:42.988298,Bahrain,Web,0
U_09422,2026-06-09 21:37:16.903690,Saudi Arabia,Andriod,1
U_09423,2026-06-09 22:29:50.819081,Saudi Arabia,Andriod,0
U_09424,2026-06-09 23:22:24.734473,Saudi Arabia,iOS,0
U_09425,2026-06-10 00:14:58.649864,Qatar,Andriod,0
U_09426,2026-06-10 01:07:32.565256,Kuwait,Andriod,0
U_09427,2026-06-10 02:00:06.480648,Saudi Arabia,iOS,0
U_09428,2026-06-10 02:52:40.396039,UAE,Andriod,0
U_09429,2026-06-10 03:45:14.311431,Saudi Arabia,iOS,0
U_09430,2026-06-10 04:37:48.226822,UAE,Andriod,0
U_09431,2026-06-10 05:30:22.142214,UAE,Web,0
U_09432,2026-06-10 06:22:56.057605,Saudi Arabia,iOS,1
U_09433,2026-06-10 07:15:29.972997,Kuwait,iOS,0
U_09434,2026-06-10 08:08:03.888388,Saudi Arabia,Andriod,1
U_09435,2026-06-10 09:00:37.803780,Saudi Arabia,Andriod,0
U_09436,2026-06-10 09:53:11.719171,Saudi Arabia,Andriod,1
U_09437,2026-06-10 10:45:45.634563,Kuwait,Andriod,0
U_09438,2026-06-10 11:38:19.549954,Saudi Arabia,iOS,0
U_09439,2026-06-10 12:30:53.465346,Saudi Arabia,Andriod,0
U_09440,2026-06-10 13:23:27.380738,Kuwait,Andriod,0
U_09441,2026-06-10 14:16:01.296129,Saudi Arabia,Andriod,0
U_09442,2026-06-10 15:08:35.211521,Saudi Arabia,Andriod,0
U_09443,2026-06-10 16:01:09.126912,Saudi Arabia,iOS,0
U_09444,2026-06-10 16:53:43.042304,Saudi Arabia,iOS,0
U_09445,2026-06-10 17:46:16.957695,Saudi Arabia,iOS,0
U_09446,2026-06-10 18:38:50.873087,Saudi Arabia,Andriod,0
U_09447,2026-06-10 19:31:24.788478,Qatar,Web,1
U_09448,2026-06-10 20:23:58.703870,Kuwait,Andriod,1
U_09449,2026-06-10 21:16:32.619261,Saudi Arabia,iOS,0
U_09450,2026-06-10 22:09:06.534653,Saudi Arabia,iOS,0
U_09451,2026-06-10 23:01:40.450045,Saudi Arabia,iOS,0
U_09452,2026-06-10 23:54:14.365436,Saudi Arabia,Andriod,0
U_09453,2026-06-11 00:46:48.280828,Saudi Arabia,Andriod,0
U_09454,2026-06-11 01:39:22.196219,Saudi Arabia,iOS,0
U_09455,2026-06-11 02:31:56.111611,UAE,Andriod,0
U_09456,2026-06-11 03:24:30.027002,Saudi Arabia,iOS,0
U_09457,2026-06-11 04:17:03.942394,Saudi Arabia,iOS,0
U_09458,2026-06-11 05:09:37.857785,UAE,iOS,1
U_09459,2026-06-11 06:02:11.773177,Saudi Arabia,iOS,0
U_09460,2026-06-11 06:54:45.688568,Saudi Arabia,iOS,0
U_09461,2026-06-11 07:47:19.603960,Saudi Arabia,iOS,0
U_09462,2026-06-11 08:39:53.519351,Saudi Arabia,Andriod,0
U_09463,2026-06-11 09:32:27.434743,Kuwait,Andriod,0
U_09464,2026-06-11 10:25:01.350135,Saudi Arabia,Andriod,0
U_09465,2026-06-11 11:17:35.265526,UAE,Andriod,0
U_09466,2026-06-11 12:10:09.180918,Qatar,iOS,0
U_09467,2026-06-11 13:02:43.096309,Bahrain,Andriod,0
U_09468,2026-06-11 13:55:17.011701,Bahrain,iOS,0
U_09469,2026-06-11 14:47:50.927092,Saudi Arabia,Andriod,0
U_09470,2026-06-11 15:40:24.842484,Saudi Arabia,Andriod,0
U_09471,2026-06-11 16:32:58.757875,Saudi Arabia,iOS,0
U_09472,2026-06-11 17:25:32.673267,Saudi Arabia,Web,0
U_09473,2026-06-11 18:18:06.588658,Bahrain,iOS,0
U_09474,2026-06-11 19:10:40.504050,Saudi Arabia,iOS,0
U_09475,2026-06-11 20:03:14.419441,Bahrain,iOS,0
U_09476,2026-06-11 20:55:48.334833,UAE,iOS,0
U_09477,2026-06-11 21:48:22.250225,Qatar,iOS,0
U_09478,2026-06-11 22:40:56.165616,Bahrain,iOS,0
U_09479,2026-06-11 23:33:30.081008,Saudi Arabia,iOS,0
U_09480,2026-06-12 00:26:03.996399,Saudi Arabia,Andriod,0
U_09481,2026-06-12 01:18:37.911791,Saudi Arabia,iOS,0
U_09482,2026-06-12 02:11:11.827182,Saudi Arabia,iOS,0
U_09483,2026-06-12 03:03:45.742574,Saudi Arabia,Andriod,0
U_09484,2026-06-12 03:56:19.657965,UAE,Web,0
U_09485,2026-06-12 04:48:53.573357,Bahrain,iOS,0
U_09486,2026-06-12 05:41:27.488748,Saudi Arabia,iOS,0
U_09487,2026-06-12 06:34:01.404140,Saudi Arabia,Web,0
U_09488,2026-06-12 07:26:35.319531,Saudi Arabia,iOS,0
U_09489,2026-06-12 08:19:09.234923,Saudi Arabia,Andriod,0
U_09490,2026-06-12 09:11:43.150315,Saudi Arabia,iOS,0
U_09491,2026-06-12 10:04:17.065706,Saudi Arabia,Web,0
U_09492,2026-06-12 10:56:50.981098,Saudi Arabia,Web,0
U_09493,2026-06-12 11:49:24.896489,Saudi Arabia,Andriod,0
U_09494,2026-06-12 12:41:58.811881,Saudi Arabia,iOS,0
U_09495,2026-06-12 13:34:32.727272,Saudi Arabia,Andriod,0
U_09496,2026-06-12 14:27:06.642664,Saudi Arabia,iOS,0
U_09497,2026-06-12 15:19:40.558055,Saudi Arabia,Andriod,0
U_09498,2026-06-12 16:12:14.473447,Saudi Arabia,Web,0
U_09499,2026-06-12 17:04:48.388838,Qatar,Andriod,0
U_09500,2026-06-12 17:57:22.304230,Saudi Arabia,Andriod,0
U_09501,2026-06-12 18:49:56.219621,Saudi Arabia,iOS,0
U_09502,2026-06-12 19:42:30.135013,Kuwait,Andriod,0
U_09503,2026-06-12 20:35:04.050405,Saudi Arabia,Andriod,0
U_09504,2026-06-12 21:27:37.965796,Bahrain,iOS,0
U_09505,2026-06-12 22:20:11.881188,Saudi Arabia,iOS,0
U_09506,2026-06-12 23:12:45.796579,Saudi Arabia,iOS,0
U_09507,2026-06-13 00:05:19.711971,Saudi Arabia,Andriod,0
U_09508,2026-06-13 00:57:53.627362,Saudi Arabia,Andriod,0
U_09509,2026-06-13 01:50:27.542754,Saudi Arabia,Web,1
U_09510,2026-06-13 02:43:01.458145,Saudi Arabia,Andriod,0
U_09511,2026-06-13 03:35:35.373537,Saudi Arabia,Andriod,0
U_09512,2026-06-13 04:28:09.288928,Saudi Arabia,iOS,0
U_09513,2026-06-13 05:20:43.204320,Saudi Arabia,Web,1
U_09514,2026-06-13 06:13:17.119711,Saudi Arabia,Andriod,1
U_09515,2026-06-13 07:05:51.035103,Saudi Arabia,Andriod,0
U_09516,2026-06-13 07:58:24.950495,Saudi Arabia,Andriod,0
U_09517,2026-06-13 08:50:58.865886,Saudi Arabia,Andriod,0
U_09518,2026-06-13 09:43:32.781278,Kuwait,iOS,0
U_09519,2026-06-13 10:36:06.696669,Saudi Arabia,iOS,0
U_09520,2026-06-13 11:28:40.612061,Saudi Arabia,Andriod,0
U_09521,2026-06-13 12:21:14.527452,Saudi Arabia,Andriod,0
U_09522,2026-06-13 13:13:48.442844,Saudi Arabia,Andriod,0
U_09523,2026-06-13 14:06:22.358235,Qatar,Andriod,0
U_09524,2026-06-13 14:58:56.273627,Saudi Arabia,iOS,0
U_09525,2026-06-13 15:51:30.189018,Saudi Arabia,Andriod,0
U_09526,2026-06-13 16:44:04.104410,Saudi Arabia,Andriod,0
U_09527,2026-06-13 17:36:38.019801,Bahrain,Andriod,1
U_09528,2026-06-13 18:29:11.935193,Saudi Arabia,iOS,0
U_09529,2026-06-13 19:21:45.850585,Other,Web,1
U_09530,2026-06-13 20:14:19.765976,Qatar,Andriod,0
U_09531,2026-06-13 21:06:53.681368,Saudi Arabia,Andriod,0
U_09532,2026-06-13 21:59:27.596759,Qatar,iOS,0
U_09533,2026-06-13 22:52:01.512151,Saudi Arabia,iOS,0
U_09534,2026-06-13 23:44:35.427542,UAE,Andriod,0
U_09535,2026-06-14 00:37:09.342934,Saudi Arabia,iOS,0
U_09536,2026-06-14 01:29:43.258325,Saudi Arabia,Andriod,0
U_09537,2026-06-14 02:22:17.173717,Saudi Arabia,Andriod,0
U_09538,2026-06-14 03:14:51.089108,Kuwait,Andriod,0
U_09539,2026-06-14 04:07:25.004500,Saudi Arabia,iOS,0
U_09540,2026-06-14 04:59:58.919891,Saudi Arabia,iOS,0
U_09541,2026-06-14 05:52:32.835283,Saudi Arabia,Web,0
U_09542,2026-06-14 06:45:06.750675,Saudi Arabia,Andriod,0
U_09543,2026-06-14 07:37:40.666066,Saudi Arabia,iOS,1
U_09544,2026-06-14 08:30:14.581458,Saudi Arabia,iOS,0
U_09545,2026-06-14 09:22:48.496849,Saudi Arabia,Web,0
U_09546,2026-06-14 10:15:22.412241,Saudi Arabia,iOS,0
U_09547,2026-06-14 11:07:56.327632,Saudi Arabia,Andriod,0
U_09548,2026-06-14 12:00:30.243024,Saudi Arabia,Andriod,0
U_09549,2026-06-14 12:53:04.158415,Saudi Arabia,Andriod,0
U_09550,2026-06-14 13:45:38.073807,Qatar,Andriod,0
U_09551,2026-06-14 14:38:11.989198,Saudi Arabia,Andriod,0
U_09552,2026-06-14 15:30:45.904590,Qatar,iOS,0
U_09553,2026-06-14 16:23:19.819982,Kuwait,Andriod,0
U_09554,2026-06-14 17:15:53.735373,Saudi Arabia,Andriod,1
U_09555,2026-06-14 18:08:27.650765,Saudi Arabia,Web,0
U_09556,2026-06-14 19:01:01.566156,UAE,Andriod,0
U_09557,2026-06-14 19:53:35.481548,Saudi Arabia,Andriod,0
U_09558,2026-06-14 20:46:09.396939,Saudi Arabia,iOS,0
U_09559,2026-06-14 21:38:43.312331,Saudi Arabia,Andriod,0
U_09560,2026-06-14 22:31:17.227722,Saudi Arabia,iOS,0
U_09561,2026-06-14 23:23:51.143114,UAE,iOS,0
U_09562,2026-06-15 00:16:25.058505,Saudi Arabia,iOS,0
U_09563,2026-06-15 01:08:58.973897,Saudi Arabia,iOS,0
U_09564,2026-06-15 02:01:32.889288,Saudi Arabia,iOS,1
U_09565,2026-06-15 02:54:06.804680,Saudi Arabia,iOS,1
U_09566,2026-06-15 03:46:40.720072,Saudi Arabia,Andriod,0
U_09567,2026-06-15 04:39:14.635463,Saudi Arabia,iOS,0
U_09568,2026-06-15 05:31:48.550855,Bahrain,Andriod,0
U_09569,2026-06-15 06:24:22.466246,Saudi Arabia,iOS,0
U_09570,2026-06-15 07:16:56.381638,UAE,Andriod,0
U_09571,2026-06-15 08:09:30.297029,Saudi Arabia,Andriod,0
U_09572,2026-06-15 09:02:04.212421,Saudi Arabia,Web,1
U_09573,2026-06-15 09:54:38.127812,Saudi Arabia,Andriod,0
U_09574,2026-06-15 10:47:12.043204,Saudi Arabia,Andriod,0
U_09575,2026-06-15 11:39:45.958595,Saudi Arabia,Andriod,0
U_09576,2026-06-15 12:32:19.873987,Saudi Arabia,iOS,0
U_09577,2026-06-15 13:24:53.789378,Kuwait,Andriod,1
U_09578,2026-06-15 14:17:27.704770,Kuwait,iOS,0
U_09579,2026-06-15 15:10:01.620162,Saudi Arabia,iOS,0
U_09580,2026-06-15 16:02:35.535553,Saudi Arabia,iOS,0
U_09581,2026-06-15 16:55:09.450945,Saudi Arabia,Andriod,1
U_09582,2026-06-15 17:47:43.366336,Saudi Arabia,Andriod,0
U_09583,2026-06-15 18:40:17.281728,Saudi Arabia,Andriod,0
U_09584,2026-06-15 19:32:51.197119,Saudi Arabia,Andriod,0
U_09585,2026-06-15 20:25:25.112511,Qatar,iOS,0
U_09586,2026-06-15 21:17:59.027902,UAE,Andriod,0
U_09587,2026-06-15 22:10:32.943294,Saudi Arabia,Andriod,0
U_09588,2026-06-15 23:03:06.858685,Saudi Arabia,Web,0
U_09589,2026-06-15 23:55:40.774077,Saudi Arabia,Andriod,0
U_09590,2026-06-16 00:48:14.689468,Kuwait,Andriod,1
U_09591,2026-06-16 01:40:48.604860,Saudi Arabia,Andriod,0
U_09592,2026-06-16 02:33:22.520252,Saudi Arabia,iOS,0
U_09593,2026-06-16 03:25:56.435643,Kuwait,iOS,0
U_09594,2026-06-16 04:18:30.351035,Saudi Arabia,iOS,0
U_09595,2026-06-16 05:11:04.266426,Saudi Arabia,iOS,1
U_09596,2026-06-16 06:03:38.181818,Saudi Arabia,Andriod,0
U_09597,2026-06-16 06:56:12.097209,Saudi Arabia,Web,0
U_09598,2026-06-16 07:48:46.012601,Saudi Arabia,Andriod,0
U_09599,2026-06-16 08:41:19.927992,Saudi Arabia,Andriod,0
U_09600,2026-06-16 09:33:53.843384,Saudi Arabia,Andriod,0
U_09601,2026-06-16 10:26:27.758775,Saudi Arabia,iOS,0
U_09602,2026-06-16 11:19:01.674167,Kuwait,iOS,0
U_09603,2026-06-16 12:11:35.589558,Saudi Arabia,Andriod,0
U_09604,2026-06-16 13:04:09.504950,Saudi Arabia,Andriod,0
U_09605,2026-06-16 13:56:43.420342,Saudi Arabia,Web,0
U_09606,2026-06-16 14:49:17.335733,Kuwait,iOS,0
U_09607,2026-06-16 15:41:51.251125,UAE,Andriod,0
U_09608,2026-06-16 16:34:25.166516,Saudi Arabia,iOS,0
U_09609,2026-06-16 17:26:59.081908,Saudi Arabia,Andriod,0
U_09610,2026-06-16 18:19:32.997299,Kuwait,Andriod,0
U_09611,2026-06-16 19:12:06.912691,Saudi Arabia,iOS,0
U_09612,2026-06-16 20:04:40.828082,Saudi Arabia,iOS,0
U_09613,2026-06-16 20:57:14.743474,Bahrain,iOS,0
U_09614,2026-06-16 21:49:48.658865,Saudi Arabia,iOS,0
U_09615,2026-06-16 22:42:22.574257,Other,Andriod,0
U_09616,2026-06-16 23:34:56.489648,UAE,iOS,0
U_09617,2026-06-17 00:27:30.405040,Saudi Arabia,Andriod,0
U_09618,2026-06-17 01:20:04.320432,Qatar,iOS,0
U_09619,2026-06-17 02:12:38.235823,Kuwait,Andriod,0
U_09620,2026-06-17 03:05:12.151215,Saudi Arabia,Andriod,0
U_09621,2026-06-17 03:57:46.066606,Saudi Arabia,Andriod,0
U_09622,2026-06-17 04:50:19.981998,Saudi Arabia,Andriod,0
U_09623,2026-06-17 05:42:53.897389,Saudi Arabia,iOS,0
U_09624,2026-06-17 06:35:27.812781,Kuwait,Andriod,0
U_09625,2026-06-17 07:28:01.728172,Saudi Arabia,iOS,0
U_09626,2026-06-17 08:20:35.643564,Saudi Arabia,iOS,0
U_09627,2026-06-17 09:13:09.558955,Saudi Arabia,iOS,0
U_09628,2026-06-17 10:05:43.474347,UAE,Andriod,0
U_09629,2026-06-17 10:58:17.389738,Saudi Arabia,Andriod,0
U_09630,2026-06-17 11:50:51.305130,Saudi Arabia,Andriod,0
U_09631,2026-06-17 12:43:25.220522,Saudi Arabia,Andriod,1
U_09632,2026-06-17 13:35:59.135913,Saudi Arabia,iOS,0
U_09633,2026-06-17 14:28:33.051305,Saudi Arabia,Web,0
U_09634,2026-06-17 15:21:06.966696,Saudi Arabia,Andriod,0
U_09635,2026-06-17 16:13:40.882088,Saudi Arabia,Andriod,0
U_09636,2026-06-17 17:06:14.797479,Saudi Arabia,Andriod,1
U_09637,2026-06-17 17:58:48.712871,Qatar,iOS,0
U_09638,2026-06-17 18:51:22.628262,Saudi Arabia,iOS,0
U_09639,2026-06-17 19:43:56.543654,Saudi Arabia,Andriod,0
U_09640,2026-06-17 20:36:30.459045,Saudi Arabia,iOS,0
U_09641,2026-06-17 21:29:04.374437,Saudi Arabia,iOS,0
U_09642,2026-06-17 22:21:38.289828,Saudi Arabia,Andriod,1
U_09643,2026-06-17 23:14:12.205220,Saudi Arabia,Andriod,0
U_09644,2026-06-18 00:06:46.120612,Saudi Arabia,Andriod,0
U_09645,2026-06-18 00:59:20.036003,Saudi Arabia,Andriod,0
U_09646,2026-06-18 01:51:53.951395,Saudi Arabia,Web,0
U_09647,2026-06-18 02:44:27.866786,Kuwait,iOS,0
U_09648,2026-06-18 03:37:01.782178,Saudi Arabia,Andriod,0
U_09649,2026-06-18 04:29:35.697569,Saudi Arabia,Andriod,0
U_09650,2026-06-18 05:22:09.612961,Saudi Arabia,iOS,1
U_09651,2026-06-18 06:14:43.528352,Saudi Arabia,iOS,0
U_09652,2026-06-18 07:07:17.443744,Saudi Arabia,Andriod,0
U_09653,2026-06-18 07:59:51.359135,Saudi Arabia,Andriod,0
U_09654,2026-06-18 08:52:25.274527,Saudi Arabia,iOS,0
U_09655,2026-06-18 09:44:59.189918,Saudi Arabia,Andriod,0
U_09656,2026-06-18 10:37:33.105310,Saudi Arabia,Andriod,0
U_09657,2026-06-18 11:30:07.020702,Qatar,Andriod,1
U_09658,2026-06-18 12:22:40.936093,Saudi Arabia,Andriod,0
U_09659,2026-06-18 13:15:14.851485,Saudi Arabia,Andriod,0
U_09660,2026-06-18 14:07:48.766876,UAE,Andriod,0
U_09661,2026-06-18 15:00:22.682268,Saudi Arabia,Web,0
U_09662,2026-06-18 15:52:56.597659,Saudi Arabia,iOS,0
U_09663,2026-06-18 16:45:30.513051,Saudi Arabia,iOS,0
U_09664,2026-06-18 17:38:04.428442,Saudi Arabia,iOS,0
U_09665,2026-06-18 18:30:38.343834,Saudi Arabia,Andriod,0
U_09666,2026-06-18 19:23:12.259225,Kuwait,Andriod,0
U_09667,2026-06-18 20:15:46.174617,Saudi Arabia,Andriod,0
U_09668,2026-06-18 21:08:20.090009,Saudi Arabia,iOS,1
U_09669,2026-06-18 22:00:54.005400,Kuwait,iOS,1
U_09670,2026-06-18 22:53:27.920792,Kuwait,Andriod,0
U_09671,2026-06-18 23:46:01.836183,Saudi Arabia,Andriod,0
U_09672,2026-06-19 00:38:35.751575,Saudi Arabia,Andriod,1
U_09673,2026-06-19 01:31:09.666966,Saudi Arabia,Andriod,0
U_09674,2026-06-19 02:23:43.582358,Saudi Arabia,Andriod,0
U_09675,2026-06-19 03:16:17.497749,Saudi Arabia,iOS,0
U_09676,2026-06-19 04:08:51.413141,Saudi Arabia,Andriod,0
U_09677,2026-06-19 05:01:25.328532,Qatar,Andriod,0
U_09678,2026-06-19 05:53:59.243924,Saudi Arabia,Andriod,0
U_09679,2026-06-19 06:46:33.159315,Saudi Arabia,iOS,0
U_09680,2026-06-19 07:39:07.074707,Saudi Arabia,Web,0
U_09681,2026-06-19 08:31:40.990099,Saudi Arabia,Andriod,0
U_09682,2026-06-19 09:24:14.905490,Saudi Arabia,iOS,0
U_09683,2026-06-19 10:16:48.820882,Saudi Arabia,Andriod,0
U_09684,2026-06-19 11:09:22.736273,UAE,Web,0
U_09685,2026-06-19 12:01:56.651665,Saudi Arabia,iOS,0
U_09686,2026-06-19 12:54:30.567056,Saudi Arabia,Andriod,0
U_09687,2026-06-19 13:47:04.482448,Saudi Arabia,Andriod,0
U_09688,2026-06-19 14:39:38.397839,Saudi Arabia,Andriod,1
U_09689,2026-06-19 15:32:12.313231,Saudi Arabia,Andriod,0
U_09690,2026-06-19 16:24:46.228622,UAE,iOS,0
U_09691,2026-06-19 17:17:20.144014,Qatar,iOS,1
U_09692,2026-06-19 18:09:54.059405,Saudi Arabia,iOS,0
U_09693,2026-06-19 19:02:27.974797,Saudi Arabia,iOS,0
U_09694,2026-06-19 19:55:01.890189,UAE,Andriod,0
U_09695,2026-06-19 20:47:35.805580,Saudi Arabia,Andriod,0
U_09696,2026-06-19 21:40:09.720972,Saudi Arabia,iOS,0
U_09697,2026-06-19 22:32:43.636363,Saudi Arabia,Andriod,0
U_09698,2026-06-19 23:25:17.551755,Kuwait,Andriod,0
U_09699,2026-06-20 00:17:51.467146,Saudi Arabia,iOS,1
U_09700,2026-06-20 01:10:25.382538,UAE,Andriod,0
U_09701,2026-06-20 02:02:59.297929,Kuwait,Andriod,0
U_09702,2026-06-20 02:55:33.213321,Saudi Arabia,Andriod,0
U_09703,2026-06-20 03:48:07.128712,Kuwait,iOS,0
U_09704,2026-06-20 04:40:41.044104,UAE,Andriod,0
U_09705,2026-06-20 05:33:14.959495,Saudi Arabia,Web,0
U_09706,2026-06-20 06:25:48.874887,Saudi Arabia,Andriod,1
U_09707,2026-06-20 07:18:22.790279,Saudi Arabia,iOS,0
U_09708,2026-06-20 08:10:56.705670,Saudi Arabia,Andriod,0
U_09709,2026-06-20 09:03:30.621062,Saudi Arabia,iOS,1
U_09710,2026-06-20 09:56:04.536453,Saudi Arabia,Andriod,0
U_09711,2026-06-20 10:48:38.451845,Saudi Arabia,iOS,0
U_09712,2026-06-20 11:41:12.367236,UAE,iOS,0
U_09713,2026-06-20 12:33:46.282628,Saudi Arabia,Andriod,0
U_09714,2026-06-20 13:26:20.198019,Saudi Arabia,iOS,0
U_09715,2026-06-20 14:18:54.113411,Saudi Arabia,Andriod,1
U_09716,2026-06-20 15:11:28.028802,Saudi Arabia,iOS,0
U_09717,2026-06-20 16:04:01.944194,Saudi Arabia,iOS,0
U_09718,2026-06-20 16:56:35.859585,Saudi Arabia,Andriod,0
U_09719,2026-06-20 17:49:09.774977,Saudi Arabia,Web,0
U_09720,2026-06-20 18:41:43.690369,Kuwait,iOS,0
U_09721,2026-06-20 19:34:17.605760,Kuwait,Andriod,0
U_09722,2026-06-20 20:26:51.521152,Saudi Arabia,iOS,0
U_09723,2026-06-20 21:19:25.436543,Kuwait,Andriod,0
U_09724,2026-06-20 22:11:59.351935,Kuwait,Andriod,0
U_09725,2026-06-20 23:04:33.267326,Saudi Arabia,iOS,0
U_09726,2026-06-20 23:57:07.182718,Qatar,Andriod,0
U_09727,2026-06-21 00:49:41.098109,UAE,iOS,0
U_09728,2026-06-21 01:42:15.013501,Saudi Arabia,iOS,0
U_09729,2026-06-21 02:34:48.928892,Saudi Arabia,Andriod,0
U_09730,2026-06-21 03:27:22.844284,Saudi Arabia,Andriod,0
U_09731,2026-06-21 04:19:56.759675,Saudi Arabia,Andriod,1
U_09732,2026-06-21 05:12:30.675067,Kuwait,Andriod,0
U_09733,2026-06-21 06:05:04.590459,Saudi Arabia,Andriod,0
U_09734,2026-06-21 06:57:38.505850,Kuwait,Andriod,0
U_09735,2026-06-21 07:50:12.421242,Kuwait,iOS,0
U_09736,2026-06-21 08:42:46.336633,Saudi Arabia,Andriod,0
U_09737,2026-06-21 09:35:20.252025,Saudi Arabia,Andriod,0
U_09738,2026-06-21 10:27:54.167416,Saudi Arabia,Andriod,0
U_09739,2026-06-21 11:20:28.082808,Saudi Arabia,Andriod,0
U_09740,2026-06-21 12:13:01.998199,Saudi Arabia,iOS,0
U_09741,2026-06-21 13:05:35.913591,Saudi Arabia,Andriod,0
U_09742,2026-06-21 13:58:09.828982,Saudi Arabia,iOS,0
U_09743,2026-06-21 14:50:43.744374,UAE,Andriod,0
U_09744,2026-06-21 15:43:17.659765,Saudi Arabia,Andriod,0
U_09745,2026-06-21 16:35:51.575157,Saudi Arabia,Andriod,0
U_09746,2026-06-21 17:28:25.490549,Saudi Arabia,Andriod,1
U_09747,2026-06-21 18:20:59.405940,Kuwait,Andriod,0
U_09748,2026-06-21 19:13:33.321332,Saudi Arabia,Andriod,0
U_09749,2026-06-21 20:06:07.236723,Saudi Arabia,Web,0
U_09750,2026-06-21 20:58:41.152115,Qatar,Andriod,0
U_09751,2026-06-21 21:51:15.067506,Saudi Arabia,Web,1
U_09752,2026-06-21 22:43:48.982898,Saudi Arabia,iOS,0
U_09753,2026-06-21 23:36:22.898289,Saudi Arabia,iOS,1
U_09754,2026-06-22 00:28:56.813681,Kuwait,Andriod,0
U_09755,2026-06-22 01:21:30.729072,Saudi Arabia,Web,0
U_09756,2026-06-22 02:14:04.644464,Saudi Arabia,Andriod,0
U_09757,2026-06-22 03:06:38.559855,Saudi Arabia,iOS,1
U_09758,2026-06-22 03:59:12.475247,Other,Andriod,0
U_09759,2026-06-22 04:51:46.390639,Saudi Arabia,Andriod,0
U_09760,2026-06-22 05:44:20.306030,Saudi Arabia,iOS,0
U_09761,2026-06-22 06:36:54.221422,Bahrain,Andriod,1
U_09762,2026-06-22 07:29:28.136813,Saudi Arabia,Web,0
U_09763,2026-06-22 08:22:02.052205,Qatar,Andriod,0
U_09764,2026-06-22 09:14:35.967596,Qatar,iOS,0
U_09765,2026-06-22 10:07:09.882988,Bahrain,iOS,0
U_09766,2026-06-22 10:59:43.798379,Saudi Arabia,iOS,0
U_09767,2026-06-22 11:52:17.713771,Saudi Arabia,iOS,0
U_09768,2026-06-22 12:44:51.629162,Kuwait,iOS,0
U_09769,2026-06-22 13:37:25.544554,Other,Andriod,0
U_09770,2026-06-22 14:29:59.459945,Saudi Arabia,iOS,0
U_09771,2026-06-22 15:22:33.375337,Kuwait,Andriod,0
U_09772,2026-06-22 16:15:07.290729,Saudi Arabia,Web,0
U_09773,2026-06-22 17:07:41.206120,Saudi Arabia,iOS,0
U_09774,2026-06-22 18:00:15.121512,Saudi Arabia,Web,0
U_09775,2026-06-22 18:52:49.036903,Kuwait,Andriod,0
U_09776,2026-06-22 19:45:22.952295,Saudi Arabia,Andriod,1
U_09777,2026-06-22 20:37:56.867686,Saudi Arabia,iOS,0
U_09778,2026-06-22 21:30:30.783078,Other,Andriod,0
U_09779,2026-06-22 22:23:04.698469,Saudi Arabia,iOS,0
U_09780,2026-06-22 23:15:38.613861,Saudi Arabia,Andriod,0
U_09781,2026-06-23 00:08:12.529252,Saudi Arabia,iOS,0
U_09782,2026-06-23 01:00:46.444644,Saudi Arabia,Andriod,1
U_09783,2026-06-23 01:53:20.360036,Saudi Arabia,iOS,0
U_09784,2026-06-23 02:45:54.275427,Qatar,iOS,0
U_09785,2026-06-23 03:38:28.190819,Saudi Arabia,Andriod,0
U_09786,2026-06-23 04:31:02.106210,Kuwait,Andriod,0
U_09787,2026-06-23 05:23:36.021602,Saudi Arabia,Andriod,0
U_09788,2026-06-23 06:16:09.936993,Saudi Arabia,iOS,0
U_09789,2026-06-23 07:08:43.852385,Saudi Arabia,Andriod,0
U_09790,2026-06-23 08:01:17.767776,Saudi Arabia,Andriod,0
U_09791,2026-06-23 08:53:51.683168,Saudi Arabia,iOS,1
U_09792,2026-06-23 09:46:25.598559,Saudi Arabia,Andriod,0
U_09793,2026-06-23 10:38:59.513951,Saudi Arabia,Andriod,0
U_09794,2026-06-23 11:31:33.429342,Saudi Arabia,iOS,0
U_09795,2026-06-23 12:24:07.344734,Saudi Arabia,Andriod,1
U_09796,2026-06-23 13:16:41.260126,Saudi Arabia,Andriod,0
U_09797,2026-06-23 14:09:15.175517,Bahrain,Andriod,1
U_09798,2026-06-23 15:01:49.090909,Saudi Arabia,iOS,0
U_09799,2026-06-23 15:54:23.006300,Saudi Arabia,Andriod,0
U_09800,2026-06-23 16:46:56.921692,Qatar,iOS,0
U_09801,2026-06-23 17:39:30.837083,Kuwait,Web,0
U_09802,2026-06-23 18:32:04.752475,Saudi Arabia,iOS,0
U_09803,2026-06-23 19:24:38.667866,Saudi Arabia,Andriod,0
U_09804,2026-06-23 20:17:12.583258,Saudi Arabia,Andriod,0
U_09805,2026-06-23 21:09:46.498649,Saudi Arabia,iOS,0
U_09806,2026-06-23 22:02:20.414041,Kuwait,Andriod,0
U_09807,2026-06-23 22:54:54.329432,Kuwait,Andriod,0
U_09808,2026-06-23 23:47:28.244824,Saudi Arabia,iOS,0
U_09809,2026-06-24 00:40:02.160216,Other,Andriod,1
U_09810,2026-06-24 01:32:36.075607,Saudi Arabia,Andriod,0
U_09811,2026-06-24 02:25:09.990999,Saudi Arabia,iOS,0
U_09812,2026-06-24 03:17:43.906390,UAE,Web,0
U_09813,2026-06-24 04:10:17.821782,Saudi Arabia,Andriod,0
U_09814,2026-06-24 05:02:51.737173,Kuwait,iOS,0
U_09815,2026-06-24 05:55:25.652565,Qatar,Andriod,0
U_09816,2026-06-24 06:47:59.567956,Saudi Arabia,iOS,0
U_09817,2026-06-24 07:40:33.483348,Saudi Arabia,Andriod,0
U_09818,2026-06-24 08:33:07.398739,Saudi Arabia,Web,0
U_09819,2026-06-24 09:25:41.314131,Saudi Arabia,iOS,0
U_09820,2026-06-24 10:18:15.229522,Saudi Arabia,Andriod,0
U_09821,2026-06-24 11:10:49.144914,Saudi Arabia,Andriod,0
U_09822,2026-06-24 12:03:23.060306,Kuwait,iOS,0
U_09823,2026-06-24 12:55:56.975697,Saudi Arabia,Web,0
U_09824,2026-06-24 13:48:30.891089,Saudi Arabia,Andriod,0
U_09825,2026-06-24 14:41:04.806480,Saudi Arabia,Andriod,0
U_09826,2026-06-24 15:33:38.721872,Kuwait,Andriod,0
U_09827,2026-06-24 16:26:12.637263,Saudi Arabia,iOS,0
U_09828,2026-06-24 17:18:46.552655,Saudi Arabia,iOS,0
U_09829,2026-06-24 18:11:20.468046,Kuwait,Web,0
U_09830,2026-06-24 19:03:54.383438,Saudi Arabia,Andriod,0
U_09831,2026-06-24 19:56:28.298829,Saudi Arabia,Andriod,0
U_09832,2026-06-24 20:49:02.214221,Bahrain,iOS,1
U_09833,2026-06-24 21:41:36.129612,Saudi Arabia,Andriod,0
U_09834,2026-06-24 22:34:10.045004,Other,Web,0
U_09835,2026-06-24 23:26:43.960396,Saudi Arabia,iOS,0
U_09836,2026-06-25 00:19:17.875787,Saudi Arabia,iOS,0
U_09837,2026-06-25 01:11:51.791179,Bahrain,Andriod,0
U_09838,2026-06-25 02:04:25.706570,Saudi Arabia,iOS,0
U_09839,2026-06-25 02:56:59.621962,Kuwait,iOS,0
U_09840,2026-06-25 03:49:33.537353,UAE,Andriod,0
U_09841,2026-06-25 04:42:07.452745,UAE,Web,0
U_09842,2026-06-25 05:34:41.368136,Other,Andriod,0
U_09843,2026-06-25 06:27:15.283528,Saudi Arabia,Andriod,0
U_09844,2026-06-25 07:19:49.198919,Kuwait,Andriod,0
U_09845,2026-06-25 08:12:23.114311,Saudi Arabia,Andriod,0
U_09846,2026-06-25 09:04:57.029702,Saudi Arabia,iOS,0
U_09847,2026-06-25 09:57:30.945094,UAE,iOS,0
U_09848,2026-06-25 10:50:04.860486,Saudi Arabia,iOS,0
U_09849,2026-06-25 11:42:38.775877,Saudi Arabia,iOS,0
U_09850,2026-06-25 12:35:12.691269,Saudi Arabia,iOS,0
U_09851,2026-06-25 13:27:46.606660,Saudi Arabia,iOS,0
U_09852,2026-06-25 14:20:20.522052,Qatar,iOS,0
U_09853,2026-06-25 15:12:54.437443,Saudi Arabia,iOS,0
U_09854,2026-06-25 16:05:28.352835,Saudi Arabia,Andriod,0
U_09855,2026-06-25 16:58:02.268226,UAE,iOS,0
U_09856,2026-06-25 17:50:36.183618,Saudi Arabia,Andriod,0
U_09857,2026-06-25 18:43:10.099009,Saudi Arabia,iOS,0
U_09858,2026-06-25 19:35:44.014401,Saudi Arabia,Andriod,0
U_09859,2026-06-25 20:28:17.929792,Saudi Arabia,Web,0
U_09860,2026-06-25 21:20:51.845184,Saudi Arabia,Andriod,0
U_09861,2026-06-25 22:13:25.760576,UAE,Andriod,0
U_09862,2026-06-25 23:05:59.675967,Saudi Arabia,Web,0
U_09863,2026-06-25 23:58:33.591359,Qatar,iOS,0
U_09864,2026-06-26 00:51:07.506750,UAE,Web,0
U_09865,2026-06-26 01:43:41.422142,Saudi Arabia,Andriod,1
U_09866,2026-06-26 02:36:15.337533,Saudi Arabia,Andriod,0
U_09867,2026-06-26 03:28:49.252925,Saudi Arabia,iOS,0
U_09868,2026-06-26 04:21:23.168316,Saudi Arabia,Andriod,0
U_09869,2026-06-26 05:13:57.083708,Bahrain,Andriod,0
U_09870,2026-06-26 06:06:30.999099,Saudi Arabia,Andriod,0
U_09871,2026-06-26 06:59:04.914491,Saudi Arabia,Andriod,0
U_09872,2026-06-26 07:51:38.829882,Saudi Arabia,iOS,0
U_09873,2026-06-26 08:44:12.745274,Saudi Arabia,iOS,0
U_09874,2026-06-26 09:36:46.660666,Saudi Arabia,Andriod,0
U_09875,2026-06-26 10:29:20.576057,Saudi Arabia,iOS,0
U_09876,2026-06-26 11:21:54.491449,Saudi Arabia,iOS,1
U_09877,2026-06-26 12:14:28.406840,Saudi Arabia,iOS,0
U_09878,2026-06-26 13:07:02.322232,Saudi Arabia,iOS,0
U_09879,2026-06-26 13:59:36.237623,Kuwait,Andriod,0
U_09880,2026-06-26 14:52:10.153015,Saudi Arabia,iOS,0
U_09881,2026-06-26 15:44:44.068406,Saudi Arabia,Web,0
U_09882,2026-06-26 16:37:17.983798,Saudi Arabia,Andriod,1
U_09883,2026-06-26 17:29:51.899189,Saudi Arabia,Andriod,0
U_09884,2026-06-26 18:22:25.814581,Qatar,iOS,1
U_09885,2026-06-26 19:14:59.729973,Saudi Arabia,Andriod,0
U_09886,2026-06-26 20:07:33.645364,Saudi Arabia,Andriod,0
U_09887,2026-06-26 21:00:07.560756,Bahrain,Web,0
U_09888,2026-06-26 21:52:41.476147,UAE,Andriod,0
U_09889,2026-06-26 22:45:15.391539,Saudi Arabia,Andriod,0
U_09890,2026-06-26 23:37:49.306930,Saudi Arabia,Andriod,0
U_09891,2026-06-27 00:30:23.222322,Kuwait,iOS,1
U_09892,2026-06-27 01:22:57.137713,Saudi Arabia,iOS,0
U_09893,2026-06-27 02:15:31.053105,UAE,Andriod,0
U_09894,2026-06-27 03:08:04.968496,Kuwait,iOS,0
U_09895,2026-06-27 04:00:38.883888,Kuwait,iOS,0
U_09896,2026-06-27 04:53:12.799279,Saudi Arabia,Andriod,0
U_09897,2026-06-27 05:45:46.714671,Kuwait,iOS,0
U_09898,2026-06-27 06:38:20.630063,Saudi Arabia,Andriod,0
U_09899,2026-06-27 07:30:54.545454,UAE,Web,0
U_09900,2026-06-27 08:23:28.460846,Saudi Arabia,iOS,1
U_09901,2026-06-27 09:16:02.376237,Saudi Arabia,iOS,0
U_09902,2026-06-27 10:08:36.291629,Saudi Arabia,iOS,0
U_09903,2026-06-27 11:01:10.207020,Saudi Arabia,iOS,0
U_09904,2026-06-27 11:53:44.122412,Saudi Arabia,iOS,0
U_09905,2026-06-27 12:46:18.037803,Bahrain,iOS,0
U_09906,2026-06-27 13:38:51.953195,Saudi Arabia,Andriod,0
U_09907,2026-06-27 14:31:25.868586,UAE,iOS,0
U_09908,2026-06-27 15:23:59.783978,Saudi Arabia,Andriod,0
U_09909,2026-06-27 16:16:33.699369,Saudi Arabia,Andriod,0
U_09910,2026-06-27 17:09:07.614761,Saudi Arabia,Andriod,0
U_09911,2026-06-27 18:01:41.530153,Saudi Arabia,Andriod,0
U_09912,2026-06-27 18:54:15.445544,Bahrain,iOS,0
U_09913,2026-06-27 19:46:49.360936,Saudi Arabia,Andriod,0
U_09914,2026-06-27 20:39:23.276327,Saudi Arabia,iOS,0
U_09915,2026-06-27 21:31:57.191719,Saudi Arabia,iOS,0
U_09916,2026-06-27 22:24:31.107110,Qatar,Andriod,0
U_09917,2026-06-27 23:17:05.022502,Saudi Arabia,iOS,0
U_09918,2026-06-28 00:09:38.937893,Saudi Arabia,iOS,0
U_09919,2026-06-28 01:02:12.853285,Saudi Arabia,Andriod,0
U_09920,2026-06-28 01:54:46.768676,Saudi Arabia,Web,0
U_09921,2026-06-28 02:47:20.684068,Saudi Arabia,iOS,0
U_09922,2026-06-28 03:39:54.599459,UAE,iOS,0
U_09923,2026-06-28 04:32:28.514851,Saudi Arabia,Andriod,0
U_09924,2026-06-28 05:25:02.430243,Saudi Arabia,Andriod,1
U_09925,2026-06-28 06:17:36.345634,Saudi Arabia,iOS,0
U_09926,2026-06-28 07:10:10.261026,Saudi Arabia,Andriod,0
U_09927,2026-06-28 08:02:44.176417,Saudi Arabia,Web,0
U_09928,2026-06-28 08:55:18.091809,Other,iOS,1
U_09929,2026-06-28 09:47:52.007200,UAE,Web,0
U_09930,2026-06-28 10:40:25.922592,Bahrain,Web,1
U_09931,2026-06-28 11:32:59.837983,UAE,iOS,0
U_09932,2026-06-28 12:25:33.753375,Saudi Arabia,Andriod,1
U_09933,2026-06-28 13:18:07.668766,Saudi Arabia,iOS,1
U_09934,2026-06-28 14:10:41.584158,Saudi Arabia,Andriod,0
U_09935,2026-06-28 15:03:15.499549,Saudi Arabia,Andriod,0
U_09936,2026-06-28 15:55:49.414941,Saudi Arabia,iOS,0
U_09937,2026-06-28 16:48:23.330333,Saudi Arabia,Andriod,1
U_09938,2026-06-28 17:40:57.245724,Saudi Arabia,Andriod,1
U_09939,2026-06-28 18:33:31.161116,UAE,iOS,0
U_09940,2026-06-28 19:26:05.076507,Kuwait,iOS,0
U_09941,2026-06-28 20:18:38.991899,Qatar,iOS,0
U_09942,2026-06-28 21:11:12.907290,Saudi Arabia,Andriod,0
U_09943,2026-06-28 22:03:46.822682,Saudi Arabia,Web,0
U_09944,2026-06-28 22:56:20.738073,Saudi Arabia,Andriod,0
U_09945,2026-06-28 23:48:54.653465,Saudi Arabia,Andriod,1
U_09946,2026-06-29 00:41:28.568856,Saudi Arabia,Andriod,0
U_09947,2026-06-29 01:34:02.484248,Saudi Arabia,iOS,0
U_09948,2026-06-29 02:26:36.399639,Saudi Arabia,iOS,0
U_09949,2026-06-29 03:19:10.315031,Saudi Arabia,Andriod,1
U_09950,2026-06-29 04:11:44.230423,Saudi Arabia,Andriod,0
U_09951,2026-06-29 05:04:18.145814,Saudi Arabia,Andriod,0
U_09952,2026-06-29 05:56:52.061206,Saudi Arabia,Web,0
U_09953,2026-06-29 06:49:25.976597,Saudi Arabia,Andriod,0
U_09954,2026-06-29 07:41:59.891989,Saudi Arabia,Andriod,0
U_09955,2026-06-29 08:34:33.807380,Saudi Arabia,iOS,0
U_09956,2026-06-29 09:27:07.722772,Saudi Arabia,Web,0
U_09957,2026-06-29 10:19:41.638163,Kuwait,Andriod,0
U_09958,2026-06-29 11:12:15.553555,Kuwait,Andriod,1
U_09959,2026-06-29 12:04:49.468946,Saudi Arabia,Andriod,0
U_09960,2026-06-29 12:57:23.384338,Saudi Arabia,Andriod,0
U_09961,2026-06-29 13:49:57.299729,Saudi Arabia,Andriod,0
U_09962,2026-06-29 14:42:31.215121,Saudi Arabia,iOS,0
U_09963,2026-06-29 15:35:05.130513,Saudi Arabia,Andriod,0
U_09964,2026-06-29 16:27:39.045904,Saudi Arabia,Web,0
U_09965,2026-06-29 17:20:12.961296,Saudi Arabia,iOS,0
U_09966,2026-06-29 18:12:46.876687,Saudi Arabia,iOS,0
U_09967,2026-06-29 19:05:20.792079,Kuwait,Andriod,0
U_09968,2026-06-29 19:57:54.707470,Saudi Arabia,iOS,0
U_09969,2026-06-29 20:50:28.622862,Kuwait,Andriod,0
U_09970,2026-06-29 21:43:02.538253,Saudi Arabia,Andriod,0
U_09971,2026-06-29 22:35:36.453645,Saudi Arabia,iOS,0
U_09972,2026-06-29 23:28:10.369036,Qatar,Andriod,0
U_09973,2026-06-30 00:20:44.284428,Qatar,Andriod,0
U_09974,2026-06-30 01:13:18.199819,Saudi Arabia,Andriod,1
U_09975,2026-06-30 02:05:52.115211,Saudi Arabia,Andriod,0
U_09976,2026-06-30 02:58:26.030603,Saudi Arabia,Andriod,0
U_09977,2026-06-30 03:50:59.945994,Saudi Arabia,iOS,0
U_09978,2026-06-30 04:43:33.861386,UAE,iOS,0
U_09979,2026-06-30 05:36:07.776777,Qatar,iOS,0
U_09980,2026-06-30 06:28:41.692169,Saudi Arabia,Andriod,0
U_09981,2026-06-30 07:21:15.607560,Saudi Arabia,Andriod,0
U_09982,2026-06-30 08:13:49.522952,Saudi Arabia,Andriod,0
U_09983,2026-06-30 09:06:23.438343,Saudi Arabia,Andriod,0
U_09984,2026-06-30 09:58:57.353735,Bahrain,iOS,0
U_09985,2026-06-30 10:51:31.269126,UAE,iOS,0
U_09986,2026-06-30 11:44:05.184518,Saudi Arabia,Andriod,0
U_09987,2026-06-30 12:36:39.099909,Saudi Arabia,Andriod,0
U_09988,2026-06-30 13:29:13.015301,Saudi Arabia,Andriod,0
U_09989,2026-06-30 14:21:46.930693,Saudi Arabia,iOS,0
U_09990,2026-06-30 15:14:20.846084,UAE,Web,0
U_09991,2026-06-30 16:06:54.761476,Saudi Arabia,Andriod,0
U_09992,2026-06-30 16:59:28.676867,Saudi Arabia,Andriod,0
U_09993,2026-06-30 17:52:02.592259,Saudi Arabia,iOS,0
U_09994,2026-06-30 18:44:36.507650,UAE,Andriod,0
U_09995,2026-06-30 19:37:10.423042,Saudi Arabia,Web,0
U_09996,2026-06-30 20:29:44.338433,UAE,Andriod,1
U_09997,2026-06-30 21:22:18.253825,Bahrain,iOS,0
U_09998,2026-06-30 22:14:52.169216,Qatar,iOS,0
U_09999,2026-06-30 23:07:26.084608,Saudi Arabia,Andriod,0
U_10000,2026-07-01 00:00:00.000000,Saudi Arabia,iOS,0
